"Path","Length","SHA256"
"connect-led.cmd","3328","DD5FE5BD53F7F4314F34A6F85C7FEACFE27652ADBDBDBA2A92F4A904A1FD7A03"
"start-music-sync.cmd","3969","E7283A62B40CDFF85B87B36C8F269DE36AFF96C970F058B697C76B8CE27CF533"
"start-openrgb.cmd","960","AFE2D813319A4C85AB5CE3A464668D2A242E171D551186FC417EB116EDF6A8A2"
"start-visualizer.cmd","409","7C3D2499618411199C356F48C5142FC1226E76DAB3A7817F2008F83691F01D0B"
"visualizer.py","4983","CE5A703D15F220F06606BFAF26539D3CC8390B44B954710A977F98B6546F942A"
"test-colors.py","784","4DB1A1BF33A89A55A48AF85FEDFCF2A41AF4BC575E18872D55D1C677E1808EBE"
"test-direct-ble.mjs","1204","A1826A27EDB0904AB9E53D109340BDD86A7B2141982F81ED0F514907AEE33295"
"Alice-Deejay---Megamix---YouTube.gif","1247274","0A671DB203D0837603E6714A7B932F0576A2EBCEDE21060472C7762DF69A18B2"
"Alice-Deejay---Megamix---YouTube.mp4","26609636","A932C8B94A1224AC2B5738A2ACBF84F9DE4DC0EE2F0475D568D063053869F9B1"
"connector-error.log","96","48E903FDA141E90A01AC005F76AE6973F6315CDC1192D81D391B730B83153FB0"
"connector-live.log","242912","3860D793AA935A99184C50589B8F85EF71E3B795AACEA4EE19F4535205C0883C"
"connector.pid","5","A77512227FAD3750C98A65D7E69CC2313E294EB0C6E66294AFE3226907179412"
"visualizer-error.log","0","E3B0C44298FC1C149AFBF4C8996FB92427AE41E4649B934CA495991B7852B855"
"visualizer-live.log","263398","14975A27661F78F97210A1675186173E044F5896024407F0FF7807C0D0CB805B"
"visualizer.pid","4","016562D2D357325C642F6A5961D7D242A47DD7DD30CCF0E59D578246488272AF"
"node_modules\.package-lock.json","77269","BC1C818DBACF3D43C53B1CB6DA91534F8EE0E257B28465069B938B8AE99B7B98"
"node_modules\.bin\color-support","389","3E35E9EC55D1A0B4D942BC1C87861B467859A741AB59F56A39577A06177AC73C"
"node_modules\.bin\color-support.cmd","325","138F09D905F882445B1E6701874569A2823F1D2E95C1982849F92749E3549E1E"
"node_modules\.bin\color-support.ps1","805","92CFC20BF8FF6A564A3570CB7A6888C261E51617C0BDDF8A7407CB78FBC844F4"
"node_modules\.bin\glob","391","130747A55FEBB9BE265DBA4F9089710E9C07BA271991F6B51CC368AB248E6480"
"node_modules\.bin\glob.cmd","326","DF2CCC1E8C6CA43BA5E5B7BCF3B98E1D6AF8AAB688A6BD089DDA07B916F0CA9F"
"node_modules\.bin\glob.ps1","809","76D0468F0C2A332CC900218FB3CD3DFFF4BA6E836B7CD0D682B298C92B965AEB"
"node_modules\.bin\mkdirp","383","147017D5C4A64D06818CC410BDD0FA4B974FC79C1C4F1045AFA94DA1DD35B39A"
"node_modules\.bin\mkdirp.cmd","322","373083E436D985BE1D1AD725DCABEF0F13E048AA1F519C34DA3E8AA4AD4FEEB9"
"node_modules\.bin\mkdirp.ps1","793","A6340C3DF00DB2324CF2EBD8F8CFBB46DFDBDDBA829E7AF251B9F6FD0A48B6CE"
"node_modules\.bin\node-gyp","397","1BA02E2FF6A8DC9F19115F13942396D0CF68C3D8940057F4A2308DD905D5FDEF"
"node_modules\.bin\node-gyp-build","391","B7B5EF45CBB31089DA3D9A4D1E3E622EB6ACB6EA9557CDC51F517FC067871493"
"node_modules\.bin\node-gyp-build-optional","401","8887DC5DF6EE7C38A177E659BEB59CB4BD2A2B5EF4AE46067EE6CE8E95CFF6BE"
"node_modules\.bin\node-gyp-build-optional.cmd","331","DA44B2C1CD136F824FE957B8DDE4642154D4710C7C7BB91582B20236E71BD729"
"node_modules\.bin\node-gyp-build-optional.ps1","829","77F7395B308FCC84E1F90D6CD5208F6429B9C5275A3B9F21DC6E6B4B2FF99972"
"node_modules\.bin\node-gyp-build-test","405","D12DB9F6C8663CB52C4793A6F711FF6D2005C2A692436BA191755DC12CEB16E5"
"node_modules\.bin\node-gyp-build-test.cmd","333","487054421665F094672BED7147E8C489D8FE2D7930C77CDD3FB5B65DB6C530E8"
"node_modules\.bin\node-gyp-build-test.ps1","837","1FDEC3F30B8525555D8EC2891DCCBE1DFDF12E348E995763F302DE101101B5B5"
"node_modules\.bin\node-gyp-build.cmd","326","4367AF8FBCAD881113E21424BDE8F77C46F7071EB79D60FF75E780B0847D6CD3"
"node_modules\.bin\node-gyp-build.ps1","809","8CC38ED22184E5B9EC9996EBD9AF7E4BDC0F88B848B1782B6ABD866A4D0DD64B"
"node_modules\.bin\node-gyp.cmd","329","FF1CA42859E299C83B03335053EEC349FAE668D4E022958AEB931E22B1854A63"
"node_modules\.bin\node-gyp.ps1","821","78D9FE7E2C419AEF5F787F1E9BDA0C4D3D411FDD7686D92363ED17A62C3AD1F5"
"node_modules\.bin\node-pre-gyp","423","DCD8D59EE21CF5E25CB6A6F7110D47DBB2DB6CE823FB7B8F8AAECE27A838B678"
"node_modules\.bin\node-pre-gyp.cmd","342","2099E211CCA9F4D4BCE715FE194814B04E5E1209C8FD4E936B1C5B267F6FAB97"
"node_modules\.bin\node-pre-gyp.ps1","873","58DBF95AAC4B84879212712DFB7815668570F3B3DB13E441C3A1BAEA749401E8"
"node_modules\.bin\node-which","385","00E26E0BB30A423AC72704DADA679718E3920D797D76AA80EF969DCE5E86CF75"
"node_modules\.bin\node-which.cmd","323","252FA09871C6CBB47EA291617300C71082535FE0CF511DB20CFFC4D2DF1F8EA5"
"node_modules\.bin\node-which.ps1","797","951B24A10604321639E1AC23D5C0F0B2D56C2D8DB7F50BE37EF1DC6963899277"
"node_modules\.bin\nopt","381","15FA23344F314E078F77DCBD572CDBE956AADE7A71EEAF8CBA188207F17154D0"
"node_modules\.bin\nopt.cmd","321","AA055CAAF19E1F3BFA5311C31B216B522298CE7BE1327E5F5D0F300B0D30A443"
"node_modules\.bin\nopt.ps1","789","08B2E0C384C9FEB9D17908FDAB0C583F5F3455884F0702A96EF7ED870B508EBA"
"node_modules\.bin\rimraf","375","DDBC9BC119ACCF11FD206B533176B6B8F0DEC3A0D5A5E85C8EAEB9FBE56E0B95"
"node_modules\.bin\rimraf.cmd","318","BB7927899FAD6F6E313CFA4DAB3EDAAF59A95FDFCE4D2134C2F29DBE11E4186B"
"node_modules\.bin\rimraf.ps1","777","514979CD146AD41D9017E98B4B633D08130C9DAD37B40654FED9A093DF5BCA04"
"node_modules\.bin\semver","389","77EF070B2790156C37DD77EFD5D0CF54FBFF85D9C1ADABC890948192CD2B2639"
"node_modules\.bin\semver.cmd","325","3FA2710C6522669C2253EDBD465CCF4C58D0D29E0EFF3337D7900CD4E5CEC7AC"
"node_modules\.bin\semver.ps1","805","1E1355D1AAF2A75275F9D884DBCD2F1C713D4ADA1782FE8370BC21DB6AEDBC31"
"node_modules\@abandonware\bluetooth-hci-socket\appveyor.yml","931","3F9EAC002996DF87C29421C0AE07292DF585F91D02F6FEFCA95707073C74060F"
"node_modules\@abandonware\bluetooth-hci-socket\binding.gyp","705","6B04DF65EF3FB08576D134EEB4B36B66FC18064382347C21D319C3EAAC4A6D35"
"node_modules\@abandonware\bluetooth-hci-socket\index.d.ts","1125","C3341E2CF2873BA1DC008E84573808E582F51354EC6A17A1BCA2B90F561F06DA"
"node_modules\@abandonware\bluetooth-hci-socket\index.js","365","50E97E5FE49A6028517A6761250DB7056402AEE1D7177DAD5FF4B0F9C9D905F5"
"node_modules\@abandonware\bluetooth-hci-socket\LICENSE","1082","634555ACCD93D0602C9F5035B0A2D01CAEF13CCC6FE87C61DBCBB91FAB0F48C2"
"node_modules\@abandonware\bluetooth-hci-socket\package-lock.json","126933","9A63B76F19B0535D14AE4F4C9AD0F9B9E0D435CFF79E198B34B7B9A1FDAF07BB"
"node_modules\@abandonware\bluetooth-hci-socket\package.json","1447","CD69766F96DC63DC168FAF21743E5C43F8A4C74E6FED7DB00F48793430B7B3E6"
"node_modules\@abandonware\bluetooth-hci-socket\README.md","5925","149249A436C9F8BE2255A0EB9C7E489EC6436B49FAB81DA19196CA54AFDFEBFB"
"node_modules\@abandonware\bluetooth-hci-socket\test.js","208","226BD90565AF8974F98152D0C06A11D66BFA4684E6505635A85F54E27559A9F5"
"node_modules\@abandonware\bluetooth-hci-socket\.github\FUNDING.yml","76","327FF7AFA53B45FF0AD15C4EB5A967AD4C16B6EC923781A049C482B3FC982026"
"node_modules\@abandonware\bluetooth-hci-socket\.github\workflows\fediverse-action.yml","409","50AC7E0D0DCE13C4DA29D35B2A773BAE9E146DC4C093534A10833CBD3FAC5F9D"
"node_modules\@abandonware\bluetooth-hci-socket\.github\workflows\node.js.yml","778","12FB5A35EA29B34771D0455A561D799BD70AD03D5BC85BC282E04DEBEFFBF767"
"node_modules\@abandonware\bluetooth-hci-socket\.github\workflows\nodepackage.yml","1083","62F613BD7589BB9BF6EBE882BC197DCFB880E3B5D895FE050816C41579A46294"
"node_modules\@abandonware\bluetooth-hci-socket\.github\workflows\npm-publish.yml","854","4D13070B317DCE99D38B56E396BC431BB30B6B3FF3106815C43474664E591459"
"node_modules\@abandonware\bluetooth-hci-socket\examples\le-advertisement-test.js","6886","F74BA1F9E071E351404E4B1A9B82AD468B6C60EEECA8AD8C175BDA8918057BB3"
"node_modules\@abandonware\bluetooth-hci-socket\examples\le-connection-test.js","5780","1ACE81149A861DB547330D1B91971653867D7EFD0BC5B585886B5FCC95D2484A"
"node_modules\@abandonware\bluetooth-hci-socket\examples\le-scan-test.js","3801","C6A2504C1948A15189AE5E02795A141C3DDB01311290628227671D12A3A231E6"
"node_modules\@abandonware\bluetooth-hci-socket\examples\list-devices-test.js","434","E8D5E1F63F7451C8703C7E562FA321D6F49063EACFC4FC2E365ACB986610B60A"
"node_modules\@abandonware\bluetooth-hci-socket\examples\mgmt-test.js","2030","8C8FF3920892951D556A6668A27BF24E95365F6565F99CC3DDED7D4CB79C061B"
"node_modules\@abandonware\bluetooth-hci-socket\lib\native.js","815","D8657A98712E8127522710B2100D8C28B23D1165DFE8A470C120FCE1382E9560"
"node_modules\@abandonware\bluetooth-hci-socket\lib\unsupported.js","152","933069EA7DCE103ED5C999EE901569C737B43CB2E9558BA50DDAF069C0D2D4E8"
"node_modules\@abandonware\bluetooth-hci-socket\lib\usb.js","8722","869A4F4D197D4E313D6EFDE001A4DAD02D70696E7EF719A241747A8FAFC4AA19"
"node_modules\@abandonware\bluetooth-hci-socket\src\BluetoothHciSocket.cpp","22523","73DA48C125AF86C2E88A98776E51541133F8D363F37BCD10B39E81A94E3413A4"
"node_modules\@abandonware\bluetooth-hci-socket\src\BluetoothHciSocket.h","2848","3B48C804FBBB32BCE63DEE56A1E792EF983F604780CF9A0A4EF951E184F540DD"
"node_modules\@abandonware\noble\.editorconfig","213","5B3C264315C329852485E4D88358423F08B993C1EFAACAD980FE4C068AD28332"
"node_modules\@abandonware\noble\.eslintrc.js","406","4684B49C415214B6A149DC10817A7B7046114404F8381CF753C0F0F7FAE8DECF"
"node_modules\@abandonware\noble\.nycrc.json","115","C67214A155723A0DA6796E18F9F7B8171429B81F84E7BB3DA4E5C48B3BCF03F4"
"node_modules\@abandonware\noble\binding.gyp","338","3B09C2922B302639FD42BE12DA89479C671E6F6C65270BB76B43C886F80F7C53"
"node_modules\@abandonware\noble\CHANGELOG.md","6288","B564468B99BB9C0B08D7B2C0D1CD82A797D131CD058C2D907C3565AFA8E73D68"
"node_modules\@abandonware\noble\codecov.yml","67","826B20C22396D602DEC8DC641AA490154EDA07822A02DA959AA2E32199358899"
"node_modules\@abandonware\noble\index.d.ts","10466","4A52693341C1EC5A07E1FA57376891AD94411B5DCCBDC03C19038AEB94B5E114"
"node_modules\@abandonware\noble\index.js","53","C3F3927AE8BF51EB79190C4A067D5F2AA64E3879FE51957A323DC87FE71E0D7B"
"node_modules\@abandonware\noble\LICENSE","1081","9CA914431F724A584B45B49F6D88200A7DEC7CAC72B1383BFED5104FCE470B8F"
"node_modules\@abandonware\noble\MAINTAINERS.md","75","F624BFDE556B2965E397F90D53ACF5FC8E80615E5D1981A040425D069ED628F3"
"node_modules\@abandonware\noble\package-lock.json","527425","6FEDAA744F766C632E3E63F01F709F7AA76D5CA7B8E1C6B26E552CA7CEFE65E8"
"node_modules\@abandonware\noble\package.json","2316","4F48A4160E9633E45AC63F6EAECF79028BC77A4FA863F113C5CECF8537755966"
"node_modules\@abandonware\noble\README.md","32036","26356EA5B7298A25B7A778C289D4FDC7AC918B015C1FF003A170863C2B0BAF37"
"node_modules\@abandonware\noble\test.custom.js","3662","038300D68B6C867B3D7592E5531B90036780DCC3E2B4C17CDA7469B643EBEE5A"
"node_modules\@abandonware\noble\test.js","3628","4BD505AB60543223668C985BD39F2DC4569DB605A97BB0AEADE0246BEF5A3631"
"node_modules\@abandonware\noble\with-bindings.js","111","07B423433351ED27F67E9C1A8E94605CFB5A505BD4F97BF94042D4EC578F66D1"
"node_modules\@abandonware\noble\with-custom-binding.js","175","D7261C37E48A61330139CB2CC780BD6085A4F02047E5B83D4833CE1265837182"
"node_modules\@abandonware\noble\ws-slave.js","10769","3BEE7E477F0B585ECC7ED9422FC3A11443DF650602525A61A7DD61F66F557D70"
"node_modules\@abandonware\noble\.github\FUNDING.yml","76","327FF7AFA53B45FF0AD15C4EB5A967AD4C16B6EC923781A049C482B3FC982026"
"node_modules\@abandonware\noble\.github\workflows\fediverse-action.yml","533","2C496AAAFC50F83D68DEBB54E8F5E95202D5B19C5505193AACEC2AF5E2A05E8F"
"node_modules\@abandonware\noble\.github\workflows\nodepackage.yml","1836","A621E334FEBBFA0CEEE79B3C7AD4A97DB5DCA4877490C6CA21BDE48459AB0CD2"
"node_modules\@abandonware\noble\.github\workflows\npm-publish.yml","983","14BDB355DE9E60CE59DFDF467FE90D5E5E236D51D1B83E010508B0BB1274FD69"
"node_modules\@abandonware\noble\.github\workflows\prebuild.yml","1792","FD414540FC453E12DBE34CD277E867840308AA60D5F1B077F215BF367CEDD6C3"
"node_modules\@abandonware\noble\assets\noble-logo.png","8567","E7CFB701DF99DB0266244B206AFFD6B907F383447BBA66787EB5D9875DC18247"
"node_modules\@abandonware\noble\assets\noble-logo.svg","8531","AD414E10BBCDFD3DDE4CF1563822C887501DC80E7B5AA0677157228270FEF08C"
"node_modules\@abandonware\noble\examples\advertisement-discovery.js","1943","7D36B3009A21BCC4FC1980410B5DC27E8E36B88A628FD733997931E420B323DA"
"node_modules\@abandonware\noble\examples\cache-gatt-discovery.js","6204","A9ECD9439BAF287030F6AFB1368622F04305F82D6D6ED89181477C709D7058FA"
"node_modules\@abandonware\noble\examples\cache-gatt-reconnect.js","5291","0F084A6533DF4139B908C230663E573127DD1AABD17C05478D629F226D1CC799"
"node_modules\@abandonware\noble\examples\echo.js","2802","41A627F417162DDCEF1C7E82E82B03995444C3D2C80DCF93C0878D2EF949D311"
"node_modules\@abandonware\noble\examples\enter-exit.js","1766","B8B38FA34E13190A429C8DE4D6655F801906B8A06E07BFAA179FB97099FEB1D9"
"node_modules\@abandonware\noble\examples\ext-advertisement-discovery.js","1977","C2D0492DBF824AF75B9AEDFEE7014AF3B83B4409C1E34149B632CD6A5F3C0B30"
"node_modules\@abandonware\noble\examples\peripheral-explorer-async.js","3409","129B777FF8A007163B52D2869282666D127F8AD4CD963FFF178A7E13DBA2A782"
"node_modules\@abandonware\noble\examples\peripheral-explorer.js","6638","8A70DB8067D2B6F4E81C48C5A9CBFB9A19C2D61BEA711C805F4811A1AAA1A099"
"node_modules\@abandonware\noble\examples\pizza\central.js","5956","9F557F29F2105E12C1FFFA245BCC0D06CC5EDC29BD24CF8D0630CAD05FBDADDF"
"node_modules\@abandonware\noble\examples\pizza\pizza.js","1396","B84AFDCF3029B09E3DA5A6AFAAC904A111F5B702AAA5E9D5C857F1D892970FE3"
"node_modules\@abandonware\noble\examples\pizza\README.md","828","8B21CFB6E190BDFCD365B4AA7FA9F9FD89B820156C8A3DFE201DEFD2BA0FE1FB"
"node_modules\@abandonware\noble\lib\characteristic.js","3782","D5824697B94C5A19A99B4DB1EF6A003FB4C7A81ABDDDE045739EFBC769DA6D5D"
"node_modules\@abandonware\noble\lib\characteristics.json","20064","BA7BAFC370FBF54614A5AAC4069B57D5FCED1BF1AA80608A0D1046B3334F0542"
"node_modules\@abandonware\noble\lib\descriptor.js","1602","AFF32F514CF54FEDA9B3165929745539857E90CFA1C51FA0C73BAE9E683A94F0"
"node_modules\@abandonware\noble\lib\descriptors.json","2185","9E1C2DFC7D228EDA9E337C1EF1E4BE452A926E0B12F4B4766057F889BEA4BC66"
"node_modules\@abandonware\noble\lib\noble.js","19941","21CDBE9DEAE8E3AC2128F45A7FB429F6C8AB564854F8FAD9A23B6ECDE44C94FB"
"node_modules\@abandonware\noble\lib\peripheral.js","5626","2CF4B58A36673E1C8101586EF66A9629A979CB8C753C610979206BC2232520A5"
"node_modules\@abandonware\noble\lib\resolve-bindings-web.js","259","8D2C5D963742D6C8EC66A054F6048848A606CA302B27C648308C5A4711504F99"
"node_modules\@abandonware\noble\lib\resolve-bindings.js","1145","A3602DF313E94F364965BFA0C0FD7D574D5950DD8289754BF37383A491D93B91"
"node_modules\@abandonware\noble\lib\service.js","1870","7ADEA3CCAAB730EBE577CBA8A99A6A2FE4720F944345B9F683284118ECDA3B46"
"node_modules\@abandonware\noble\lib\services.json","3758","C8F7854397EFEEE646E97A2FF630A748B57001091A9B54DB5E84B3DCD51D2961"
"node_modules\@abandonware\noble\lib\distributed\bindings.js","9260","A7C38A2A0E0DDCA5E36CF9C7011366CB11AF093ECB3CBC9DAE17FE6E9735434F"
"node_modules\@abandonware\noble\lib\hci-socket\acl-stream.js","1663","197263DDE51489FC5613E5675939269107655780E6EBE3BE88D5EDCEC6BA7B1F"
"node_modules\@abandonware\noble\lib\hci-socket\bindings.js","19942","AEAAA78E7A8F6F6105A14DECB2625F7C129A4616E8EE462F01E98FF693720C16"
"node_modules\@abandonware\noble\lib\hci-socket\crypto.js","1142","B3316C389F225CE06028AD9BB01E374E2CBA30D0B0BEBD2378CAB143346D4C22"
"node_modules\@abandonware\noble\lib\hci-socket\gap.js","12259","B2D89612E283F58114F0321A08FBFE636734E7AD91B4E66CB2D18A6608E7BF5D"
"node_modules\@abandonware\noble\lib\hci-socket\gatt.js","26337","4EDBADB551456C3ABCF4A870134B6BB5B27B83B783871E38DE501DC36B48681C"
"node_modules\@abandonware\noble\lib\hci-socket\hci-status.json","2366","8E2F40869D3973570A969D9DBE36F1DA4A5524D6177BED1510D1A874274D3E60"
"node_modules\@abandonware\noble\lib\hci-socket\hci.js","36697","085F65FDF11F29BD551647DBA19DBB410A29484B190C282543448FD17AE0EDF5"
"node_modules\@abandonware\noble\lib\hci-socket\signaling.js","2420","6293299E17898E9101ACED9B6E636E93EF88020EB34DC061552DBACD7B6A9EF1"
"node_modules\@abandonware\noble\lib\hci-socket\smp.js","3836","47B217AE98EEA90B956510B182F1A495AB67EDA0B10C42EB89D378826F8D2391"
"node_modules\@abandonware\noble\lib\mac\binding.gyp","943","6542C4E43FA12677A7641075CEAE455A299F8C4C58FD85D9D50C259F52DA3C10"
"node_modules\@abandonware\noble\lib\mac\bindings.js","305","8BFEBF5044EF141F9219E619BD3E4630F26950CD065F44092D09D656A2F64ECC"
"node_modules\@abandonware\noble\lib\mac\src\ble_manager.h","2162","078045900267084F66C170D6DB1CAA41D65DDC8756F71FD0D3B6AD993CBB049C"
"node_modules\@abandonware\noble\lib\mac\src\ble_manager.mm","19149","57AF44F3CEAC372A79B365FF2C999E8CD49BA6E4A83DEB80BA15CD38E6664CEC"
"node_modules\@abandonware\noble\lib\mac\src\callbacks.cc","10401","ABB11E6E975519D9614721434EDD675C4FAEAF5890085EB00273C55FA01B2235"
"node_modules\@abandonware\noble\lib\mac\src\callbacks.h","3916","5BAAE9A6DDC72448E6BCDA20F97BFEE764608364E63ABEEE7CAACA4172C9BCF6"
"node_modules\@abandonware\noble\lib\mac\src\napi_objc.h","353","B8F9BD1A96B4263E17FF1B1E372D68F0A9B5A25B16B13BEB245EFDEF42A840B5"
"node_modules\@abandonware\noble\lib\mac\src\napi_objc.mm","1449","515044D7B35397683561418EDFA26636084B47C01058C919748F1A6620C68FEB"
"node_modules\@abandonware\noble\lib\mac\src\noble_mac.h","1291","67C612E058B7BAD39D5C5F077A329BA5A35354BC1B4B8DD8967597675EFD0760"
"node_modules\@abandonware\noble\lib\mac\src\noble_mac.mm","10405","9B40627F27F595291B885551717623F0BA5F117F61E033E9BF99DA100E0AC916"
"node_modules\@abandonware\noble\lib\mac\src\objc_cpp.h","922","2DDB38955D286B4C78E0E08C799BED079273D3EF6F584A9FD61AD5C7820BC8D2"
"node_modules\@abandonware\noble\lib\mac\src\objc_cpp.mm","4783","B6B09FDDB5303F5BF9269F05E72C506A02C2913E07BEC28603AF43406A4F1D5D"
"node_modules\@abandonware\noble\lib\mac\src\peripheral.h","562","0F1F05D9D5D53D80048FE0BC6EE9A7C414BA3D0AE5F956161E64E177FF2408FE"
"node_modules\@abandonware\noble\lib\webbluetooth\bindings.js","12882","78185CB2F5E59D264A1F46A46F0B638E3FE3F5B87E403330D019779B7621F143"
"node_modules\@abandonware\noble\lib\websocket\bindings.js","9043","EA2923A791BA35BB00051981DA91E8F2CF39E423E5256F73FFFCA3B0DAD757F9"
"node_modules\@abandonware\noble\lib\win\binding.gyp","982","1E2A509070CC5E5D0123E30CDFF3B639354C9EF31086046179B6522B15C47E4A"
"node_modules\@abandonware\noble\lib\win\bindings.js","311","989878BB19BA5FB6BAF74E9549394E0488D12C34A46D6A739734EE863D13E989"
"node_modules\@abandonware\noble\lib\win\src\ble_manager.cc","27934","7D92D7F104AA8C9C23E4BCFE3E38A05BEED07EC2DF7D4578EAF1F019280E5977"
"node_modules\@abandonware\noble\lib\win\src\ble_manager.h","5190","4CED9F657C1547704E5D23A47066AFCA58B966314BB3FEACF34828E6F2E4E3B8"
"node_modules\@abandonware\noble\lib\win\src\callbacks.cc","10794","FCCC2142DD26E2B2BFD32815AE25DF61DE332372430D11986EFBAEF68266769A"
"node_modules\@abandonware\noble\lib\win\src\callbacks.h","2086","8DA4CE0AC67ADA9F63F0DE7155EBBDAA2E858B96A0CF56C7D0FE9F13C4D0B7B2"
"node_modules\@abandonware\noble\lib\win\src\napi_winrt.cc","1723","B566B8A18DB90899114F4A2C3F08C2D320C2877091EE83CEC69E7C98AD121A1C"
"node_modules\@abandonware\noble\lib\win\src\napi_winrt.h","334","1DD0E0CA08D48ADB96EB6BE2DE195778DEFDD8FCF960000632D73D6DF48F96F1"
"node_modules\@abandonware\noble\lib\win\src\noble_winrt.cc","11769","0915ED390F1ADF6E7DEB0E845F6749CD5443F676648C5FAA92C788A35977DB64"
"node_modules\@abandonware\noble\lib\win\src\noble_winrt.h","1300","E0139A2C30D4C8FC574DCD2BEFC2B9B650A9FEF222D3C79C966FE61DE7A81ADF"
"node_modules\@abandonware\noble\lib\win\src\notify_map.cc","1482","CE485FDAC2254E9A2BB93AE76C8F0E199FDD61249FE074ADEEF16E8D4490543A"
"node_modules\@abandonware\noble\lib\win\src\notify_map.h","1252","E3110DA57F4BE29CFCA96180E830E89A050D70FD63A265B7A742E9E562518D5D"
"node_modules\@abandonware\noble\lib\win\src\peripheral_winrt.cc","11042","DBEA911ECA56EF1C7E6893B2D20748EFF32F422C840860F507A11B5EAB8012B8"
"node_modules\@abandonware\noble\lib\win\src\peripheral_winrt.h","2931","DC936C6DD1CC26885810ADF8AACE6971B475D8DC4DCE354513346388D5EC567B"
"node_modules\@abandonware\noble\lib\win\src\peripheral.h","419","17D0E4D8C717CA97F75D59168494E5E7278613324C48C675D1C58BEC87AFF453"
"node_modules\@abandonware\noble\lib\win\src\radio_watcher.cc","3685","2F5B645F397E45D1019B3CDC669DA6CDAA7BAF76A9A884912EAEDB9A7871BB29"
"node_modules\@abandonware\noble\lib\win\src\radio_watcher.h","1764","42405049D3EB2B171568250EA08C1DD49983EDE0BE4F0B496CD29DF8450B6110"
"node_modules\@abandonware\noble\lib\win\src\winrt_cpp.cc","3108","9928EB68139998781246CF0417A8F8D52455C6C39F486D0EE18BC01F596FA18B"
"node_modules\@abandonware\noble\lib\win\src\winrt_cpp.h","485","BBA5A3823FD0B1F08A82F0ED03402E947481E79C6D9F95260AA62A331FC32A32"
"node_modules\@abandonware\noble\lib\win\src\winrt_guid.cc","252","6724143431C8551583B2459620131C3852BC1F3D6F9430D4E75719DCC4A73E44"
"node_modules\@abandonware\noble\lib\win\src\winrt_guid.h","198","E6A8841DAAAF4AE4A43C02A9754074F5F1A350086A2B6471F5EED0B5C8687DB3"
"node_modules\@abandonware\noble\test\mocha.setup.js","0","E3B0C44298FC1C149AFBF4C8996FB92427AE41E4649B934CA495991B7852B855"
"node_modules\@abandonware\noble\test\noble.test.js","47707","B7C31C7A648599AF75B5528B0635A38ACCD1F0039C73CBB1882DA258E634BDE8"
"node_modules\@abandonware\noble\test\lib\characteristic.test.js","19258","38C3F2001173F690CE4B9C6A7907EEEB6B26396A3D605E81969E8D7ADD584902"
"node_modules\@abandonware\noble\test\lib\descriptor.test.js","5975","356A0AFE3FE5A261F04CFAEDBEFFFF26C31F6114018510E5B3AED5B54A27E55D"
"node_modules\@abandonware\noble\test\lib\peripheral.test.js","20097","5B8D2868290C77B3CBD3B7B2DEAEB727A8BF1B079F2A038A0D7AEEE621AFC167"
"node_modules\@abandonware\noble\test\lib\resolve-bindings.test.js","2401","A9E07CDD93348AAA9DEA58B459BAB0E1C692D214F8A51E0619C206751DAADD2E"
"node_modules\@abandonware\noble\test\lib\service.test.js","6482","166D176A7BD1CDE975528FD8236F76EA71B23A0D847410C14679A6A9311484AB"
"node_modules\@abandonware\noble\test\lib\distributed\bindings.test.js","27198","F1BAE075957BEE42B0972CD47557652DE7BF99AA0252DEAA4665F7F41765EB1B"
"node_modules\@abandonware\noble\test\lib\hci-socket\acl-stream.test.js","6228","F0AA397E170C5D733E9725982474363DA67F3CEECCB6BEA5F279A646F19ABF80"
"node_modules\@abandonware\noble\test\lib\hci-socket\bindings.test.js","54057","7E694F3EAE2C68804600EC75467AEC63DB8DE0B3BC6244C00AB1786C05B55AD7"
"node_modules\@abandonware\noble\test\lib\hci-socket\crypto.test.js","1903","26B98D59FEA416DA30C7EA1215FE2DBBC2B5CEDBB16542467E56412BFDB26838"
"node_modules\@abandonware\noble\test\lib\hci-socket\gap.test.js","33719","C5582F5272AE647E8C186AF320224B39C0169F53B1E66A6D9B946ABB1CD9C211"
"node_modules\@abandonware\noble\test\lib\hci-socket\gatt.test.js","73970","FD730A5D78569D3776134A97278D4B8AD37A3D715408E97DD70A44FA361FB598"
"node_modules\@abandonware\noble\test\lib\hci-socket\hci.test.js","66023","9D8BDCF3174E91C8342E5076B7BD5C172CCD3AE20FA839C16EE81F60AD959E9F"
"node_modules\@abandonware\noble\test\lib\hci-socket\signaling.test.js","3021","9345BBF6AE66B59519A1FC977A5ED77CB821C2572ACF72CA48716C5C8A8A5988"
"node_modules\@abandonware\noble\test\lib\hci-socket\smp.test.js","9060","4F29C8DB6A1263DCD6A2266399DCB9FB256852CE2B754052BA0084C11F888EDD"
"node_modules\@abandonware\noble\test\lib\webbluetooth\bindings.test.js","5711","64AE118037513B8DA13A2F5F8350DB9727FFC698C71C061E4B5CC585A669F064"
"node_modules\@abandonware\noble\test\lib\websocket\bindings.test.js","15831","F3783CF60396930CB4F89B3C508C36613B100A3DDEB45DE74AFFA8B058E1FB0D"
"node_modules\@bjclopes\homebridge-ledstrip-bledom\Device.js","8315","CE993D07D4E1B093F97F227642FFE50E57BADBFA5DBD4B4B704AA29443139152"
"node_modules\@bjclopes\homebridge-ledstrip-bledom\index.js","2659","233C2585B671EECEC77E7307A881F30AD363FCF5DCAF19FC98E522431C40EE0D"
"node_modules\@bjclopes\homebridge-ledstrip-bledom\package.json","854","4BEFECF02DAE6723D5641775B057FA76B0713653AF23FAD8D3843A9F22BCB3A1"
"node_modules\@bjclopes\homebridge-ledstrip-bledom\README.md","1400","B4105D8EDD9AAEF2B321C2E91D3CB25B86D7686D809C723666411A4FB730751A"
"node_modules\@isaacs\cliui\index.mjs","299","B75D22297E1BD8992F86218F1749435D05921D2D765697E46A43F680B2EDC859"
"node_modules\@isaacs\cliui\LICENSE.txt","731","2DC0465729366C3A7890DFA9E972A1BA7048A26C02116FB8B419A6A1AC110149"
"node_modules\@isaacs\cliui\package.json","2164","B4F9CC8D09602A487DEA1C227CE24777CDA87E2AD8A29AB9F741214AB78DC065"
"node_modules\@isaacs\cliui\README.md","3055","7091E97547A7309BD604458CB765580700268BD389C7F2E6422D46A782D095E1"
"node_modules\@isaacs\cliui\build\index.cjs","10398","820AA357A7F6A022BFC3AC6AC19D1681921D0421CAE898D5096423C0FB3B8607"
"node_modules\@isaacs\cliui\build\index.d.cts","1050","385FCEBA2F49EE3F91CD436D3F84B389375E1E8F86906B23F47DF2E1B9C2B17B"
"node_modules\@isaacs\cliui\build\lib\index.js","10100","E67B3446F47D4A672339C99BEA9E987979DA9FC70F421701814CB9D52BA176BA"
"node_modules\@mapbox\node-pre-gyp\CHANGELOG.md","16723","0525302180D1331B378D9AF4067EC2083FD58B3DB58AD341D7BF6F872026B5B3"
"node_modules\@mapbox\node-pre-gyp\contributing.md","288","EF825E69ACF0164BE6830970534C60E91ABD15AFBA75676F3778FED1211EAA98"
"node_modules\@mapbox\node-pre-gyp\LICENSE","1501","5E3B2B8138F20DBF2E7558D81B8BCAD48D0F45B731EB276FA4DE21B94F4447BD"
"node_modules\@mapbox\node-pre-gyp\package.json","1626","6A9547B2D2DEDCDB612BA2F4E706CED6219E5AACA9FED57D8C8DEDC62BCE24C3"
"node_modules\@mapbox\node-pre-gyp\README.md","36019","BEFD573D9A2539ABA03A3E4172FEB3D7F545DF170739E218602289182F20E291"
"node_modules\@mapbox\node-pre-gyp\.github\workflows\codeql.yml","2785","1794B06BA57858D4AF8B1AB36AA15A3C1DB9CFA5E37DF1BC89E2472038C9EE07"
"node_modules\@mapbox\node-pre-gyp\bin\node-pre-gyp","59","A33B7DCABD82CF54E932CDC439510D4BBBAD841BC8204CC6536FAEF9F537EFF5"
"node_modules\@mapbox\node-pre-gyp\bin\node-pre-gyp.cmd","40","674572FB4B9A5697BAEDD47384C06AB13BE6995652BE590783A2967D135F1B8E"
"node_modules\@mapbox\node-pre-gyp\lib\build.js","1736","92CEAA8A2E8194B328777D7AAFF1BE483EFACC61D4CC2957FB26E566C5BE9F77"
"node_modules\@mapbox\node-pre-gyp\lib\clean.js","1135","1CA85C8F8CB83C26A0AA3B8CF53CEECD462EBDCDA3A3A15A046D46F08EE11C70"
"node_modules\@mapbox\node-pre-gyp\lib\configure.js","1879","7F00F81EE1038AA6AD6AE4C88E4EF9F18CB3B0D46C97A67405ABE0C98248C74A"
"node_modules\@mapbox\node-pre-gyp\lib\info.js","1217","375694FDD6E96BAB5972A1AB3B3621F2982D2E585B634AB6A4580D20C99E1909"
"node_modules\@mapbox\node-pre-gyp\lib\install.js","7891","746054228A47EB0B8CDAA1FEAC1B1BBDE26F3B591A809D88C2213A19B70792DC"
"node_modules\@mapbox\node-pre-gyp\lib\main.js","3187","E60FCA1C7778356EBF5A0F369325CD03915E847D58CF399FBB8F148D61F95F15"
"node_modules\@mapbox\node-pre-gyp\lib\node-pre-gyp.js","8844","CBE370C0F1D6E08A01525369288EB5C08E0FAFB8067232B445D024D5C54EABB5"
"node_modules\@mapbox\node-pre-gyp\lib\package.js","2308","2BBA2BE22C574D84DE2A0677F69CDEEAACC38D53EB1619E8E51D98A668362B23"
"node_modules\@mapbox\node-pre-gyp\lib\pre-binding.js","1178","383B56EF9AF25F98208672CF71E0829A1EC833C203D6A46EFD2EB93FF4372EBD"
"node_modules\@mapbox\node-pre-gyp\lib\publish.js","3165","5F0230681B9BC5D4FE8208E3971FE8D6979AA345C536B0951DA7E9B21235FA3C"
"node_modules\@mapbox\node-pre-gyp\lib\rebuild.js","517","278BDDB9C354F51922C48751D063B372F6190E1B793A1C0303FA18A896B56740"
"node_modules\@mapbox\node-pre-gyp\lib\reinstall.js","565","7EC11BF9FD1EF911F572009B130ABCBAFFFF96556D79C5452C12704AA30B13E0"
"node_modules\@mapbox\node-pre-gyp\lib\reveal.js","1020","DE02F2E84C0B646A14E3D6E2BDC11916449E318806CE70C924590E36BCB49EE7"
"node_modules\@mapbox\node-pre-gyp\lib\testbinary.js","2903","AF2AEAD47F32D1E4C6454C0D5AC80DE8B401C0C73EE7D2E5F6059313477F5CDD"
"node_modules\@mapbox\node-pre-gyp\lib\testpackage.js","1571","E86A437EFC298C308CCB5873C4F87C42C63E8095CCA6F674640F011FCDE8C6A0"
"node_modules\@mapbox\node-pre-gyp\lib\unpublish.js","1455","C73F57B2DBF3FF448E7C1D0B1B3C1240F9F0A117B38A623DA9786E6F973D50FA"
"node_modules\@mapbox\node-pre-gyp\lib\util\abi_crosswalk.json","35785","0750C19F9C244A02A173CD73CA1026AB7377ACA7C716BE3F288A64AA755F77B0"
"node_modules\@mapbox\node-pre-gyp\lib\util\compile.js","2779","0F6075AC028A646C2134BCFA6845B7524B6F3DCDD568EE60A3D27D69BC45C38F"
"node_modules\@mapbox\node-pre-gyp\lib\util\handle_gyp_opts.js","3447","9EEA95397EE0F3C3DEA8EF74754F519753FEDA2F4A4A1123D75DD2B6A34F3E15"
"node_modules\@mapbox\node-pre-gyp\lib\util\napi.js","8098","6EC596A5DD9DDAD0CD72C19185F3A302EDF1BA01D4E882851287AD7713F2CF7C"
"node_modules\@mapbox\node-pre-gyp\lib\util\s3_setup.js","4581","F1EDFFAF36F1CB8228B7F9D988F8695DBA478C8B72B5502CF8C7FFB2E27A6483"
"node_modules\@mapbox\node-pre-gyp\lib\util\versioning.js","14514","DE4F805E002EE0F748DAFC268821FB631A42820847FB24D491684002FA8608DF"
"node_modules\@mapbox\node-pre-gyp\lib\util\nw-pre-gyp\index.html","542","6592E3287756949923F881CA7A61270448221146EF1FB5D26DB4C50D9AFF4977"
"node_modules\@mapbox\node-pre-gyp\lib\util\nw-pre-gyp\package.json","160","49144A24C7D686CA276850E6FFDD97147148C10ACF3FE94317C96AA07DE6A6ED"
"node_modules\@npmcli\agent\package.json","1502","D2168040CE23751CB50582F0AC2BEE9F5003DC07115BA8576B4A14C6F256CBE6"
"node_modules\@npmcli\agent\README.md","1958","838746C5F90E2560312EC35C4A83928027D94FE5BCDF8A80451EB9D73ED95EBE"
"node_modules\@npmcli\agent\lib\agents.js","5930","1CF43EA63FA71A1A992A15E335FFEC4AE3029711D933F382521F828F63AADB71"
"node_modules\@npmcli\agent\lib\dns.js","1250","58A0ABCFB7AB16ECE73A1FEA304B8CB4539F650C4F2726E2D5980C285A96351B"
"node_modules\@npmcli\agent\lib\errors.js","1394","F4EE0F8A8AC25830BE4A902246059D260E5254BA9E2E766EEF84972EEB66926D"
"node_modules\@npmcli\agent\lib\index.js","1257","8D7B321C0EB45D3DDACC78B48448B2ED02AD79284F931D73F4BD0A67D0F5A4DD"
"node_modules\@npmcli\agent\lib\options.js","2437","C475022B830424DBDF75987670549F32BC08C43C224731FD20CDC4F747F56901"
"node_modules\@npmcli\agent\lib\proxy.js","2011","192A78A72232F67D0CBD46FE8F9DBD994F98C197CB345570C312AAAC12831111"
"node_modules\@npmcli\agent\node_modules\agent-base\LICENSE","1101","8D8C55319C7729D57BE811C747452636688D54F19701EE0752B6B15AD3771D9A"
"node_modules\@npmcli\agent\node_modules\agent-base\package.json","1059","7A08CB2FE1D2B788E0A7BF6A9B7597DBEEEAE804698C2FBD15DE786D284D327C"
"node_modules\@npmcli\agent\node_modules\agent-base\README.md","2459","DC8148B1D0BBB80F812F1D8C00700E9242A010E7463AEE2DA415476A45F37A9E"
"node_modules\@npmcli\agent\node_modules\agent-base\dist\helpers.d.ts","624","D159A1BF12AED961258ABCB9BC26CEAA615DB573662BE64F7E9CE136DB1FB265"
"node_modules\@npmcli\agent\node_modules\agent-base\dist\helpers.d.ts.map","585","314CCEBF6DBF85FF055681FDC0291008AFA38036F665C857578B2E47E17AD165"
"node_modules\@npmcli\agent\node_modules\agent-base\dist\helpers.js","2314","6043C5C1BB76491992F6C56F65895E2E9167AE10122FEF4D58D6638EBAC4BA05"
"node_modules\@npmcli\agent\node_modules\agent-base\dist\helpers.js.map","1401","232164F309B02945F8F49B1F0F6D04F546DE10B6D5D0151F140892F4550A55C9"
"node_modules\@npmcli\agent\node_modules\agent-base\dist\index.d.ts","1519","86CC3EFFC64D89018E0615A7026F9298C17D162CDE9BCE65B9C4B5B2AEBDB40A"
"node_modules\@npmcli\agent\node_modules\agent-base\dist\index.d.ts.map","1430","9CD18CDD433A41BD7B2151461DB479F59F7823EE46A7EE123A3464981147A29C"
"node_modules\@npmcli\agent\node_modules\agent-base\dist\index.js","7324","C6503BD5E007DB8B73FEDF07B6EAAF4A94D5541953F0D06C8A17D1644C29A0C5"
"node_modules\@npmcli\agent\node_modules\agent-base\dist\index.js.map","4146","3BA2C1244801B32C7DFC0A71D50B2316A2D178C666287B5C43887539354AEBCB"
"node_modules\@npmcli\agent\node_modules\https-proxy-agent\LICENSE","1101","8D8C55319C7729D57BE811C747452636688D54F19701EE0752B6B15AD3771D9A"
"node_modules\@npmcli\agent\node_modules\https-proxy-agent\package.json","1223","B08C1977D38F14F4BE7FB5BE33AAB545E3E5A6E2E12100733A6AD97DEC995206"
"node_modules\@npmcli\agent\node_modules\https-proxy-agent\README.md","2172","462697A398C1BBBFD771BF58829ABA65A1C620B072749A76A6AB1C25F62E9EDC"
"node_modules\@npmcli\agent\node_modules\https-proxy-agent\dist\index.d.ts","2004","00E87B6148EAB98378CB1DAF51383BE23A0C9AD59F5ED4AFDB859212773115D4"
"node_modules\@npmcli\agent\node_modules\https-proxy-agent\dist\index.d.ts.map","1393","78DF96E77C748B4B4A5A00826F8F8541B488BD6FF1D087DFB2E0C8F729322BA4"
"node_modules\@npmcli\agent\node_modules\https-proxy-agent\dist\index.js","7451","30165586FAC3BECBC9DBF2B7B5BDAA802A77AC34AF9926208F6E94A3BD87EF31"
"node_modules\@npmcli\agent\node_modules\https-proxy-agent\dist\index.js.map","4591","8C0C9B0F8B34966E0E8AD5158BBA82A8A54901713516AB0CA77C9DD54F645C82"
"node_modules\@npmcli\agent\node_modules\https-proxy-agent\dist\parse-proxy-response.d.ts","469","44E22BCE546CB7D17DC205A8374D80D7C64E42883B87EF63621BAE7485F26CA7"
"node_modules\@npmcli\agent\node_modules\https-proxy-agent\dist\parse-proxy-response.d.ts.map","448","1267B18F3C8F2DC5306010DA3D4124DEBA040F8118E92B04E791765A8B581DB5"
"node_modules\@npmcli\agent\node_modules\https-proxy-agent\dist\parse-proxy-response.js","3908","36A30EBCD66060FA8E3ABA8295854757AFBD60F2643D8992814727F249C5EBA0"
"node_modules\@npmcli\agent\node_modules\https-proxy-agent\dist\parse-proxy-response.js.map","2946","05DA2A26A5ECCA3C3F3E40B849467E096D747A5A317CFB1B9AA625AD29200747"
"node_modules\@npmcli\fs\LICENSE.md","798","27D998B503B18CDB16C49E93DA04069A99BA8A1D7E18D67146DE8E242F9A6D21"
"node_modules\@npmcli\fs\package.json","1187","34EE08C2C72DF77369DB2CB7D7E5A601F74886A97655C8DF3B63E1A0D3F87EFD"
"node_modules\@npmcli\fs\README.md","2557","C380F9F64D3BE42BDA0858B52117646ADA8CB347A045DFA4E3D29C7CC91F317C"
"node_modules\@npmcli\fs\lib\index.js","268","54747B38CB1F467BC5E50F1AF7388159186BFE594D85C68BB43F3DEB8325D2C3"
"node_modules\@npmcli\fs\lib\move-file.js","2281","0684A070ABD953942292192E65A81BC79D404A478AE7DE17BC61827CB464D5E2"
"node_modules\@npmcli\fs\lib\readdir-scoped.js","431","5AEB27AD14FCAF82C879DF66B79068D670C9E10E91E0483D0B72FDC87C00658C"
"node_modules\@npmcli\fs\lib\with-temp-dir.js","900","866D28B80E53A2A09985C23D99DBAC867487DBD5DFDC8CF3DF5C844C6BEAFBF8"
"node_modules\@npmcli\fs\lib\common\get-options.js","528","9EFFC9EB07753C26041C78A42338687C9DBC3A2FE7580256277D1E6F9B6CE4E1"
"node_modules\@npmcli\fs\lib\common\node.js","181","3682E75CCD114A154EC490DB83CB92E4E81A7001F98551305CE8E1F78CEF3CBD"
"node_modules\@npmcli\fs\lib\cp\errors.js","3396","A7D09952191CDE9205664FF85CD97EDF0B765AC0903105039C6C735249269861"
"node_modules\@npmcli\fs\lib\cp\index.js","695","F92557B351461096D1E9E9DC5446E0D7241CC26FCA08B4627A1B00246D54FC73"
"node_modules\@npmcli\fs\lib\cp\LICENSE","1084","1E76029602AE9B21CC4E612DB2496D92FEBED882BA13BA745F8B3309E85F9D39"
"node_modules\@npmcli\fs\lib\cp\polyfill.js","12241","39F6E60D75218EB0B26DFBAA10B805778EE633502A6D1156D92CDB6C6E78BF37"
"node_modules\@pkgjs\parseargs\.editorconfig","299","2EE10BCAD50E60042E97AEA2D25A65488872AD2C1E329C70D7908AFCB2BD7650"
"node_modules\@pkgjs\parseargs\CHANGELOG.md","6968","4320BFB069385C62AA85DCEB212EF0E8337D86F5D0A7AF0006F7CD3DB99FBD20"
"node_modules\@pkgjs\parseargs\index.js","12936","916086CC95F92A5466B66DE57FEA8E6494B16EADC9096137BB63C41EA71E64AE"
"node_modules\@pkgjs\parseargs\LICENSE","11357","C71D239DF91726FC519C6EB72D318EC65820627232B2F796219E87DCF35D0AB4"
"node_modules\@pkgjs\parseargs\package.json","881","C52AF8CEA1EFC18FC306336D6ADE5A1D8D9CCD8916A5D2246BC585A92635901E"
"node_modules\@pkgjs\parseargs\README.md","13642","66801F82BCF05A14562BE9D0AAEB11CC581D6D22F5E1847A4DA1E4DE82EF63FD"
"node_modules\@pkgjs\parseargs\utils.js","6251","27348A8FD6ADA65AF0931FEFC752849818EB8048B3667E719EE79E575DCA70E9"
"node_modules\@pkgjs\parseargs\examples\is-default-value.js","765","7554AC15FC2145520D15AB0832B45671204B377AD23C0C8BBCC86D481CA9537F"
"node_modules\@pkgjs\parseargs\examples\limit-long-syntax.js","1071","92D07FCFE098EC3E8545DDC388871C54F167933CE34B3F25F1F3525C027C5C29"
"node_modules\@pkgjs\parseargs\examples\negate.js","1314","C0A19806FABD2322A5E59C32ACBF1B533730C7C63B6F2FA91ED234AC26ACDB1D"
"node_modules\@pkgjs\parseargs\examples\no-repeated-options.js","897","FEAF66321EAE697F69998C24569EA713025571E9B59A9944A889002EB5183A66"
"node_modules\@pkgjs\parseargs\examples\ordered-options.mjs","1396","D7F8752ECD0A19749479E01CC5DB812F04ACA212897625331758084F6D43EB57"
"node_modules\@pkgjs\parseargs\examples\simple-hard-coded.js","540","6F67E0FACA3925B7E024AE4787195E86F94D3A4E55541972D53188445BC289F3"
"node_modules\@pkgjs\parseargs\internal\errors.js","1431","C6126BF159B366D692EBB61E54AD6741A9AD86EB5AB656DD5B72A7447CBE1D91"
"node_modules\@pkgjs\parseargs\internal\primordials.js","11947","DD709222C125FC927A4D312CFAE3C42415571BBEB5541FE325C83386209E6D3C"
"node_modules\@pkgjs\parseargs\internal\util.js","235","E62FEAD3FE9031877F4294ADE32C692BDB01BC2BAF58215F1E872BC86D3E4E83"
"node_modules\@pkgjs\parseargs\internal\validators.js","2243","D23C3CE849DC90AB15A615F75F883FC8B8C997B64EE2FDAC457F88E55E0E23E7"
"node_modules\@types\w3c-web-usb\index.d.ts","6141","6A61980C96CE7BCEA2941692A81056855C8D67AEEE691E075CE106631E46AF91"
"node_modules\@types\w3c-web-usb\LICENSE","1141","C2CFCCB812FE482101A8F04597DFC5A9991A6B2748266C47AC91B6A5AAE15383"
"node_modules\@types\w3c-web-usb\package.json","1140","A2E98EA80C011695575E2E5547A21CBB071FE8A91551BC89FA73C41464506478"
"node_modules\@types\w3c-web-usb\README.md","561","F56D10D7F63AF19EF180BC805CBC9EFA57674A6CA4EB9EA5DA5C76F9491A31E0"
"node_modules\abbrev\abbrev.js","1763","77E68ED8BB552A11A5ECE29800E0AFE34BCC098D14A1B88DD44273F68BE43943"
"node_modules\abbrev\LICENSE","2011","9E0D5C7989F7E9F07D7C4B158ACEFF270F235EB7464ACE41C5E7B200834A43E0"
"node_modules\abbrev\package.json","509","5BCBDFF71C063D5177F25FD3A5C7A6C2A9D565D968765EE3A1E73449DC0BC671"
"node_modules\abbrev\README.md","499","2581765D44E15C58A2B88AD7BC9CC5C9EE029B4B5013C06DC45D9E94E8CB2BA4"
"node_modules\agent-base\package.json","1635","05DAA619E51686FD21D15F987F943F6692C56B9F489F555CBAF42A4263D5C5E8"
"node_modules\agent-base\README.md","5056","F1425C3B72330FE4FB2AA5A2FB152E939BDF534692A32B5F0B38F74147B98556"
"node_modules\agent-base\dist\src\index.d.ts","3197","27DDDBE3A7E8F45BC30547499461C74851580B74556570A4D7DAA90BA90E2AF0"
"node_modules\agent-base\dist\src\index.js","7910","13B6D658B492796461358E19FE1DE30665AB2EFB04C726B82530352CD364D4AC"
"node_modules\agent-base\dist\src\index.js.map","5824","9E206A009216BA513D06C1E3E7E34A2A9CFB96B576C40E26645B4732E4420C85"
"node_modules\agent-base\dist\src\promisify.d.ts","299","B0EC793E363FC425CEBA310C8F93D54F90B95E6E3F9E73DCB245B284719D179E"
"node_modules\agent-base\dist\src\promisify.js","495","7DB1E28AC19B38BE8CF3EDECAC66C7084BB00B65F6755A83309BCF10564B5771"
"node_modules\agent-base\dist\src\promisify.js.map","499","7954E5478A28182DFA3D4A21F33FF687C6D725B0A2B8EED04633EA57EEFBA6D9"
"node_modules\agent-base\src\index.ts","9018","63B9C52366354393361BBBD40158A3051D39A6E2DB4CE564418E01E4ECD1BC64"
"node_modules\agent-base\src\promisify.ts","649","B199581471074102EC7B2C89DBBFF48249B3C9C9F9261D9FE32A110D76F7A526"
"node_modules\aggregate-error\index.d.ts","1818","328A1FA274148774E073ECA994D92974DFACE2C68B37BD7CD594A1E551A2A8B7"
"node_modules\aggregate-error\index.js","1252","84C72B3601FCCEBD43285959F9085AD3E4AF0D5683613DD125CE8E56B7AA8185"
"node_modules\aggregate-error\license","1109","48DA2F39E100D4085767E94966B43F4FA95FF6A0698FBA57ED460914E35F94A0"
"node_modules\aggregate-error\package.json","694","903137F787B80F82CDD11659B386966FA716BE537E81FE9D474EF04EA0918F26"
"node_modules\aggregate-error\readme.md","1817","4BDFC86359F3298EA9241A083AABA60295D41D3A9BF8C89EF1ADEB9D1F7B9EFE"
"node_modules\ansi-regex\index.d.ts","689","5945276E86AEB3F247C3C19F586F2A7C30EF04F0A53C161C853080157186EDB5"
"node_modules\ansi-regex\index.js","590","705EA426FAC3C94D1290359E7D5A9D5DC53762C6DDEE16F4852BA6ACA47442CC"
"node_modules\ansi-regex\license","1117","5C932D88256B4AB958F64A856FA48E8BD1F55BC1D96B8149C65689E0C61789D3"
"node_modules\ansi-regex\package.json","1035","A58F1D6DBACA116F4AAA83906A0A992DA2303A07CA920B2CE877573988EAE352"
"node_modules\ansi-regex\readme.md","2434","58E5913E1FCA8C33A0976482C3BC93BA431A2F99EAADDF04147463ED03AD0E19"
"node_modules\ansi-styles\index.d.ts","5186","49EDDBD0F3D5FD1E20EB5C60DEBE696B6285FDAA31DE846A2FC2B63E5C025A17"
"node_modules\ansi-styles\index.js","5256","92EFDC3E5203D02D1710FF60DEA3965066F97A77C0FEAAA919B2693C989B7EC1"
"node_modules\ansi-styles\license","1117","5C932D88256B4AB958F64A856FA48E8BD1F55BC1D96B8149C65689E0C61789D3"
"node_modules\ansi-styles\package.json","1021","0CF1F46CEEE4B380298DB6E6A54F14D345ABE09ABD5F650CBC20C8AC2AB27744"
"node_modules\ansi-styles\readme.md","4908","B11B59C367B4F2BC9A9A047D7CC6F200A01E41B16B18EC9C2EB80496A2DBBAE6"
"node_modules\aproba\index.js","3648","2A4EBEAB21854B41D48C85EB7C118DC9F25ED83FE67AC9A53C7FEFC37AA0AA83"
"node_modules\aproba\LICENSE","752","0CEF05DFFF8B6AA7F35596984F5709F0D17C2582924A751EFA471A76DE7CDC11"
"node_modules\aproba\package.json","740","101AF34140DF8CC001408D7EFFF7F6A87967228755CAA846276AB6E72DFE0E7A"
"node_modules\aproba\README.md","2743","91E012B91670C56796138B7372C6B9E046176A717A776117E960DC6A9FCB5763"
"node_modules\are-we-there-yet\LICENSE.md","717","7F75BB21103E77B7ACFCF88A6AD0286741A18B5D13C4326160346E8CF7E356AD"
"node_modules\are-we-there-yet\package.json","1272","16290BBE9D25F186EC0B3ACAEC808DCF14DCCB5752E96C09B58BB4EE9BCEB4D6"
"node_modules\are-we-there-yet\README.md","6596","C73ACBDD6D8FC445B43556804134DFE316692B77F24713A866E40FC9DAC4391F"
"node_modules\are-we-there-yet\lib\index.js","163","7A427679A9B245F02D66BB09AEAA5337BDFF29375D05F3F34E7133B61001BB69"
"node_modules\are-we-there-yet\lib\tracker-base.js","274","733F287BDE0281DAA16A3EE8E006266C37D7AA81A5750C2E2379535FEA265977"
"node_modules\are-we-there-yet\lib\tracker-group.js","3281","D2DCCBB7A16D164BDB8AE188E3AB55CF17BBB2E5D5796538DC4FFA2509848253"
"node_modules\are-we-there-yet\lib\tracker-stream.js","963","E550B2D2EE5720B7B140A73B625D1CEF6550152B1EDBD7264488C3BD54611B6F"
"node_modules\are-we-there-yet\lib\tracker.js","836","74999377A441331AEAA61A1B3565B38DAA66DB786EF96F51F1C9BDE8EE523AD3"
"node_modules\balanced-match\index.js","1219","06E4D0037715251CB3BE2B2DB063662F555B3538D9E30A9C517A54374D941CBC"
"node_modules\balanced-match\LICENSE.md","1096","A1BD5DEADB6A06DD74EFA852C1B8B23F63B67F2214FBE9C8BD591DA51DA69268"
"node_modules\balanced-match\package.json","1069","B30C328501DEAD1870B894AD604405B2284B571C1F12664CDC61D92A2E3397C2"
"node_modules\balanced-match\README.md","3502","428832D502FB64FC3A5C1B58E55D7AAE4CCEB97418F6E3813B2A923E4905B07E"
"node_modules\balanced-match\.github\FUNDING.yml","53","DDA068232E4C62C70475945B843A5E1158CB6F1DD0CF64262DB6B9E5A14B74CC"
"node_modules\bluetooth-hci-socket\.npmignore","519","A590CB64A168950E9000C19360DDABEB9D80CEE6E992BF1D2EC8954B26FA1E14"
"node_modules\bluetooth-hci-socket\binding.gyp","307","E76D18B83D603582E26EDACDB63EF4160235F26752FFBB4DA8E4B147E061C0AE"
"node_modules\bluetooth-hci-socket\index.js","333","76D0058D06CA8FFA5792EFD081402537996E76EAC5D90265604DCEF95ADF5247"
"node_modules\bluetooth-hci-socket\LICENSE","1082","634555ACCD93D0602C9F5035B0A2D01CAEF13CCC6FE87C61DBCBB91FAB0F48C2"
"node_modules\bluetooth-hci-socket\package.json","862","35AD1496B9EB34E22B033BCFE3CC9014C0F66FF1B2D5E7AFC45DCB6AC0220A48"
"node_modules\bluetooth-hci-socket\README.md","3797","3D22206ECE039BEC147BCAD0A82C60F5A271324CFD8B5198513DBF4AE990BECA"
"node_modules\bluetooth-hci-socket\examples\le-advertisement-test.js","6873","7D2715B490C1053E8AC53DD29D4A4C5805E37E86927BB1B6B9F26C269A2319FE"
"node_modules\bluetooth-hci-socket\examples\le-connection-test.js","5770","B8486D3E5E5E29905C15A9B53D830B53BE9898EBF68976B42240552125137655"
"node_modules\bluetooth-hci-socket\examples\le-scan-test.js","3795","F6D82B75D00ED3C265FBFCD91613DA00C7A43FD30C40C1FB00E7979FF222F3AB"
"node_modules\bluetooth-hci-socket\examples\mgmt-test.js","2028","F5F350E4D627451102D803A854CCFFE9F988BC7643107527DD281E13AD96F27A"
"node_modules\bluetooth-hci-socket\lib\native.js","378","859E519E600C667C402F8E16A465E73B6823FA738C97EF3FA50B15DE9C90C256"
"node_modules\bluetooth-hci-socket\lib\usb.js","5879","075239119663D74373372A898913C0C0EA5B72AB94CE4D56290637C12EAA046D"
"node_modules\bluetooth-hci-socket\node_modules\debug\.coveralls.yml","46","64E6B64F19837A76C30865579AABDDE1A825729AE0204BA73BA6DE77296CE18E"
"node_modules\bluetooth-hci-socket\node_modules\debug\.eslintrc","180","7B7D5A5736DDDAE0E7CF1C06CDF41DDD9F98E73DB8F57A18FE4C9BD0F52F9AA3"
"node_modules\bluetooth-hci-socket\node_modules\debug\.npmignore","72","F4580152A6F48954B44CB2A0A002FA500467663DB5A6DC8E796B52533DC04EC1"
"node_modules\bluetooth-hci-socket\node_modules\debug\.travis.yml","140","839E44EE0A96A3E302DC6472800B51822982B77D08F19200AB2CC70534781FD8"
"node_modules\bluetooth-hci-socket\node_modules\debug\CHANGELOG.md","11707","D8C1B0717964E189010B13521379C3B970EECC889CB8B788AC21D8DD85247165"
"node_modules\bluetooth-hci-socket\node_modules\debug\component.json","321","2E5AB9AE90F41699E00D00FCA16765024F437300A0568C2208669CC281BA7656"
"node_modules\bluetooth-hci-socket\node_modules\debug\karma.conf.js","1736","2430869ADB61A5E24A3612110A9B49A948E6DB43AB7E947C003A9C19C478E609"
"node_modules\bluetooth-hci-socket\node_modules\debug\LICENSE","1107","98C970DE440DCFC77471610AEC2377C9D9B0DB2B3BE6D1ADD524A586E1D7F422"
"node_modules\bluetooth-hci-socket\node_modules\debug\Makefile","1059","F6466507E02C62F14E477AF08E4A13EC883152B54D87FEEFFB8F0D6DE6E9013B"
"node_modules\bluetooth-hci-socket\node_modules\debug\node.js","40","996B381F353555CB172EBB2802BB2A7323442FF67B7B530CC26834058D7F31A2"
"node_modules\bluetooth-hci-socket\node_modules\debug\package.json","1138","6C3D2C892DB282317913CE7C340DD2EDCCD326BCAFD18B644B8738144967D6EE"
"node_modules\bluetooth-hci-socket\node_modules\debug\README.md","17918","CDA3DBD285A2B65894758565A565E7BC2E7C3696225AF7B5BD01454240DF0AEA"
"node_modules\bluetooth-hci-socket\node_modules\debug\src\browser.js","4734","0144AB6A52B9330C567DE11A5C3A4AEA35CDAC47A4C106482AA24AE8054CDC6F"
"node_modules\bluetooth-hci-socket\node_modules\debug\src\debug.js","4394","D8D1C1D6C387AB67C3F28D78FD0B20B9BECD69442DB9D3EFE110CA464B509C8A"
"node_modules\bluetooth-hci-socket\node_modules\debug\src\index.js","263","9A34FEDEB2D269C46ED94E6F13039EB0D16D866DD460EC66FA3ACD78122FA9FE"
"node_modules\bluetooth-hci-socket\node_modules\debug\src\inspector-log.js","373","949AE67EC1B655694F83DCE57D47D9D77234F9E7D698616932A90E69C7AFEE91"
"node_modules\bluetooth-hci-socket\node_modules\debug\src\node.js","6015","A3E83594A4CE88997E2E4FC66BC942B17B9D736290AD62560C7F09D6D0989AD0"
"node_modules\bluetooth-hci-socket\node_modules\ms\index.js","2764","4BD92209CB9DACF3E3773E725ACB7AAEC43EA9E78540324E4D0F73E5CE9ADEF7"
"node_modules\bluetooth-hci-socket\node_modules\ms\license.md","1077","6652830C2607C722B66F1B57DE15877AB8FC5DCA406CC5B335AFEB365D0F32C1"
"node_modules\bluetooth-hci-socket\node_modules\ms\package.json","704","30FBFAA3840B2F63978AD4BCD7ED8DC24D277B818E4755FE93EDA8CB1BC8B74C"
"node_modules\bluetooth-hci-socket\node_modules\ms\readme.md","1721","C9AC67FF103C01871B0FF09E2F094631991908C1FD0DC08BDB53287E5A760AE5"
"node_modules\bluetooth-hci-socket\node_modules\node-addon-api\common.gypi","762","F15742E3019096B85EF3E8985E2FE66C4DDA722908577E113A1B0264893ECCA8"
"node_modules\bluetooth-hci-socket\node_modules\node-addon-api\except.gypi","560","DDBC09F5B66FE24DD898FBE659085A6FF72E9575025004FC3762271DBA781E8B"
"node_modules\bluetooth-hci-socket\node_modules\node-addon-api\index.js","296","6528E924B31E091C3243132FE713EA0F1FA6362FFAA3C2DD09D12670DB6B60DC"
"node_modules\bluetooth-hci-socket\node_modules\node-addon-api\LICENSE.md","1245","4FCF69BBECB999EC8FA0ECE62BC8934B7CDD45061AC1A8B1939A09BE64CD4352"
"node_modules\bluetooth-hci-socket\node_modules\node-addon-api\napi-inl.deprecated.h","7251","96AFB169FD8AF899DDCADC102EA137E3CD253C13B8862CB11BD58601FE2A5F90"
"node_modules\bluetooth-hci-socket\node_modules\node-addon-api\napi-inl.h","204456","141FEE09A5439DE973314B4DDB783A09E74A097F7DDFC5E3B994764A182E3795"
"node_modules\bluetooth-hci-socket\node_modules\node-addon-api\napi.h","121041","38ECE42F702D0226ECD63C8B9F0A13E71368D55944994BD2954DC142EFDDE669"
"node_modules\bluetooth-hci-socket\node_modules\node-addon-api\node_api.gyp","132","3CD2C44FB0974F016376B676D46BBEBBCA7C89D4383B09ECE30E4CB4122A1499"
"node_modules\bluetooth-hci-socket\node_modules\node-addon-api\noexcept.gypi","639","494060B87197C489497A038504147C435B1D09306152048ADD42BA0D7D16E747"
"node_modules\bluetooth-hci-socket\node_modules\node-addon-api\nothing.c","0","E3B0C44298FC1C149AFBF4C8996FB92427AE41E4649B934CA495991B7852B855"
"node_modules\bluetooth-hci-socket\node_modules\node-addon-api\package-support.json","467","B1CB7DA23CCA1681C7392A3C889EB0CC4916C53D2D7692D4B654AE751F3442F3"
"node_modules\bluetooth-hci-socket\node_modules\node-addon-api\package.json","8972","B47CCB2B24BF38CB49C7624BADD448B2364EB8DE7C92CE168F6BC89EBABCB2FB"
"node_modules\bluetooth-hci-socket\node_modules\node-addon-api\README.md","12881","13BE3E52775410F5D4AEC19A41F9F97382A82200A71AA911361B877109F26E6B"
"node_modules\bluetooth-hci-socket\node_modules\node-addon-api\tools\check-napi.js","3210","F3264FD3F9DD9BC3E051CDCF72125D34617B2B06B914C49F1E1297E53CFD524B"
"node_modules\bluetooth-hci-socket\node_modules\node-addon-api\tools\clang-format.js","1892","F332F9209E5329776E63B4B48A53EFBE95403E47ECEA8C32DBCF937F3938D90A"
"node_modules\bluetooth-hci-socket\node_modules\node-addon-api\tools\conversion.js","15275","DF2F681BDB4A1DAC5FAF7FA70A60DACE4DD12CE0B9964EFFCEE56A43F693FC6C"
"node_modules\bluetooth-hci-socket\node_modules\node-addon-api\tools\eslint-format.js","1746","CB0D2625BBEE44502B5C170386D00C7BC07D0E0AE4E995524D2D00B025A369E2"
"node_modules\bluetooth-hci-socket\node_modules\node-addon-api\tools\README.md","3217","65E9EA918538F453166B10A1D609CF44CEC3D2D01F23FECB5265FB3A4BF303D5"
"node_modules\bluetooth-hci-socket\node_modules\usb\.gitmodules","80","9954A9F58AE74C12E2EDD3843E8053C65EE82C33B9626C6BB33AD2A60BCD8724"
"node_modules\bluetooth-hci-socket\node_modules\usb\binding.gyp","2565","1027018D3058DB0A8B9C646F1E8EB4E372D6014C52E17901DF5A4B24C395D6DC"
"node_modules\bluetooth-hci-socket\node_modules\usb\CHANGELOG.md","3428","7C8EC2057B059C4DC954977A61BCF5993A3571928D0781B9213491CA9FA9BE16"
"node_modules\bluetooth-hci-socket\node_modules\usb\libusb.gypi","4288","4C1D3D1288AD3648E76BDE815CA5A465276C98C85FD8905F996A04B4E99CBAEE"
"node_modules\bluetooth-hci-socket\node_modules\usb\LICENSE","1061","9BC0713C266489E7691CEB08CC173D1D99B794E3A2684FF1D82FACB05D129D24"
"node_modules\bluetooth-hci-socket\node_modules\usb\package.json","2260","1AEA80138B96C30736702415462743703D889B852C35EABC88E2984EA113CB79"
"node_modules\bluetooth-hci-socket\node_modules\usb\README.md","10335","B1374BD8B7851F26D3B41507BD95EC9B6707BDFBE27E938A0317C4009583E715"
"node_modules\bluetooth-hci-socket\node_modules\usb\usb.js","14329","188CDAD4DE51F1058E0DE87482479583129E498919149533C88E64D6683916F8"
"node_modules\bluetooth-hci-socket\node_modules\usb\libusb\.gitattributes","307","B6BA840E6E7C7F491AE0DF599ABAB1E04A4A19223B3E738A43C3680E55F00C03"
"node_modules\bluetooth-hci-socket\node_modules\usb\libusb\.travis.yml","1188","E74C653A70106EA3BE61F8C41555510F7CF50709E2EF11869FAFBB625363DA89"
"node_modules\bluetooth-hci-socket\node_modules\usb\libusb\appveyor_cygwin.bat","519","5646B6FB7F89A55D0901E7D63E74C217BD9CFD9C052C168CCCAD47294B10AA93"
"node_modules\bluetooth-hci-socket\node_modules\usb\libusb\appveyor_minGW.bat","988","28771D903C70C66EC9CD106BDCB151E8911357DE0D49F94EB5554D28FBC412DD"
"node_modules\bluetooth-hci-socket\node_modules\usb\libusb\appveyor.yml","962","1BF85A24F02F82F465163D9819B29DCBD59C683D1C9D4A11EB7F5C83E9C47B3F"
"node_modules\bluetooth-hci-socket\node_modules\usb\libusb\AUTHORS","2253","AB533269DB00F49653EBD38561091E3F7A7F3D1F67397D8DE0B244C56DCF4AD9"
"node_modules\bluetooth-hci-socket\node_modules\usb\libusb\autogen.sh","140","C83ACBBFE58CF7925BBA6BC9548BC7706ABC345814B1ED9CD352788741E93F1E"
"node_modules\bluetooth-hci-socket\node_modules\usb\libusb\bootstrap.sh","76","E7CB41E1D96A830CCB893B9B0D5A3D13C35A008187D9332837339189CE6EF446"
"node_modules\bluetooth-hci-socket\node_modules\usb\libusb\Brewfile","57","B981D2A3F78B7B4511A11C46BFB476949885571B6DBAEEC78F6E6B2CE470F02C"
"node_modules\bluetooth-hci-socket\node_modules\usb\libusb\ChangeLog","12018","739CBC3BC89FF3286F1F6834D9D965FB17939C532D3B01EF85A37AFBBE9844A1"
"node_modules\bluetooth-hci-socket\node_modules\usb\libusb\configure.ac","10362","D70D8EDA6248B5AC2A0CAD1D0DCE529316E86B61D5E2F8B4286393214849FD7A"
"node_modules\bluetooth-hci-socket\node_modules\usb\libusb\COPYING","26436","5DF07007198989C622F5D41DE8D703E7BEF3D0E79D62E24332EE739A452AF62A"
"node_modules\bluetooth-hci-socket\node_modules\usb\libusb\INSTALL_WIN.txt","3006","CE051E92D89F341913E16BEAFE0F9CCF8093063352FB33CCFF80610B88861260"
"node_modules\bluetooth-hci-socket\node_modules\usb\libusb\libusb-1.0.pc.in","312","57D8B0CB3A642E2BBCECBC26BD555F864EB1D9390C01D0CB355D4FA5D2B2C4AB"
"node_modules\bluetooth-hci-socket\node_modules\usb\libusb\Makefile.am","672","5CEA0D44D7641A197D973378B5BD410859A4F60C2BC0CD82B217930B557423CB"
"node_modules\bluetooth-hci-socket\node_modules\usb\libusb\NEWS","95","3D5DA07E7BCABD0CC5104CFDAA1F6D4B23F2360B53AECBDF26F8336100E614EC"
"node_modules\bluetooth-hci-socket\node_modules\usb\libusb\PORTING","3847","8694A98E162C91968B6CF454DC82E9B1BF258624F015D514363738FFDFE8BDEE"
"node_modules\bluetooth-hci-socket\node_modules\usb\libusb\README.git","1854","523DCB941C747B2C70F1CF530D8B6E56D1035E03FEFFE0662568A8FB205DA206"
"node_modules\bluetooth-hci-socket\node_modules\usb\libusb\README.md","1328","90E538680256E503CB6E28C2437C2CBDF1466F9F7CC237FE66DF93C5FE3A47CD"
"node_modules\bluetooth-hci-socket\node_modules\usb\libusb\TODO","126","8D18BFA63ECA7F544E8596406C089199E331FE3C0B8308EC68F5D8B7283D5CB4"
"node_modules\bluetooth-hci-socket\node_modules\usb\libusb\travis-autogen.sh","918","85EB9F41D1ECDD13EAF6757F25E7AD86197926A2C1B68B83118F56E62B017C5B"
"node_modules\bluetooth-hci-socket\node_modules\usb\libusb\.private\bd.cmd","2544","B2F4C3589BA2BCAA9E8B467376C746B69A953FA5C1AFEF76297AEB999691878E"
"node_modules\bluetooth-hci-socket\node_modules\usb\libusb\.private\bm.sh","1369","DD2D960E27D0D3ADC7D2EA9CD506351A2EDA57F9F490859CDB6E9C24E67FDCD0"
"node_modules\bluetooth-hci-socket\node_modules\usb\libusb\.private\bwince.cmd","2257","712D4FA735A2D691BDD7D62AAE9DF002943D776F25F1013AC868CC455D95FF4E"
"node_modules\bluetooth-hci-socket\node_modules\usb\libusb\.private\post-rewrite.sh","883","06DF78C40B028A2144F112ED4BB42BBBFC28B3D237B74410AD382AB0DDC07142"
"node_modules\bluetooth-hci-socket\node_modules\usb\libusb\.private\pre-commit.sh","1899","36BF239013163F018CC54B5516AA94FE06ABEED5A02905EFD8D858788D7C684D"
"node_modules\bluetooth-hci-socket\node_modules\usb\libusb\.private\README.txt","197","FF09CF918177509479792E32C68CF65168F530330C81DE2CF562AC99876EB878"
"node_modules\bluetooth-hci-socket\node_modules\usb\libusb\.private\wbs_wince.txt","2417","3F3C3B8DC13CDF97CA1879854B2352ED2E3317BE170900D5FA7BF01F0A984585"
"node_modules\bluetooth-hci-socket\node_modules\usb\libusb\.private\wbs.txt","3092","A4420EBAD57B1148DD2D6D995A29A1C3A4DC5A2FBC53004187DF6955BC5A974C"
"node_modules\bluetooth-hci-socket\node_modules\usb\libusb\android\config.h","2345","958D7DDFC97A48B096EF57C96264413D1FC7C8E390EDEEA67918E2202472E6BB"
"node_modules\bluetooth-hci-socket\node_modules\usb\libusb\android\README","3578","60C6A22AA306EC317CC9483ECAC6A44657EDC542F40A1668034561FBC5AEF3CC"
"node_modules\bluetooth-hci-socket\node_modules\usb\libusb\android\jni\Android.mk","973","027A1F046E0280A148EA3657DC0D669A1995F3D62549FFD722D1203A2AE25932"
"node_modules\bluetooth-hci-socket\node_modules\usb\libusb\android\jni\Application.mk","1010","491F9C5A1591FF4ABD7E3260D06EF63E51443515F8E9C0A1C9F2B5610335DE18"
"node_modules\bluetooth-hci-socket\node_modules\usb\libusb\android\jni\examples.mk","2612","E188992B19ACC5DF273C5E33D7D5DE1CE5BDFC0693C04DE4B787E6AB17242A75"
"node_modules\bluetooth-hci-socket\node_modules\usb\libusb\android\jni\libusb.mk","1703","274191701C1F0B6018DD70F7D7B68C31E4C9A1D2F2B69C42323BEA8BEAB32C88"
"node_modules\bluetooth-hci-socket\node_modules\usb\libusb\android\jni\tests.mk","1440","420DC96B187F7E03B2101633EFB14317D856D99EFD05002EDADD9DA09331A657"
"node_modules\bluetooth-hci-socket\node_modules\usb\libusb\doc\doxygen.cfg.in","101931","1975EC79190FD625CF0EFE365CB0EBF906B2B6B358DD06126D6B6F30C0550196"
"node_modules\bluetooth-hci-socket\node_modules\usb\libusb\doc\libusb.png","2923","3577FB526494F2E86024B34C90F3B0C87C4BE32FD0F5571BBADA06614A298DB8"
"node_modules\bluetooth-hci-socket\node_modules\usb\libusb\doc\Makefile.am","189","B2021DAF5AACBDEF08E9F37904BFCC74EA400B9545201410DEF2EFFA79A2A8CA"
"node_modules\bluetooth-hci-socket\node_modules\usb\libusb\examples\dpfp_threaded.c","11943","E061836D5F9AF34BA9BA5B94F892C1AD244866EF7EC131E994954DF705FCFA91"
"node_modules\bluetooth-hci-socket\node_modules\usb\libusb\examples\dpfp.c","10856","03A9FC5BB8A9E2CDFDA35A52E4C5F0E073112FBCFC8ECF7179C8F624C2D00BCE"
"node_modules\bluetooth-hci-socket\node_modules\usb\libusb\examples\ezusb.c","23716","3EA0D9EC8025904315664BA318CAFCEB44FFB39E9F6A922A5EE37C34477F9971"
"node_modules\bluetooth-hci-socket\node_modules\usb\libusb\examples\ezusb.h","4311","67922250C03436E4CD631C029EC7B0B3EAD94E25ADF7DC8FD32D4B4490A025FB"
"node_modules\bluetooth-hci-socket\node_modules\usb\libusb\examples\fxload.c","9352","E17B859C314EBA7D3E070E81C6AAB7B0FE9C69B7771CD47AF59A90F9EF68908F"
"node_modules\bluetooth-hci-socket\node_modules\usb\libusb\examples\hotplugtest.c","3447","593FEC2F5988033E1BD44F394EFA87DB35377D44FEB1FE2CFE6D7FEACFF23303"
"node_modules\bluetooth-hci-socket\node_modules\usb\libusb\examples\listdevs.c","1847","E8AB5F6703BB0D9ADCE16A99F6876307ECF0CEEBF272D137751B0647535F87F1"
"node_modules\bluetooth-hci-socket\node_modules\usb\libusb\examples\Makefile.am","443","1074FC857330D28B9505C80E21B90BFEBDDEB27AB084E4CE0D15613A92CB8E7C"
"node_modules\bluetooth-hci-socket\node_modules\usb\libusb\examples\sam3u_benchmark.c","5151","276A28EDB5169AB5662018BF01309B5363B92BF5943E81BB3875C0673EA92530"
"node_modules\bluetooth-hci-socket\node_modules\usb\libusb\examples\testlibusb.c","8643","C975CB2BC39686CC2AB65556C6A4367671827A51839A4728A09750A864E74B1A"
"node_modules\bluetooth-hci-socket\node_modules\usb\libusb\examples\xusb.c","38600","14AE0A8B9965BC4D8A151DA52D55B5E1CCA9146B5BBF7CD53341BD584986B597"
"node_modules\bluetooth-hci-socket\node_modules\usb\libusb\examples\getopt\getopt.c","30281","ECB1591433A44CDBBBC21F3380C819E9DB7A3A7E61DBBD26F20B685391BE5FD7"
"node_modules\bluetooth-hci-socket\node_modules\usb\libusb\examples\getopt\getopt.h","6447","1E15F8E70323D7DA5FC5D7F03416F9113D57694E4B93A0B77233ED72B6EE4AFF"
"node_modules\bluetooth-hci-socket\node_modules\usb\libusb\examples\getopt\getopt1.c","4520","92D1F8B2C63A5F590BE8A33F8A2657769E435F351F4AD6152333687EB0492D36"
"node_modules\bluetooth-hci-socket\node_modules\usb\libusb\libusb\core.c","93950","2C2F2027DDFCEB6630774A29CE3CB434022AD67D72D06387370E826F1E3A0B14"
"node_modules\bluetooth-hci-socket\node_modules\usb\libusb\libusb\descriptor.c","35848","6BE9E405A976246C1807BABF9F23065B95F423804CABB40CB8F9D1ADC94C5BE1"
"node_modules\bluetooth-hci-socket\node_modules\usb\libusb\libusb\hotplug.c","12303","F478C9C4C999B10F68AE7C25465CC8612E6424C82AD113CF51728C1291C3427B"
"node_modules\bluetooth-hci-socket\node_modules\usb\libusb\libusb\hotplug.h","3330","17C4281F3682F0D1BA0E9D8AB46B92F34E053D468431F9A7BE67515ACD8E8965"
"node_modules\bluetooth-hci-socket\node_modules\usb\libusb\libusb\io.c","109295","2DB6F2D307CE4AED9BF31DE232EFF8B40F0ABBAA30C8684CA7870EF26B9E4D73"
"node_modules\bluetooth-hci-socket\node_modules\usb\libusb\libusb\libusb-1.0.def","7609","271CF878CE5CD63907DA4E46371BCD56861841EBC997334EBB06B8A728AD6D02"
"node_modules\bluetooth-hci-socket\node_modules\usb\libusb\libusb\libusb-1.0.rc","1771","849896E150E7D0EBCC129310CE3A2E3E38ABC3EB550FE3348014693213D4E030"
"node_modules\bluetooth-hci-socket\node_modules\usb\libusb\libusb\libusb.h","73876","294654175619F252FD3419E4A647C71D276DE73B250FC4ED02E31F2CAB258BEC"
"node_modules\bluetooth-hci-socket\node_modules\usb\libusb\libusb\libusbi.h","43604","47F38E8A7EBFD34D1CAACEF2C5602A1A13B5EBD176589F4F98A27800706EB7A1"
"node_modules\bluetooth-hci-socket\node_modules\usb\libusb\libusb\Makefile.am","2714","6C9C7D92114C1EDD777929A270C496F223ACB32527F0543E68773FF14A0D0533"
"node_modules\bluetooth-hci-socket\node_modules\usb\libusb\libusb\strerror.c","8551","0E90EA80EE908196BAF270AD9CBE447C34DAF82D6D1EA3FC773E69D5898C61F6"
"node_modules\bluetooth-hci-socket\node_modules\usb\libusb\libusb\sync.c","12420","E224BC8D6E334121E6A51884CDBA614311F48C91C768AB5DAF5004B5A42F85D8"
"node_modules\bluetooth-hci-socket\node_modules\usb\libusb\libusb\version_nano.h","26","822054A1AC11D9C8A376964D644D1B43BEF31015D808E4B2C86A5CA2A25A6801"
"node_modules\bluetooth-hci-socket\node_modules\usb\libusb\libusb\version.h","431","952DD09B8456A8B0B5AA92010F1AAAEFD96B165B315EA36CD4773AE75AD7F1CB"
"node_modules\bluetooth-hci-socket\node_modules\usb\libusb\libusb\os\darwin_usb.c","84673","D1EA32059AC3085D6EB71DBDE0C2EFCADE31E4ACDF27666D5C9417D5676FE790"
"node_modules\bluetooth-hci-socket\node_modules\usb\libusb\libusb\os\darwin_usb.h","6745","B4E3E5AFA27A45BA1E4F534CC2F9E3C57879912854B86D15E7ABDA70CAA35850"
"node_modules\bluetooth-hci-socket\node_modules\usb\libusb\libusb\os\haiku_pollfs.cpp","7279","2500EB7AABB08E45FF530575941B6F29F10E45B74D437BC4C52C16D22E8CFAAD"
"node_modules\bluetooth-hci-socket\node_modules\usb\libusb\libusb\os\haiku_usb_backend.cpp","16105","313B231C7022D56B36C4431C6B5D06FB70E3E6B275A91F27B015312FE442716F"
"node_modules\bluetooth-hci-socket\node_modules\usb\libusb\libusb\os\haiku_usb_raw.cpp","7983","DDECB9E45FA57D312182A72C115694CAE95964EF59AB195F21C4768D88EA664A"
"node_modules\bluetooth-hci-socket\node_modules\usb\libusb\libusb\os\haiku_usb_raw.h","3892","32C14B81A85481A983C6954E7D7FDD2AC0A4C67A4AF23400B7AF16AFC5975AA3"
"node_modules\bluetooth-hci-socket\node_modules\usb\libusb\libusb\os\haiku_usb.h","3249","FE612B92A610A43F04757C6225B462C2FF9146F86F443EF0D177D4E3C470EAA4"
"node_modules\bluetooth-hci-socket\node_modules\usb\libusb\libusb\os\linux_netlink.c","10361","1A7273B21E8B0DB9207848DB1F532124277229D2FFCC5A34D4FC9B101CD15B81"
"node_modules\bluetooth-hci-socket\node_modules\usb\libusb\libusb\os\linux_udev.c","8483","F80808B1BD3E1FE8078150F30555B393DAA8D9B4A3A874B85BE384EB5CC68E92"
"node_modules\bluetooth-hci-socket\node_modules\usb\libusb\libusb\os\linux_usbfs.c","80755","98461A07C373AEC7FF9C2746A82634DF6AC7FE8A2104CC01B52CE04B6CBAF2FA"
"node_modules\bluetooth-hci-socket\node_modules\usb\libusb\libusb\os\linux_usbfs.h","6065","60DF96D5928FED762AF5381B3DFFE5983CC3A52BA60FB960BCA17EB131074EAB"
"node_modules\bluetooth-hci-socket\node_modules\usb\libusb\libusb\os\netbsd_usb.c","16573","A0D210D97EB1157AEE5F9956C6F9E17353FFF694B2D05D15065EF0A31A7E041C"
"node_modules\bluetooth-hci-socket\node_modules\usb\libusb\libusb\os\openbsd_usb.c","18445","6B0514B35431CB7ACC98FEA82747AAE99C5ADB89E37C8D824B968BA8A9CFACC3"
"node_modules\bluetooth-hci-socket\node_modules\usb\libusb\libusb\os\poll_posix.c","2231","2E9F0DC9E3C5F6D4529D69DC760DAC996DF6A47449828FBB49D21DC915CEA219"
"node_modules\bluetooth-hci-socket\node_modules\usb\libusb\libusb\os\poll_posix.h","281","BDD2807969FF4A649C5D1EE9D0F911B3BBD34981535F09E85FC70BA4C382C246"
"node_modules\bluetooth-hci-socket\node_modules\usb\libusb\libusb\os\poll_windows.c","10752","5C187D701D65F6DE749D4F88AD19B668010C139E715443772529155F75D1BE5B"
"node_modules\bluetooth-hci-socket\node_modules\usb\libusb\libusb\os\poll_windows.h","3717","D3E2E26E20F4892EC285070DAE16BAD3CF9BE0D70AD3160A89E74BC04C370AB8"
"node_modules\bluetooth-hci-socket\node_modules\usb\libusb\libusb\os\sunos_usb.c","44207","4F680AC1491FE5273E26C179903FD1873C8900CC6F742F889AF80014F8E69334"
"node_modules\bluetooth-hci-socket\node_modules\usb\libusb\libusb\os\sunos_usb.h","2247","F98AAD4887471949FC9EC72D85697FD23E0777A04B9578D51C7B3A8B29FD4473"
"node_modules\bluetooth-hci-socket\node_modules\usb\libusb\libusb\os\threads_posix.c","2220","A167F4081C865EC0328B0C505C457564092D5AC9F601ACE0C54E1345BDF195E4"
"node_modules\bluetooth-hci-socket\node_modules\usb\libusb\libusb\os\threads_posix.h","2879","A6D1842378F76FC9D891E71DB0A9051C8CEC122276C4B4E59CDE02222DE9CCEB"
"node_modules\bluetooth-hci-socket\node_modules\usb\libusb\libusb\os\threads_windows.c","3572","1B607286C411F1085D9B882C042291FF49DF68102EABDD65A3663ED055EFFFBD"
"node_modules\bluetooth-hci-socket\node_modules\usb\libusb\libusb\os\threads_windows.h","3214","E15D5A9A55D9FC437D6E8945E678BB2B3653D6BF84192A4B84ECA87D3A46EA55"
"node_modules\bluetooth-hci-socket\node_modules\usb\libusb\libusb\os\wince_usb.c","27489","BDBE752095CE4C47F4C4CC72668C38CAFF4C6EEFB40B159EB823C8F9E5EB0FEF"
"node_modules\bluetooth-hci-socket\node_modules\usb\libusb\libusb\os\wince_usb.h","5467","93E9FF311A2AB40F12EB48CE3C66047EB8631D3D0D90358D3F9C10D0DB0181EA"
"node_modules\bluetooth-hci-socket\node_modules\usb\libusb\libusb\os\windows_common.h","4101","1B0B8075338EE9C8266AFC83F2C23DADF874FB3F3A099D980A3B7B5F75EACE7C"
"node_modules\bluetooth-hci-socket\node_modules\usb\libusb\libusb\os\windows_nt_common.c","31482","5D973BE19FE5E3C86B0B13C7BECEA69F6A439A34A7ABA6EE9F8415EA6AABE05A"
"node_modules\bluetooth-hci-socket\node_modules\usb\libusb\libusb\os\windows_nt_common.h","4136","B2ECC9993452DEB5D4125354522CB37B2F6B5EAA822F93FE9BE0011B315A02D1"
"node_modules\bluetooth-hci-socket\node_modules\usb\libusb\libusb\os\windows_nt_shared_types.h","4517","7591A2CCB062C13B6E982B26DB23F6BA10D43752896AEA8E8339D853F3126610"
"node_modules\bluetooth-hci-socket\node_modules\usb\libusb\libusb\os\windows_usbdk.c","26869","B78224583971C88435D06F0F823E34112F21AB0B8A5E0001C12783CF39DB8AC4"
"node_modules\bluetooth-hci-socket\node_modules\usb\libusb\libusb\os\windows_usbdk.h","2766","7FD455480B9A0679C933741ADA5F7FEF0B9D383EC5AB31F0B67725B7631A64C7"
"node_modules\bluetooth-hci-socket\node_modules\usb\libusb\libusb\os\windows_winusb.c","155779","6C510F6FD8BF4FE6DF7D2536D2CC4DBFF8498F1898D1BEA7A2839DF21AF83014"
"node_modules\bluetooth-hci-socket\node_modules\usb\libusb\libusb\os\windows_winusb.h","24397","B9DC0E87A29D5833BC0793A366D3FE52925A39901B9A4AF2315EE926966788DC"
"node_modules\bluetooth-hci-socket\node_modules\usb\libusb\msvc\appveyor.bat","1273","FC3865FD6D2424B383D243DC55031A5DE064EE517632F397444B26B1FE530B09"
"node_modules\bluetooth-hci-socket\node_modules\usb\libusb\msvc\config.h","1587","5BCD35F0B91329E198DDB9164A44CBAFD4E5F058F547CCC4E31B63AD5EAB8A28"
"node_modules\bluetooth-hci-socket\node_modules\usb\libusb\msvc\ddk_build.cmd","4457","B1BCD485BA637EE45E687361C43D611BB2EDCE90A016A915E8E14D39943A4BC2"
"node_modules\bluetooth-hci-socket\node_modules\usb\libusb\msvc\errno.h","3305","EAA8BBCB795FABD0CB5614CE8E519989DB2B6AD1FB8EB7024080F4B9C5D8377F"
"node_modules\bluetooth-hci-socket\node_modules\usb\libusb\msvc\fxload_2010.vcxproj","4156","03080CA1E5678C596EC1BD5A5D2E8D3D7620FFE6DA5B9AC48BDEEADA2D8A0631"
"node_modules\bluetooth-hci-socket\node_modules\usb\libusb\msvc\fxload_2012.vcxproj","4201","4D8D8353B15D0C89A4F160FAAB4F6D9BE61737E5C26321F6F03A38306C62B0EB"
"node_modules\bluetooth-hci-socket\node_modules\usb\libusb\msvc\fxload_2013.vcxproj","4202","236C59F35754C278FE8B749165D9918A90C90A46349EE4B2068F68808ABE8A94"
"node_modules\bluetooth-hci-socket\node_modules\usb\libusb\msvc\fxload_2015.vcxproj","4202","B25EC550326B3DB98FCB14BD2A672D6D0F2193CEED6736628C76C06DBBEF5E51"
"node_modules\bluetooth-hci-socket\node_modules\usb\libusb\msvc\fxload_2017.vcxproj","6173","3F20F17A9FAC0D46DF2C5EC694E4E8E29E702A4ACFE02EC619EACDAF17A715D5"
"node_modules\bluetooth-hci-socket\node_modules\usb\libusb\msvc\fxload_sources","499","0B56C0B052752A94B1AF86B630D0FC3AF42ED4360810BD80711ABC025AB23F8A"
"node_modules\bluetooth-hci-socket\node_modules\usb\libusb\msvc\getopt_2005.vcproj","5905","6A865CCFE8D0D47912B93E831AC1A131C20C359995AC366FFB34AAEE4ACC6F0E"
"node_modules\bluetooth-hci-socket\node_modules\usb\libusb\msvc\getopt_2010.vcxproj","3369","93239970A809B51B5BEAB07C029813C011EAAC90982AF54E15FADDD0703E3DF8"
"node_modules\bluetooth-hci-socket\node_modules\usb\libusb\msvc\getopt_2012.vcxproj","3414","8C9F0065B9BB985859FD6051F6E01CD177D675793496098E15AD02EDA59DA276"
"node_modules\bluetooth-hci-socket\node_modules\usb\libusb\msvc\getopt_2013.vcxproj","3415","09277DE93AE4D96BCD8451706BFCA15A107AE4240450BBFF586B8C5AAB8E14A4"
"node_modules\bluetooth-hci-socket\node_modules\usb\libusb\msvc\getopt_2015.vcxproj","3415","FE3C9E94D32BF2E0CB32407778C565FBC443C2648A918597721F1EBF3AED32FF"
"node_modules\bluetooth-hci-socket\node_modules\usb\libusb\msvc\getopt_2017.vcxproj","4524","E0A9B89A0FCFDBB994389A1663596838B16C07D37FBA10541955DC686020C890"
"node_modules\bluetooth-hci-socket\node_modules\usb\libusb\msvc\getopt_sources","415","5AC87E94807EAE583A204417D100EFFB20374FBC8B995B364632B94BABD579CF"
"node_modules\bluetooth-hci-socket\node_modules\usb\libusb\msvc\hotplugtest_2010.vcxproj","3790","DBFEBCD5D64A37A329149F9CD81C5D1D98E3592093F328DDBCE80BF99E1BEC4C"
"node_modules\bluetooth-hci-socket\node_modules\usb\libusb\msvc\hotplugtest_2012.vcxproj","3835","2D8DB540E73A1CB1948F7BB32D21A72D97E37DE1888DD1D14D100E6743F6E1A8"
"node_modules\bluetooth-hci-socket\node_modules\usb\libusb\msvc\hotplugtest_2013.vcxproj","3836","3ACF7E8DC930194200FC315E58C1FFEB530277CFB401919D15C137916521E55E"
"node_modules\bluetooth-hci-socket\node_modules\usb\libusb\msvc\hotplugtest_2015.vcxproj","3836","77A04FB56C85BE661C35B368AAC2D9E2B3E2A867A1C01882FD4DFE01FC3EDCDB"
"node_modules\bluetooth-hci-socket\node_modules\usb\libusb\msvc\hotplugtest_2017.vcxproj","5807","5543EC533C71730A32667DBE40CF5BBA556CA8453A8FB16BC176055DA51B969D"
"node_modules\bluetooth-hci-socket\node_modules\usb\libusb\msvc\hotplugtest_sources","369","F0CDCC719BC5E73CA70E36D4022E04C885DEF89E11049F8777DC4E7A89993A19"
"node_modules\bluetooth-hci-socket\node_modules\usb\libusb\msvc\inttypes.h","5693","D46C7C91B481B8938D49C29CFE6ABCE6E21576239E7593A1A39BC4A5ABE9240F"
"node_modules\bluetooth-hci-socket\node_modules\usb\libusb\msvc\libusb_2005.sln","5500","169BA0B931542F8141486BD71CE2DC7E76A30BE15A66B67789358219E5508B9C"
"node_modules\bluetooth-hci-socket\node_modules\usb\libusb\msvc\libusb_2010.sln","7324","4B6D371AC4B448DA45B5B16F13D9706E5AC9FA266DBB93B3FF8AC07F0F3751CA"
"node_modules\bluetooth-hci-socket\node_modules\usb\libusb\msvc\libusb_2012.sln","7324","9CACB16479B59499176F445CFDF6884C20D0BAEA8598F7FD9B289E7400C178BA"
"node_modules\bluetooth-hci-socket\node_modules\usb\libusb\msvc\libusb_2013.sln","7403","575A89266A53E978B14933D9DF5D33E67A4D5E672D34E1AC812916940C2747BA"
"node_modules\bluetooth-hci-socket\node_modules\usb\libusb\msvc\libusb_2015.sln","7401","1E6B9F44A6B7D62033F24500B02B229B66EF48052527830549091EE22B3D4517"
"node_modules\bluetooth-hci-socket\node_modules\usb\libusb\msvc\libusb_2017.sln","13190","0E0DE6BDFE3BE8FE58795F5251A814178C4410EECAAB9BB1AA30D5F384F387B7"
"node_modules\bluetooth-hci-socket\node_modules\usb\libusb\msvc\libusb_dll_2005.vcproj","9762","09B704B5BFE4F307883427B1755434384785E15C070F94589174943C90BCBD17"
"node_modules\bluetooth-hci-socket\node_modules\usb\libusb\msvc\libusb_dll_2010.vcxproj","5041","6862A9F648C8E783FBB1AAF26F4F53851BB81D40319A24F266E3D02A4300CF10"
"node_modules\bluetooth-hci-socket\node_modules\usb\libusb\msvc\libusb_dll_2012.vcxproj","5086","C9A4906D014D09083FB07C42787681A23CAA743E3BCD802B7E949D1BEE043655"
"node_modules\bluetooth-hci-socket\node_modules\usb\libusb\msvc\libusb_dll_2013.vcxproj","5087","266718CAC953E5E87F40FE594703D663A993A7D2DF85ECBCB3DA664DF1D32715"
"node_modules\bluetooth-hci-socket\node_modules\usb\libusb\msvc\libusb_dll_2015.vcxproj","5087","8566C6B9F60AB05EC323169F9426E8DE3905BB9619BFBF334F1EAEED3F79C20F"
"node_modules\bluetooth-hci-socket\node_modules\usb\libusb\msvc\libusb_dll_2017.vcxproj","7350","283DE2C4EAE71B4C9D7275468DDBA4ED81FE5C6D7A86EB0B853C6740FD8C0383"
"node_modules\bluetooth-hci-socket\node_modules\usb\libusb\msvc\libusb_dll_wince.vcproj","28349","00A0EDB3DD165D89A37C3BCB069E4A6AA7E106796942AC58762C72905DAD2290"
"node_modules\bluetooth-hci-socket\node_modules\usb\libusb\msvc\libusb_dll.dsp","5902","129C8E797C06D7FA9862852B6324A63922632ACF570BC982146382AB1D63C403"
"node_modules\bluetooth-hci-socket\node_modules\usb\libusb\msvc\libusb_sources","1237","33DE4A985D627D1FE445BABE8108A81F1EE74FD15C27B3724A2F1C222549C513"
"node_modules\bluetooth-hci-socket\node_modules\usb\libusb\msvc\libusb_static_2005.vcproj","8070","839C645F0BF5ECCA483AE7FDD5A83DB12380DF464C8E18E82688C81FB07C97A5"
"node_modules\bluetooth-hci-socket\node_modules\usb\libusb\msvc\libusb_static_2010.vcxproj","4694","E2215B826616A059347D073245E55A900AC0485EE4B46571F1D024C40B4B5048"
"node_modules\bluetooth-hci-socket\node_modules\usb\libusb\msvc\libusb_static_2012.vcxproj","4739","C2F07BBED08DEE29B803395DBC33A621381397C37621322E3DD24ABDB055F874"
"node_modules\bluetooth-hci-socket\node_modules\usb\libusb\msvc\libusb_static_2013.vcxproj","4740","1EF2BBA5F75AB5228AE3666AC1A9603D2C4C5A8F9FB075EA1A6301EE637C3CC2"
"node_modules\bluetooth-hci-socket\node_modules\usb\libusb\msvc\libusb_static_2015.vcxproj","4740","DA91C1585CAC21E4C373C159BEE00C400F2CD4BE3E7FF283AB5CBECCB4457847"
"node_modules\bluetooth-hci-socket\node_modules\usb\libusb\msvc\libusb_static_2017.vcxproj","5587","8396807F8A52DD094D7F5CD2DFF13A68358F3DC48238F2E129687F42D846187F"
"node_modules\bluetooth-hci-socket\node_modules\usb\libusb\msvc\libusb_static_wince.vcproj","26357","13B73E07628BFEF32525F1D0C7AD4B20CFB04F1F844A0D1D90B932E54FDED9F0"
"node_modules\bluetooth-hci-socket\node_modules\usb\libusb\msvc\libusb_static.dsp","4627","77B8C074DCD1000E29F7AAC4BA2C7C2A96EC2C8AC1C177E9E2FF1894ADF7F313"
"node_modules\bluetooth-hci-socket\node_modules\usb\libusb\msvc\libusb_wince.sln","26630","9FFEA4730619483059C82435B745347C403273C82867895149B1D67780C64263"
"node_modules\bluetooth-hci-socket\node_modules\usb\libusb\msvc\libusb.dsw","1314","8C3156BE6F81793DE9CC5040CF9FE353BCBCDA9D3D951968F8E8478414C6B289"
"node_modules\bluetooth-hci-socket\node_modules\usb\libusb\msvc\listdevs_2005.vcproj","7444","AEA3E5AE7EEF5DD01841655927E7644B8BB9F81F1EB5DC8C4D356DD4E8378B02"
"node_modules\bluetooth-hci-socket\node_modules\usb\libusb\msvc\listdevs_2010.vcxproj","3784","410327E9A861A77610D833326F4EE7550FAFEFDE681DA7492428E6921336C28D"
"node_modules\bluetooth-hci-socket\node_modules\usb\libusb\msvc\listdevs_2012.vcxproj","3829","5A3343BBEC5D5AE1D39E7049A9495EE3D9E01B38712810F6A2200CD33A3B757C"
"node_modules\bluetooth-hci-socket\node_modules\usb\libusb\msvc\listdevs_2013.vcxproj","3830","4E57DCA4D91E5412469B47E34F508CD9E6D181B99621146C98678C8B57EFDD74"
"node_modules\bluetooth-hci-socket\node_modules\usb\libusb\msvc\listdevs_2015.vcxproj","3830","450944499C3DEBA4BE41772DEF9F0BA6990F335C6DFE3D9AD37A9CF55A87D299"
"node_modules\bluetooth-hci-socket\node_modules\usb\libusb\msvc\listdevs_2017.vcxproj","5801","9A3625B2E3048469BBB8D3F726533DA37E0584FB2FD6B843996642973CF81F40"
"node_modules\bluetooth-hci-socket\node_modules\usb\libusb\msvc\listdevs_sources","352","D06B4B82B3A82588C46219977ABD173AD92A1E6925CCE7CAC1C4BEEC094A102A"
"node_modules\bluetooth-hci-socket\node_modules\usb\libusb\msvc\listdevs_wince.vcproj","25112","66AE362FE5D176E3FED99148617DC4F3DC1E71F46B5F66D6493F6AB6532FBB21"
"node_modules\bluetooth-hci-socket\node_modules\usb\libusb\msvc\listdevs.dsp","4391","93FA6F9B07ACA275FA0DBC82235F7A5665C2DDD6041685CFF41C593893E41324"
"node_modules\bluetooth-hci-socket\node_modules\usb\libusb\msvc\missing.c","2494","F42EE58346E6D074D80B60ACF9C419F7F2C0D2A05D90E7594B6ECFB081174421"
"node_modules\bluetooth-hci-socket\node_modules\usb\libusb\msvc\missing.h","1142","A188DC1D5035D1F604B4C684ED7BD293447A0815FBB99060600CEC81C9389299"
"node_modules\bluetooth-hci-socket\node_modules\usb\libusb\msvc\stdint.h","7059","BA5AC499F51674515EBC317A8519CDE2C19DB57396F4272C9ABE689D9BD4B929"
"node_modules\bluetooth-hci-socket\node_modules\usb\libusb\msvc\stress_2005.vcproj","8071","E59EE487C5D5E123AF65B3316EC05635BAB674ECB73B1A28D979235ED6EF834F"
"node_modules\bluetooth-hci-socket\node_modules\usb\libusb\msvc\stress_2010.vcxproj","3904","FB5A4D24CD24E21F95ADFBA14982875023C1A918D0FBD6FB4366DEF3B3E7D72B"
"node_modules\bluetooth-hci-socket\node_modules\usb\libusb\msvc\stress_2012.vcxproj","3949","EEECA2FA1121D5D2B0487C00FEBA5F1CF6EFBFB22E862B010BA6F632E5A797C0"
"node_modules\bluetooth-hci-socket\node_modules\usb\libusb\msvc\stress_2013.vcxproj","3950","0B85299A09B2C216E1362E232CEF1BC8839E1EE3C9A0BBDAF3E946B32DA2C4CB"
"node_modules\bluetooth-hci-socket\node_modules\usb\libusb\msvc\stress_2015.vcxproj","3950","F1D46D1340921B4A74B929EBB27735B59E50F83F27C533C5ACFAD5D7DA4DC234"
"node_modules\bluetooth-hci-socket\node_modules\usb\libusb\msvc\stress_2017.vcxproj","5921","21090FB4B2DDBFAA8166108B25C0F4755AD35B642BF0B6B3F5CA53DB1598B76A"
"node_modules\bluetooth-hci-socket\node_modules\usb\libusb\msvc\stress_sources","382","EA961C3CCEA9F2401A63BC541752B2490DB9CE72490402A55F24443AF79E58F7"
"node_modules\bluetooth-hci-socket\node_modules\usb\libusb\msvc\stress_wince.vcproj","25160","967D59C2E16A1D9DCE49B2BA5ACF9DDA595B5137EAD411C795A5F1F0AF693BDE"
"node_modules\bluetooth-hci-socket\node_modules\usb\libusb\msvc\testlibusb_2010.vcxproj","3788","9F527BE20E7FC538E78C904A09FB75B9FEF9F4E06C5828E67B400881465A26E5"
"node_modules\bluetooth-hci-socket\node_modules\usb\libusb\msvc\testlibusb_2012.vcxproj","3833","AB4A1A64FC65829F1EF076601BF81688CF2254AEBD2EE135B7CBA8AD670BA360"
"node_modules\bluetooth-hci-socket\node_modules\usb\libusb\msvc\testlibusb_2013.vcxproj","3834","2CB20CBADCAE2F05C4AD0C4B2B0EE056FF232E7E8AAFD25734DD7D4E41667309"
"node_modules\bluetooth-hci-socket\node_modules\usb\libusb\msvc\testlibusb_2015.vcxproj","3834","B35A17170DCDAA6056A561731AB9F533A344335A09C6C8EA7A4D0E3E1DD10409"
"node_modules\bluetooth-hci-socket\node_modules\usb\libusb\msvc\testlibusb_2017.vcxproj","5805","F6663312B7D3C2C69FE4D7BD35931AD7755D9720938EA13E8647C96AA4E260F3"
"node_modules\bluetooth-hci-socket\node_modules\usb\libusb\msvc\testlibusb_sources","367","1A98E82731C8518E7375569AD7F44D1305D119300C7D901CD29FF019DF6CE610"
"node_modules\bluetooth-hci-socket\node_modules\usb\libusb\msvc\xusb_2005.vcproj","7176","4D3ED6E33650D1701D9A5AD6F086FAF0EC157C7779DE9E982F6B1086FDBC37BE"
"node_modules\bluetooth-hci-socket\node_modules\usb\libusb\msvc\xusb_2010.vcxproj","3776","1BAB95E3D74C4C782F2B7233A3740971B43683FEE6A1578B3CAAE0BBCD6AC122"
"node_modules\bluetooth-hci-socket\node_modules\usb\libusb\msvc\xusb_2012.vcxproj","3821","719F98B4B69CB506271479623A25B728B752E6416D09A60CCD1287A3C920149C"
"node_modules\bluetooth-hci-socket\node_modules\usb\libusb\msvc\xusb_2013.vcxproj","3822","8A34E3B3C73B96010B352BA0BAB9BE0039EF365F6FF6731B705BBB437B71281C"
"node_modules\bluetooth-hci-socket\node_modules\usb\libusb\msvc\xusb_2015.vcxproj","3822","0395B21F2CD95E54F1C56CF2036117023065A782786DD4B2C3C650BE16AEB84C"
"node_modules\bluetooth-hci-socket\node_modules\usb\libusb\msvc\xusb_2017.vcxproj","5793","497D2828339B334D5545972435B05951524DF114F0D2A93AC88F042F9EA27A5D"
"node_modules\bluetooth-hci-socket\node_modules\usb\libusb\msvc\xusb_sources","355","F7F485D2F32D56C8523F53DD8D825545A5D0A4563A9E5221FD2D6531845425B5"
"node_modules\bluetooth-hci-socket\node_modules\usb\libusb\msvc\xusb_wince.vcproj","25096","7431B2441F7AB0F673B1B8BC0F221D264C967E4B3A8C7ABBF78AA2ECA771BB2F"
"node_modules\bluetooth-hci-socket\node_modules\usb\libusb\msvc\xusb.dsp","4346","E0FCFA708F9DF868045EE34C987D5E4336A9FA59895CEBF5AAF6F3C676C74283"
"node_modules\bluetooth-hci-socket\node_modules\usb\libusb\tests\libusb_testlib.h","3009","590DDFA99223674B6A3BEBB9B43CE078FEE07C9D60A47483C6BEB1EA2724E2B1"
"node_modules\bluetooth-hci-socket\node_modules\usb\libusb\tests\Makefile.am","149","DD351588F9EA52A622CFE69D1E9F4F50B1CCA3F2921F0E8B2F1D6142833E57E2"
"node_modules\bluetooth-hci-socket\node_modules\usb\libusb\tests\stress.c","4713","A2678305C698923E03E067DD4D8A33394694A86E707E12F27804B6AF74DFBB3F"
"node_modules\bluetooth-hci-socket\node_modules\usb\libusb\tests\testlib.c","7343","65C2546A47458423494921754735BB06EE024A5F2BF46911897801A5B9D8F435"
"node_modules\bluetooth-hci-socket\node_modules\usb\libusb\Xcode\common.xcconfig","2255","E5525DCFBB11C09EC4E350E2FDEF65E5653CBB3E671772704EBE40D4C4208655"
"node_modules\bluetooth-hci-socket\node_modules\usb\libusb\Xcode\config.h","527","0EE828C9B421A459C7B5CCE5C3D8EF2C1D1FF469950D7DF7EBE38B8A283187DF"
"node_modules\bluetooth-hci-socket\node_modules\usb\libusb\Xcode\debug.xcconfig","1106","18C617345A929B5A9EC63D92F7A29ACE4EEEB5D74FF668820335F9765549418A"
"node_modules\bluetooth-hci-socket\node_modules\usb\libusb\Xcode\libusb_debug.xcconfig","942","3D843D071A267BD77FC6B83873B6A7E036CB533EE3EC73876E27686441BA9C05"
"node_modules\bluetooth-hci-socket\node_modules\usb\libusb\Xcode\libusb_release.xcconfig","944","D479B0F569459F48F5266386C9290BE3977D0D1DB8BD692EEF3B73A56FF93CD5"
"node_modules\bluetooth-hci-socket\node_modules\usb\libusb\Xcode\libusb.xcconfig","967","8381F8BC1200CDD20E96A9A6CF396947061614BF52E34CF1B1F75B22AF5089E7"
"node_modules\bluetooth-hci-socket\node_modules\usb\libusb\Xcode\release.xcconfig","1178","2B008AD3D515F373EF8AEF01F6B13BC0FB2103E6B732F02D853C2A38EC9DAB7D"
"node_modules\bluetooth-hci-socket\node_modules\usb\libusb\Xcode\libusb.xcodeproj\project.pbxproj","42910","0E8B8E267CFA259304888E581A90C58155C1B1D7EF782C2508A8CFAAFD7FE617"
"node_modules\bluetooth-hci-socket\node_modules\usb\libusb_config\config.h","33","4632C992171205858EA62D5367A65E306EEB459B1871B42E6B2B8C2B2E2DC139"
"node_modules\bluetooth-hci-socket\node_modules\usb\prebuilds\android-arm\node.napi.armv7.node","242468","52BAF3956173D0452A92EC1C51B7A394AC93EF58E28752FECDF2EF823F91FD7F"
"node_modules\bluetooth-hci-socket\node_modules\usb\prebuilds\android-arm64\node.napi.armv8.node","262760","4CE3435C8FE25650F80A347ADC7A5B10D3A452A7DC12E8AADADD2DD0C447D1A6"
"node_modules\bluetooth-hci-socket\node_modules\usb\prebuilds\darwin-x64+arm64\node.napi.node","249968","C87ABAFD501B4E010CF217B3D5D64C575A8D0300582FBA2814C948D20F29A79F"
"node_modules\bluetooth-hci-socket\node_modules\usb\prebuilds\linux-arm\node.napi.armv6.node","224328","26A0A96C848E02F822BC0E3F1B988F798CBDE42B6DBC01267731E33CE20E515A"
"node_modules\bluetooth-hci-socket\node_modules\usb\prebuilds\linux-arm\node.napi.armv7.node","220180","1F7BD60E8BFFA69BEC96F2D8481CA0511FA66D42909A895D95841CF12FCA80C6"
"node_modules\bluetooth-hci-socket\node_modules\usb\prebuilds\linux-arm64\node.napi.armv8.node","250240","026797980CCF781856FDBC851CD7B78411005BB91AE1C26D1FAE7914EAC3CCF0"
"node_modules\bluetooth-hci-socket\node_modules\usb\prebuilds\linux-ia32\node.napi.node","296444","FB97D2A95DF4FA4ABBBA2C1BD0C3E3353BC1AFF7D60AA8F9E03142214CCBFBAD"
"node_modules\bluetooth-hci-socket\node_modules\usb\prebuilds\linux-x64\node.napi.glibc.node","262696","58A55C6FA3B6EEC6B909A1F5A052C9F1760B6AA802506F8C8C38D79FB213763C"
"node_modules\bluetooth-hci-socket\node_modules\usb\prebuilds\linux-x64\node.napi.musl.node","264304","26071718D9D29B9E2AE254FA555A110AD6149645099D9BBD6C73D5FC3E020658"
"node_modules\bluetooth-hci-socket\node_modules\usb\prebuilds\win32-ia32\node.napi.node","336896","A52BD3119A08ED0F69A340BF9C2E67DDFB930CA1E26F97A68394EC9459066BCA"
"node_modules\bluetooth-hci-socket\node_modules\usb\prebuilds\win32-x64\node.napi.node","416256","499280FDFF780635531DC2B70D7440E46DD9BA12563BE7A3C460816FDE7AFEC4"
"node_modules\bluetooth-hci-socket\node_modules\usb\src\device.cc","13273","A1AE730ABFCAC65C9810EF6CC6847FB25A49CA269D8671E1D16886A8BC7471F1"
"node_modules\bluetooth-hci-socket\node_modules\usb\src\helpers.h","2401","21BB566A242AED8377296EA42AC2991963AAFD8DA4CE896E9A2610C1B44FE63D"
"node_modules\bluetooth-hci-socket\node_modules\usb\src\node_usb.cc","12312","3F35A2C131744CEA98FAE9ED1E289F3D0BE097563061D7E6D2390243B9A559C1"
"node_modules\bluetooth-hci-socket\node_modules\usb\src\node_usb.h","3222","A8EC2DD687005B3DC91B189FEE6F2CC230BDB74D1FD96F4F2E92AA72E6954E0C"
"node_modules\bluetooth-hci-socket\node_modules\usb\src\transfer.cc","3956","CF9922242AAFB43A64122CEE1AB6162940AE876550C07DB02EA9404C52532209"
"node_modules\bluetooth-hci-socket\node_modules\usb\src\uv_async_queue.h","921","32817F6E6BC13C5346CCEEF8744E3212012422A693FD04B1B150A96E70A84802"
"node_modules\bluetooth-hci-socket\node_modules\usb\test\usb.coffee","5584","8309DFC683CCA1AAFFC7500AED9050ADA73D1F79CAE7807B58E5444E3700C971"
"node_modules\bluetooth-hci-socket\src\BluetoothHciSocket.cpp","11842","661BCA5FCDA9EACBEBC13E867F4FDF65B2A21150B89F4A0C5FE8F5473B0AFB71"
"node_modules\bluetooth-hci-socket\src\BluetoothHciSocket.h","1307","A004484646925F51D5CFE326F9F18023CDF3FB6C8E59E6C29DFBF1FCC9DA1FD3"
"node_modules\bplist-parser\.npmignore","67","41ADB04AAE8F6C0B54C18EF76A4A70C4B4C2611B87A1766CF9AD90E575EA4662"
"node_modules\bplist-parser\bplistParser.js","10905","4E478FBEB320A849BDE05B0A2E5E8D1D32EFB55B8A52958610B75F222CE873D0"
"node_modules\bplist-parser\package.json","498","7AC1F04ED6E9B3463DB1A0DDEFB17BBE4799FB9471699569504DD6303AE1CC07"
"node_modules\bplist-parser\README.md","1431","C8AD8559883108F3330403AD7371B914212C0859EB4FF292E06240BFAF905557"
"node_modules\bplist-parser\test\airplay.bplist","341","59BC79BDCBC2DCA22D2A21A8EC368F1A34EBBA3A63F2FCBEF64A6528B44BA68E"
"node_modules\bplist-parser\test\iTunes-small.bplist","24433","4847521C1B08DD07FAA8DE0864C45C6618D379C13A96135B7AECE480D45C13E6"
"node_modules\bplist-parser\test\parseTest.js","3427","E7E9C4A98C5CFCC7070191E2E0B0C7159DA9C550E44F408A184245DD928CD24B"
"node_modules\bplist-parser\test\sample1.bplist","605","04BEF878746A5CF53FB7AAE680B6EE1906E4118B4758F2368ACBA558C073CEAF"
"node_modules\bplist-parser\test\sample2.bplist","384","E67210FD80916B10A82E6B12DAA3B809FF427E76E62AF86BF4BBDAE40C53D542"
"node_modules\bplist-parser\test\uid.bplist","365","F68001BAE36D1B7D09BFB5B692D27A9465E52D334ACDD86F6F6FE52E92B2658C"
"node_modules\bplist-parser\test\utf16.bplist","1273","896FD9CDBBB810F453047F83C8767970EC2DF3B9D59EDFC3271CFC64EB0FCFA6"
"node_modules\brace-expansion\index.js","5196","EC48461622C5C8EFA7AAA7D02F0FFD7E5FD3D34B7A60FC97D674BFA8098C78F6"
"node_modules\brace-expansion\LICENSE","1096","68F12F6E2C33688699249C01D8F9623C534DA20AA71989C57B061B7BC1676D14"
"node_modules\brace-expansion\package.json","1135","7067BD268E03DB25F5226E70F24362C70137310D33240372A2F28BD5C5085CA5"
"node_modules\brace-expansion\README.md","4252","C6439E299B23E2EF6B972546BEF1CF6A0594E2ACB7A53368150EB3405B03752B"
"node_modules\brace-expansion\.github\FUNDING.yml","54","8EE36EA6D63567CA62E3EDB1323A49D4F865852811758AC42BFE26A96745A66F"
"node_modules\cacache\LICENSE.md","755","720836C9BDAD386485A492AB41FE08007ECF85CA278DDD8F9333494DCAC4949D"
"node_modules\cacache\package.json","1986","DAFA663F8D2CC2DFB42B2D93806BCF9A1428584C5B9EE5D5A00F9A3E7C4D9E48"
"node_modules\cacache\README.md","22715","341978D275D4C4D7648234D65BEDC5148E73B7E49FC9B717EB4FDA754BE3A4ED"
"node_modules\cacache\lib\entry-index.js","9278","0CF484386B1CC264AD240609FBD95C66CD81CF1E3405D06CB4BF60CE99554638"
"node_modules\cacache\lib\get.js","4462","4127C3ADB8BC9F530DCB6ED80A0C6C00288F1DB8C6939146957D03454CAC06C9"
"node_modules\cacache\lib\index.js","1238","56745BDDDF064BE6DED0E82452C7327C3A960A82D5FB26B021AEF41FA01E2B94"
"node_modules\cacache\lib\memoization.js","1485","F53CC4C8F9E85C4F96019C89B2C84B27C8ABC0A5FC936E0E9A60736AAD3B73D0"
"node_modules\cacache\lib\put.js","1975","B131954EFBCB17F785E93278C53F4B0491C53009698B937EF68BBC7342134872"
"node_modules\cacache\lib\rm.js","791","5155F5560ED63BEA74732C87D6A10732D5C6E5639785DCFDCDCF93A01943ABF6"
"node_modules\cacache\lib\verify.js","6682","CFD2070EE06C58FF5B5F06A17847A618527F5F986C623E8C51449359146A3265"
"node_modules\cacache\lib\content\path.js","737","7EC9682EE3472435D866BDD35D18E2D570FFE98621BC230F30D31443BD04D8F7"
"node_modules\cacache\lib\content\read.js","4281","08B1980F18A8539C55190B005DF788B916ABC31F120AFE9DB4768F9CDCF7E495"
"node_modules\cacache\lib\content\rm.js","481","F3F706375BBC097BC0FD091F0EEA8D07B98B8E1F7A1D203F3B87337312272672"
"node_modules\cacache\lib\content\write.js","5749","5230DE0CA3D99936E42220445F44F5A688FA154CE6A16C643762714BFE0D8B82"
"node_modules\cacache\lib\util\glob.js","222","A9FD56A76F0B4C39FFD94785128E79DDBC337210B9FEB4B09530616948ADEB69"
"node_modules\cacache\lib\util\hash-to-segments.js","143","ED10C878CB3C2B8570A32954B52DA3C49539549F64E36B3CE3AB38D7E524BF19"
"node_modules\cacache\lib\util\tmp.js","696","9BC9BAD862208B2EE66AEAE5222D8B1D8D1D288F335FDF3FF998AD200F71CE64"
"node_modules\chownr\chownr.js","4275","529B285703D29B8AB31EAD64BD1F64146BAC12147CC09CEB4B25F0DB87A12C96"
"node_modules\chownr\LICENSE","765","4EC3D4C66CD87F5C8D8AD911B10F99BF27CB00CDFCFF82621956E379186B016B"
"node_modules\chownr\package.json","649","96BA7FC1DCFAD50DE6C406FB3FCFE57850EBEA4D8ECEDBC0B45B9C59FC629D69"
"node_modules\chownr\README.md","59","CAFE18AEAF5D10A590BC8FFDCFB2F4E6120438A2364964ABA4D8968693124984"
"node_modules\chrome-native-messaging\.npmignore","13","16D30E4462189FB14DD611BDB708C510630C576A1F35B9383E89A4352DA36C97"
"node_modules\chrome-native-messaging\app.pem","1704","891423D6B4DF40C158E5385FE1092FC09D9CAAF0F4D26BF3ABDB11C907DDB0B7"
"node_modules\chrome-native-messaging\index.js","3499","BC2906BAE51282226A25F5F9C0934F0213D49E7B0082DC3E72D16CBC2462DF81"
"node_modules\chrome-native-messaging\json2msg.js","359","B6016C13C6D54F87E433019C3BF499743B43221F385B04BB8862E3775DE1A5CD"
"node_modules\chrome-native-messaging\msg2json.js","178","007CC825FA5166DE29F664A0B3145FF93EF67E05A3FA64D05664012DDEF73FB1"
"node_modules\chrome-native-messaging\package.json","585","B94258ACCAC75EE5AA6806E8C27F51DC7D00140576C3B0467AF6525DFC085672"
"node_modules\chrome-native-messaging\README.md","2562","E75E0D94080705D526094CD062A1D1EFF5A654E88EE6702CD429FD6934C1DBC8"
"node_modules\chrome-native-messaging\test.js","1113","A7761D50756FABB8A9E2E8A3AE51DF99FB408AE126CD835DA3CDA1C6C4807737"
"node_modules\chrome-native-messaging\test.json","71","0B75BD1097276186A045E872FBA7A759A2C93A370EA19E1832D91F0524C1FF51"
"node_modules\chrome-native-messaging\test.msg","71","DD1DA95D7E9DFE6FE7289273D4320E24546EE8ADDEB3390195B31817DAC82202"
"node_modules\chrome-native-messaging\app\background.js","187","DB104D4A13B64690DD18FAEBC72A95AB1A1336D450EC118938526760AFDDF34A"
"node_modules\chrome-native-messaging\app\main.html","327","C06A6C4D356A7C8D1B7F94D7841C4A4C9850690DA1FA2B549054CFEDDF3BE6F3"
"node_modules\chrome-native-messaging\app\main.js","706","398BB7EA81D139B82724140072DA29A38A67F0F1E01A0816AA757CC654BF5D3D"
"node_modules\chrome-native-messaging\app\manifest.json","683","D0518487E6D4FC5C347268217ADD0D4E4ACCF8017CB941B4CBCD78AA8D8A7ADC"
"node_modules\chrome-native-messaging\host\com.my_company.my_application-win.json","212","8B2721B178BCFCC698E84477E86159476D882BB1E57F3F1D2F411D8C1F58836F"
"node_modules\chrome-native-messaging\host\com.my_company.my_application.json","253","761783E61321863AB8781D025CCC5C6198E2377CBE3F2DDF0F7B0741BB98A804"
"node_modules\chrome-native-messaging\host\my_host.bat","153","690F82A9D4DD2759EF7A8C0483B7F8812B13E2736FFA8B10D0803C7617086EC4"
"node_modules\chrome-native-messaging\host\my_host.js","996","17FF8BB7FBEAFC9213E3AA02E3F3E1B07BADDA2314401F6B2ACDCEDD5BFE54EB"
"node_modules\chrome-native-messaging\host\node.exe","6764032","92D1754F3445E92BD759CDFFF37F174BE89B843E94ADAA34082F29CFA79BD70E"
"node_modules\chrome-native-messaging\host\register.bat","363","183F73888D4CCD86C8A75A9185254E2068B2FE3754C124BA2ED8F561D3F28CA2"
"node_modules\chrome-native-messaging\host\register.sh","166","B661227C59E3858CBC2B2418E38534F157A2789A8BD170804EFDB5CCF702FB4B"
"node_modules\clean-stack\index.d.ts","1181","875C685FFC4C32F32CF4CDD78474127FACFB63EB72926A263B8D39174CAC1AF8"
"node_modules\clean-stack\index.js","1055","E813CF7271DF893727BA03028926B2B6C2B45E3357DC99D0688A0074A62F4CEE"
"node_modules\clean-stack\license","1109","48DA2F39E100D4085767E94966B43F4FA95FF6A0698FBA57ED460914E35F94A0"
"node_modules\clean-stack\package.json","603","9B4A4A5CC61A09E61AA1CE84BC68C84AEF90ABF9A0280D09214A89189257CA7A"
"node_modules\clean-stack\readme.md","1560","C98C610D2CB1C6101F05D11B6D4054D2D6F3EEFB28772EBA91CA1579C83EE0E3"
"node_modules\color-convert\CHANGELOG.md","1417","EE2EA4FE91D043EC4214AA60AEAFF595009ACDFDBB9ED4030896191126D70849"
"node_modules\color-convert\conversions.js","17040","7225058075157FC78115B8BE998A2EFFDFC1E5B3316B004A130EE5F19303574B"
"node_modules\color-convert\index.js","1708","ADB610F9A2FBBA92548161871075262496B563DCD0E5E8F5C20F562160A74B34"
"node_modules\color-convert\LICENSE","1087","693866FC419C6F61C8570438EC00659D156EC2B4D4A4D04091711F5F11A365D4"
"node_modules\color-convert\package.json","827","9471D21744CA3137410448DA6B3BD7B30EE91D42EDCE3B82EBCBF84FAEF74FB4"
"node_modules\color-convert\README.md","2853","8CB35DAE3A64E6EDF1A680FECB9A850EA866795715AA46E09E211A1BA662D1C2"
"node_modules\color-convert\route.js","2257","5F1420AF4A106EAA68ED7B4BB5E46F47E0F251169E38841EC8262447E4691B5D"
"node_modules\color-name\index.js","4617","97DABD7EBB70C33C19CCFA6956377FC722D9769924903F42A3BEDE30D83A8592"
"node_modules\color-name\LICENSE","1085","C064F7A3E353BC1BC977F3C897941C75EF763F44F41677E0A15370CA0853D6E2"
"node_modules\color-name\package.json","607","4A557EA373907E4643BADB89FF21B3F4B969D20631086D78EAB2E03D05C2EFA4"
"node_modules\color-name\README.md","384","796AEF7006B975D2A8A5BAD00219C9884E67A51EF96D36B3A0DF622E60924C1C"
"node_modules\color-support\bin.js","127","A797F6FEA8A46F7ADF24FB22DB2C880E8202587094BEA0F83029C81C66FB7048"
"node_modules\color-support\browser.js","299","A0532D349B9B40BB943268E6739E627C5B38A1C8D8365ABA531C7B037ECC5540"
"node_modules\color-support\index.js","2644","A6F7EE23BA6076142570631A197FAF48E749D21140D37DA2B3B447DA20476ED1"
"node_modules\color-support\LICENSE","765","4EC3D4C66CD87F5C8D8AD911B10F99BF27CB00CDFCFF82621956E379186B016B"
"node_modules\color-support\package.json","816","BAF5CCA1519CFAA530A21810BDA9FE6236082D855A59FF66F5EF437BF51451EB"
"node_modules\color-support\README.md","4582","E894771EB2D1B44096299CAE80E326CF17B38116D497F96DFDC22C4A64D59B0E"
"node_modules\concat-map\.travis.yml","43","DC3B4379F4671F3771341B866A8B9D7FF954A65E9152056B8166747DFB343D19"
"node_modules\concat-map\index.js","345","091B65D778337599D0140B35D53C038603D1732D27C33BFE39E03871A96926B2"
"node_modules\concat-map\LICENSE","1073","435A6722C786B0A56FBE7387028F1D9D3F3A2D0FB615BB8FEE118727C3F59B7B"
"node_modules\concat-map\package.json","989","4FE5E8089B65EBFD55BB86F465BA896BA6A8E24B7B61DE1E0F420F590616B118"
"node_modules\concat-map\README.markdown","1165","2BC76DD6DE6869FB5335E04C066EDD5AB9D99A2CF7958A25E3C7C8C48768B5B4"
"node_modules\concat-map\example\map.js","171","FFD5FBDAF966B799CD9D046624BE96B48E206920E58AD52D2ED1F2BDD10E93D0"
"node_modules\concat-map\test\map.js","1075","E2A41FAD6A88AFCD0958CB9F93217AC2D62670D2A116AB7DEB2B790E8F9BC90A"
"node_modules\console-control-strings\index.js","2339","FC557C23F6B2EFFEBC75878C7185424B2DD436DF2DF137791FDC6816CEEC0FF2"
"node_modules\console-control-strings\LICENSE","751","AF83B3CE4E592E87B4ECFA8C8CB45BC4EC26D0B3FB8F34F3687088F6928F705F"
"node_modules\console-control-strings\package.json","791","2DA7C4BB166DFA347305D34EEBAFAEC098A9AFEAAA26E4844736597507DBB968"
"node_modules\console-control-strings\README.md","4475","2345D5FF231B7A4CC3F4BF03860D337E56361C4A85F1D1D2604F6999D870CC83"
"node_modules\console-control-strings\README.md~","4313","AC55520730CE4AC83A23048ACBA02E0C8E2DB3A866B3BDA404CE43508C0815A0"
"node_modules\cross-spawn\index.js","1192","B8E01CB18BA87EE1B0E5EB2EB1CE6CBB25A2BDD229F9E08671F8A10ED7E3AD35"
"node_modules\cross-spawn\LICENSE","1105","AAA78451B6FECD1B9C4594C796C133C0E90CAD100372FF8BC6DE615E9EF9ADF1"
"node_modules\cross-spawn\package.json","1655","2E106CD9B4AE4E34EAD35218371A0D4E172DA72515A4F8F97D69A2E1FE3DEE82"
"node_modules\cross-spawn\README.md","4117","022AA5BC5706CE14899569741B420E8CB59108C90871D341F31B684D279BD594"
"node_modules\cross-spawn\lib\enoent.js","1471","0F9AAB5C708991CF01D3FDA557318C4600A46071138742EE8596244F7FD73EF5"
"node_modules\cross-spawn\lib\parse.js","3065","0A67601365A3AE413653C8C9D3C6BFF2202861E1EB8B5D28BF46D4812A4465EA"
"node_modules\cross-spawn\lib\util\escape.js","1383","5D61B2829E0E7912874E1E664146554D0CD02FD5524ABF4EA59A879F0FC30675"
"node_modules\cross-spawn\lib\util\readShebang.js","549","B05BA732E167FCF9A4FD67EBB4A5C28CCA4712A36376C0B0F2E4E1D37E7F18D2"
"node_modules\cross-spawn\lib\util\resolveCommand.js","1557","E525FE739ABA01CF5EEE6473DF449CDDA93DF6266EFFA8EAE0FCFB9A4E6C5DE6"
"node_modules\cross-spawn\node_modules\.bin\node-which","389","AE614137EC19CD41EAB2F7A85CC508E6A19042B0DDA0A2815C07E5FB43A6E059"
"node_modules\cross-spawn\node_modules\.bin\node-which.cmd","325","818856453703B9E61DE47223E7505AD77CB4F40F456E348DAE2CA9CD501ABAD0"
"node_modules\cross-spawn\node_modules\.bin\node-which.ps1","805","D293014F7B06FFFC145F94CD02BD82B53C2DBBC3EBA99FF62DEDF882ADCC1711"
"node_modules\cross-spawn\node_modules\isexe\.npmignore","23","CA06E7CE01CCDD1F477910E1CD1339C23119ECF2386350B8AD876983E1DA92EA"
"node_modules\cross-spawn\node_modules\isexe\index.js","1192","7AF7A68708317AB2B8743B44591D98CA6F5CA787E89E7C289154471FD2F67331"
"node_modules\cross-spawn\node_modules\isexe\LICENSE","765","4EC3D4C66CD87F5C8D8AD911B10F99BF27CB00CDFCFF82621956E379186B016B"
"node_modules\cross-spawn\node_modules\isexe\mode.js","909","0381513485DD6D0799B160A5C0BF7B4A79D1ECE5C32182DE44AA73F756A7AC54"
"node_modules\cross-spawn\node_modules\isexe\package.json","786","395C2AF9ABEEAAFE7391974C1EACFB2A2BDEEF187F21C3F5582C49E0368E59BF"
"node_modules\cross-spawn\node_modules\isexe\README.md","1395","AB12FF031A831156EBD4F4253C2E8047D37547FB95FDE416BE524C8B8CFE4C74"
"node_modules\cross-spawn\node_modules\isexe\windows.js","890","B422B8FBB7815542DFBD1B3ADAEC5700249A1934C44A1D994654329C06FC1018"
"node_modules\cross-spawn\node_modules\isexe\test\basic.js","4996","7FA5CE613B782CB924483BCCD775A56F129B9B381DF4D346A9C951A789B31A90"
"node_modules\cross-spawn\node_modules\which\CHANGELOG.md","2667","89BC599CA0B3A119D711C62855B2E3619B734BF371EF55DCC049454313F9904E"
"node_modules\cross-spawn\node_modules\which\LICENSE","765","4EC3D4C66CD87F5C8D8AD911B10F99BF27CB00CDFCFF82621956E379186B016B"
"node_modules\cross-spawn\node_modules\which\package.json","1043","43010039ED5E89F7186960BE682B3CB5CDA5AB6CDFB06CBFD4F081CF0E7B4260"
"node_modules\cross-spawn\node_modules\which\README.md","1352","0C91F714F46006BC9A543E629A3CE3B63700FA8CFBE7C6310A0BCFF2738356DD"
"node_modules\cross-spawn\node_modules\which\which.js","3163","76845E1FE7851267FB7EE72B18F2D916996D330150E31E48F4657A79E9B46B5B"
"node_modules\cross-spawn\node_modules\which\bin\node-which","985","055F0AC4EED1A1591D033D59462972968BF3483B4CC07E163589569C0FB999F0"
"node_modules\debug\LICENSE","1139","3A61C6C96CAF5C1D9B623FB9B04C822B783DFCB78AA7E49C76A3F643E6ED7F95"
"node_modules\debug\package.json","1479","EA8E33D63FE5F3A4C36609B6C3DF8E2EF1F8B8BA2FC3A2E1E53CB27291F384AF"
"node_modules\debug\README.md","22115","486CB669048BD5014ADF9EA117E27A45C4E61B0E668F464C724273BEB8170797"
"node_modules\debug\src\browser.js","6103","19920671F5902F64AD8EA11767FA50EA9D7A71AE0B7DFF7BA5693C0075AFC763"
"node_modules\debug\src\common.js","6915","DBE83D2BB5837F3C4D7FE537B8004C585987270ECEED5B06B8E078DEB0AE214A"
"node_modules\debug\src\index.js","314","AA127FF1752B7D9C7415C5C7BB6994D9AA722B81BCBCAB4BD48316B013D23BF3"
"node_modules\debug\src\node.js","4728","D7B26D7C92F8EA7794B77CE11F3C11CD18C9084DF7C357E3C7025344FA28AAC6"
"node_modules\delegates\.npmignore","14","4D56952B0FB13BF8F9B6C13A6D4C34A075BAC3AF447636A1DF4335D7576E2F97"
"node_modules\delegates\History.md","336","F4686952CCCF52B0CFDEE52D5F2960DC5E8097A608987B22339ACA0F18A82B89"
"node_modules\delegates\index.js","2065","DB3EE6AB2FDABDFFC19D5DF0CF9461488329379CBB0640EB73203A35197960AA"
"node_modules\delegates\License","1079","CB4E4296DFC59387F7C6EF71B670CDE7050617313FCEA7173995176FEC0FCEF2"
"node_modules\delegates\Makefile","100","6438415EBEA1A06C38FB94429C95BE38996B1E774F6515D9A48E5D48DF20E9C9"
"node_modules\delegates\package.json","313","7FE6BA799E1316869F2990CFE8E51BD29A40E1E5F327BABDD38D23E3E23E8D87"
"node_modules\delegates\Readme.md","1768","E895B5EC0143566C555FABCF80709F08900C8C2DD935B4C335BBF39EFF9BC828"
"node_modules\delegates\test\index.js","1784","36D8A2D16E8138FA52AB1FD35348B8591414EDD6EE318DC1871FCB51A932DDA4"
"node_modules\detect-libc\index.d.ts","436","9500090533AAFE039C41D8D368A44959F04482BB75636D96BC843C06F3D6A348"
"node_modules\detect-libc\LICENSE","11357","B40930BBCF80744C86C46A12BC9DA056641D722716C378F5659B9E555EF833E1"
"node_modules\detect-libc\package.json","1278","EE88E5B954FDF3A8480B1D01EF767D68D8CA2C6DA269F58C5CF1C5550E9AA2A7"
"node_modules\detect-libc\README.md","3215","51A97449C443889155BC872522E6DE5A91A5FA73EDEFFA03D749E186BF0EEBCA"
"node_modules\detect-libc\lib\detect-libc.js","7503","5DE6A1C1ABEC8BBA5EA1261CF819D83A73C92EBE72B879AE48C59CA12320A462"
"node_modules\detect-libc\lib\elf.js","982","0E8820F00EE11D179D94894D4F97A6E87C34AB59E5DD4D3A571DFABCECF043AF"
"node_modules\detect-libc\lib\filesystem.js","1097","5C98FB66B559D0B4FA82C7A3E39D9AB6840F022C4C73E6B1A73AC6D16EC13FD7"
"node_modules\detect-libc\lib\process.js","569","F37DD0EAD9F70B50C6F5529C600E1CDF076E3C3BC8E6B4A0A9820A8D65244628"
"node_modules\eastasianwidth\eastasianwidth.js","12067","2672AE17E3D91C246546BF3D56E78C95570EEC79381EC143F41D45EC498BCCAB"
"node_modules\eastasianwidth\package.json","390","51DB62F97656D02D4BC9670393CAE42930DBD1ED89F5837056851807E602867A"
"node_modules\eastasianwidth\README.md","1183","5A20E0A3C5F1A6B449DD3FEE8E3F0C7DC0A6E508C93FA5703D7C8823D35AED54"
"node_modules\emoji-regex\index.d.ts","90","350F00936B770777203E7EC0FBDC95CC67122DF3D7E9BEB2BDC5C78E6781F4FE"
"node_modules\emoji-regex\index.js","15735","0766305FAF3D167FFD85AD6B6D52C80BFEBB90187D83EA6F96ED84B583777E95"
"node_modules\emoji-regex\LICENSE-MIT.txt","1077","483ACB265F182907D1CAF6CFF9C16C96F31325ED23792832CC5D8B12D5F88C8A"
"node_modules\emoji-regex\package.json","1331","181FA046BDBB7D8958C57DCEF2E63AEA9AF667036E218C7222479A8618375F1A"
"node_modules\emoji-regex\README.md","4513","E8E521420C6D406699B564F4F19ED087F0FA22D237079ADE464B281C242D29C5"
"node_modules\emoji-regex\RGI_Emoji.d.ts","100","6F4742C435F0E657EE951FDD0D2924E2DC2FD79748DC823F9863E8E925027728"
"node_modules\emoji-regex\RGI_Emoji.js","12976","D02478271A0E0BA3A1753FFB2217ABA4FF6852ECC6833EEA880946B15103A8F9"
"node_modules\emoji-regex\text.d.ts","95","D112F5017410E1DC1A885F3CD1ED94EB53094DE0D5EE91F173A127FE7AF826CD"
"node_modules\emoji-regex\text.js","14468","D1E41C11AA11E125105D14C95D05E1E1ACD3BEDE89429D3A1C12A71450318F88"
"node_modules\emoji-regex\es2015\index.d.ts","97","00D952A799128F978AC420F115F264F12C3D5ABFF305AFEDF0B060C250B4F878"
"node_modules\emoji-regex\es2015\index.js","17405","8899E020A16B1D0647C6BBD84E17592F1DEF5E65F4818FD7C21C0F10008B04DD"
"node_modules\emoji-regex\es2015\RGI_Emoji.d.ts","107","2E6BBC424E4413342AD2D45EBFC12673DB942236E17B86967E10B9852FBA74C0"
"node_modules\emoji-regex\es2015\RGI_Emoji.js","14024","6EF32D4593F0F75CC80D87D49EBA6C635A6AC9B5E0F8202520A6027277A7134E"
"node_modules\emoji-regex\es2015\text.d.ts","102","67F4320768AF9E78D8BE9EFC494719897FA0FBF8EE8AFE89DFD24A9441A7C7BF"
"node_modules\emoji-regex\es2015\text.js","15796","1FB82C82D847EBC4AA287F481FF67C8CC9BDE03149987B2D43EB0DEE2A5160B6"
"node_modules\encoding\.prettierrc.js","156","F5A1A1E54071E6C49804161A86D4315D32EB47CBB155794379ABE16AEEB07074"
"node_modules\encoding\.travis.yml","505","B3106A20C12BD85D89E24F1937B5477C848B9D9163C4B9103750E8B40D074A2D"
"node_modules\encoding\LICENSE","935","2453D3B90AA23715EEC80B25FCDA1BEBF71052AD41A6694D58A9AA867D103C81"
"node_modules\encoding\package.json","432","8A868D7C206BF2EB71C0721A957B7A255738678F72C290C880B46FEC4EC54DBE"
"node_modules\encoding\README.md","1379","4DA47BBB1DA019629FFFCFA736BC154E854BDC710BA149E0DDA5EF19BAA97B28"
"node_modules\encoding\lib\encoding.js","2116","9D4BB3D5942DD1C97DA48470DBC3775FAD31387E8AEA997F20B07CB16EC1439D"
"node_modules\encoding\test\test.js","1600","DBADC655493BCF1419B90B27C1F66D935962ADE084B959327D7C7D6C7092E633"
"node_modules\env-paths\index.d.ts","3074","6BC60B4956B1E7F38B44938F14AEAF6FC79F1AA72A8A3281116521A418C968AF"
"node_modules\env-paths\index.js","2155","84351667051B005F9856319267407B06AFFAD12888355462C7C8740F22CA3999"
"node_modules\env-paths\license","1109","48DA2F39E100D4085767E94966B43F4FA95FF6A0698FBA57ED460914E35F94A0"
"node_modules\env-paths\package.json","698","B92833E5851EC53BD4CD8093F6099D0C6E6818C4374EC1D09AA25D4F9BA91EC4"
"node_modules\env-paths\readme.md","3127","0E7E14CBBC73F780195E6115B26ACFB561741BAB0860E954B1780271B1566966"
"node_modules\err-code\.editorconfig","179","11D51D79C3C77DE54D65B5D8BB3AEF11DCC44BA7346379BF4D6E2B1DEA7512CF"
"node_modules\err-code\.eslintrc.json","127","40A49A05CD0651E460FBAD5728DCC2268EC93ADD68266EFC045D1DF5F18EEAD1"
"node_modules\err-code\.travis.yml","43","B6C02FCF5C124C981F16F605B05C78B55BB592B2AC8241C602A85ECAE5E3B5EA"
"node_modules\err-code\bower.json","589","DF976FE4BF93AC8FF560126417996EBB67C60FB31E1B1CE38ED83EDE7B859978"
"node_modules\err-code\index.js","933","D523AB544DD4E8D0B4B48E7D47C37ADDD2D53D28A98FE799ED63862AE1EFB6DB"
"node_modules\err-code\index.umd.js","1821","B21B9AF33FCEB86A5A2BBCCCB9F97A0C6319448F74ACF4A3993804EA56097980"
"node_modules\err-code\package.json","844","FF5360C17C3E197FC4A4A4FA0D07640292556D585A49C8651FD198E926D47BCC"
"node_modules\err-code\README.md","2482","2D89BCF41BB06B2EDDBE129A75ABD418EF92A5F633ACCEC609FD22A4843A5A93"
"node_modules\err-code\test\.eslintrc.json","44","792C8D5BA2E884521785D294C665BDC0B079B4F7AD432EA56864A7286E6B1749"
"node_modules\err-code\test\test.js","5218","437D84A26AACAFAAEF2D886444323B2AEFA76B69655E17E3B2968B1DD65229AC"
"node_modules\exponential-backoff\LICENSE","11351","F5AFC95C69E116EA6B1755F91A8763F53EADB78B4F1582A08D2D18586A03A117"
"node_modules\exponential-backoff\package.json","1329","C3076CC23AA8D9F5123900305B9C174AF612BFEF91211C658AB914611DD86FA8"
"node_modules\exponential-backoff\README.md","2414","C2F7EAA92A77F2D135B9C06A158038A38F4649C9D27DEC15012AA4AFD8E1B35A"
"node_modules\exponential-backoff\dist\backoff.d.ts","443","10C163F67197CF2D4D76AE7C74D68825C3A95BFB0219BF944B926D53FF648FDE"
"node_modules\exponential-backoff\dist\backoff.js","5903","2B5E92BC4531C746EDE193E095E3564902083334DF9B53A66DC91ECB4E0A05CD"
"node_modules\exponential-backoff\dist\backoff.js.map","1297","0B76FB94B776E752738E9D275FB5629BF196E9B53270341B4264D3DBCB1930CD"
"node_modules\exponential-backoff\dist\options.d.ts","2221","5E5CA00FAC373064D528582F9582CB0679A271F89276E5D30DB64BA789D6EFDA"
"node_modules\exponential-backoff\dist\options.js","969","8D2C5B2D2B69E7F8F18C32FE255E83413A0013CAD2216ECD34D07FE566EA3B17"
"node_modules\exponential-backoff\dist\options.js.map","521","98A00420B20B3E82159CD77BAA5485A195E931210A07AB8F89554EF85E0BA4AC"
"node_modules\exponential-backoff\dist\delay\delay.base.d.ts","436","6C45ABD4245CC7E5BB26DA5A0563BE010884B1C523700E6EAFCA652661BF4562"
"node_modules\exponential-backoff\dist\delay\delay.base.js","1530","FF428341472DF66189BC55552BDC1FDCC82414FE67F6AC7A6D085A90CB87E39C"
"node_modules\exponential-backoff\dist\delay\delay.base.js.map","1040","69ACAA54CD33E48F6C1138254BDD4B7D135481F9419DED45C44E2D4FC3E77B00"
"node_modules\exponential-backoff\dist\delay\delay.factory.d.ts","179","6312DEFD18EF1EECF366A12F29A4CC86CB576AC78F409B68299B673676D8698D"
"node_modules\exponential-backoff\dist\delay\delay.factory.js","613","FD0B733E12E019BE65D70F4EDB78E48CE9B8EA1ED19A653A4839E11A995E88A0"
"node_modules\exponential-backoff\dist\delay\delay.factory.js.map","487","A89AFF6C70BDEC29A73F687579CFAAB9FCBFDF3BC9A561FA9D9D4055E67B2C3F"
"node_modules\exponential-backoff\dist\delay\delay.interface.d.ts","112","DF20D6D51BAB83D874165FFF11389A84A159280F54A1EE63AFB80A0CE742BF62"
"node_modules\exponential-backoff\dist\delay\delay.interface.js","120","1C59B7A3A0C9FA05DFBA47568210865C8E16A1FF60183B3DA5782B6785E9DC28"
"node_modules\exponential-backoff\dist\delay\delay.interface.js.map","131","BEE7DAFDEE99000E994357285D07E46C1FFE73C7AA75E4BEC58C0329519B14B9"
"node_modules\exponential-backoff\dist\delay\always\always.delay.d.ts","90","646EF355EAE4326099FFD87D0BF40254DF5BDCEA6293E0B73FE49F6ED93164BB"
"node_modules\exponential-backoff\dist\delay\always\always.delay.js","1028","82ED246FDF73D87C8219A57CF2818A0EAA2B2EB890155E3B4FA933FC81F26F3B"
"node_modules\exponential-backoff\dist\delay\always\always.delay.js.map","253","4F20AD19AC9CC87C2B9D9F77F6CA673C2D613B551C33C365D98F2FF74E847E3B"
"node_modules\exponential-backoff\dist\delay\skip-first\skip-first.delay.d.ts","214","A60CBCE5CF7FD97E4F311EE3D6B855D76CD06B7817AEABFDAF78977795498657"
"node_modules\exponential-backoff\dist\delay\skip-first\skip-first.delay.js","4249","0E45504B53EC2A110F642939B18DD1B963728E8A3ED209208A72860C55639C0A"
"node_modules\exponential-backoff\dist\delay\skip-first\skip-first.delay.js.map","573","E01581503442422D7FE2543648DFC4FBE0D42B1E76B8AC99395B62EF580CBF2C"
"node_modules\exponential-backoff\dist\jitter\jitter.factory.d.ts","175","B2395E942C136EC68ED4F408D52650CA4EC32B179745C8D313A0D08936471CAA"
"node_modules\exponential-backoff\dist\jitter\jitter.factory.js","471","E51D94DDC719C2B952A50D7A295596CF6BD4280B53E4DCAB1ABD15784CE83CA4"
"node_modules\exponential-backoff\dist\jitter\jitter.factory.js.map","326","4BB8C1DAF2EF37E955A7584EBDE5A65C39BEF4B365937ABDBE45D037407ABC18"
"node_modules\exponential-backoff\dist\jitter\full\full.jitter.d.ts","59","D585FE78E6A4F85E1C2C0AF9A8D32F621CF960114169C652605C4C214D99A23D"
"node_modules\exponential-backoff\dist\jitter\full\full.jitter.js","265","547B50CB458C943BA82AD3602E5129289430BAC64C483E3DB99427AA2703C7C1"
"node_modules\exponential-backoff\dist\jitter\full\full.jitter.js.map","283","66C499B99935970784EFE160C18D4F3AB05FD7A1A10320688D5F9CCE77218CEA"
"node_modules\exponential-backoff\dist\jitter\no\no.jitter.d.ts","57","DAC93AE85A30D6C7A34CE868B6E7E041A48A1D0523855CE802CF58849E01ACFC"
"node_modules\exponential-backoff\dist\jitter\no\no.jitter.js","190","D94BF184E944ABD02643A95A37BFED32757D8763B6FB1E52F5B593D37F8BF903"
"node_modules\exponential-backoff\dist\jitter\no\no.jitter.js.map","196","E96D6B4D7E645DB2194EA9FEB788C0C5C1982AF6E0E3EDBDB0B463AEFDCEA956"
"node_modules\exponential-backoff\src\backoff.spec.ts","5882","42FBA33FEE9EB7E190F3C042A7CED7C8A620981B36DF362EAAE42692D700234F"
"node_modules\exponential-backoff\src\backoff.ts","1508","2D5A38E4D7C210B2637D51F8AD99FD1747FBF8B8FB071B213F04E4E0100E3F6B"
"node_modules\exponential-backoff\src\options.ts","2460","17FC30C3F10C028B3B876FADC88D10C5A2ECE1DA71B5156068606B722C548974"
"node_modules\exponential-backoff\src\delay\delay.base.ts","911","56E08680FC52A27B8B5BDBB6D49076C59CE34AD94E5BE4DC1D0FA718852F504D"
"node_modules\exponential-backoff\src\delay\delay.factory.ts","570","E58763D07D0ED96710F87AB3305B1070C2C041806780006530A251174451F2C5"
"node_modules\exponential-backoff\src\delay\delay.interface.ts","108","5152C5928C6584A633A0FC8E9E6AE42EAC83F2B49D473A7EA0A648209447CE08"
"node_modules\exponential-backoff\src\delay\always\always.delay.spec.ts","1900","C4DCDA0847AE3C2EA7FFC67B9476B8D4E190FD591A54D7A05016D0C4503D824D"
"node_modules\exponential-backoff\src\delay\always\always.delay.ts","81","65F39B8526EFABCB5AE157B368AF8C1666EC170B9A3F64257DBCF5D3D5ECF481"
"node_modules\exponential-backoff\src\delay\skip-first\skip-first.delay.ts","337","4D16DFCB0A9E51018EC49E111F2D6B9600BBDB57FAE70DB7783D9200131A3129"
"node_modules\exponential-backoff\src\jitter\jitter.factory.ts","384","7FD912A3B91F2B86E34CA18611AD7AFDB6FA217A9A27A2AC7BA873D5F8A0F898"
"node_modules\exponential-backoff\src\jitter\full\full.jitter.spec.ts","1072","26194530A0BE93D0BA739DE7D391B2287EEA1C9F33410F38B790DBC9B36B0E27"
"node_modules\exponential-backoff\src\jitter\full\full.jitter.ts","132","5FF4E63210C13797670E8AF377B42D556C75F57120717216F0422593CB9C4B67"
"node_modules\exponential-backoff\src\jitter\no\no.jitter.spec.ts","252","893B7ADD31A05CB9E0E48D02598DEEFA8F24F888F0858093F9F3EFB32EB99A46"
"node_modules\exponential-backoff\src\jitter\no\no.jitter.ts","61","D636343DE584C61BBC4CEAA6E8892078C7C893F252B3E60768DC8EFADCD1B008"
"node_modules\foreground-child\LICENSE","775","93F5D82A8D59442FE3275383453A255FEF761647FB28265644010BA799806148"
"node_modules\foreground-child\package.json","2713","434959CC3A188AA891E21BC23F5684421425722FAF2DEC45B7CFF2CA2934BD6A"
"node_modules\foreground-child\README.md","4488","281516E35971919C39BC54ED0B415F63595CC3B78505F7A740E98395430685DF"
"node_modules\foreground-child\dist\commonjs\all-signals.d.ts","92","7040294FCAFDC9145F5C5D8D80ADC91A5AED74E2BB049E348F3AFE4277692F54"
"node_modules\foreground-child\dist\commonjs\all-signals.d.ts.map","169","12AF2504EED18A2B790B78A1E517273E948859528FE4461C0B74C30247FD0C80"
"node_modules\foreground-child\dist\commonjs\all-signals.js","1553","85D07BE030317C50580D7FBE9DEA720E103FC9EF50D1417D5FB8326CC5380735"
"node_modules\foreground-child\dist\commonjs\all-signals.js.map","2231","21E9345C0F759267D1A2E21F078719701F4D8F54D3902DA36825C6B19961D799"
"node_modules\foreground-child\dist\commonjs\index.d.ts","2819","E327B0D8E04F780CE0FEBE9279361930DFE1D606662F4A27738F1EF3CFC12F69"
"node_modules\foreground-child\dist\commonjs\index.d.ts.map","1921","6B478AFED6C3B01FECC7430A2025D5D89EED6D0D1C69F908ED10D2D4FFEB7C06"
"node_modules\foreground-child\dist\commonjs\index.js","4076","0B69D2A2BCA2AA47C29F565BB391926B804C442CB4A9610EDEAF63136720E5DC"
"node_modules\foreground-child\dist\commonjs\index.js.map","9835","45C66C399578573FFFCE6CDB1F32494FB3712564B833744E2E951CAA7F09CBA8"
"node_modules\foreground-child\dist\commonjs\package.json","25","8005A3491DB7D92F36AC66369861589F9C47123D3A7C71E643FC2C06168CD45A"
"node_modules\foreground-child\dist\commonjs\proxy-signals.d.ts","232","7E50B14DFEE2A9F0A8CC1000CBD63E4D06B55B5512CA8A4F0EF9502B6EE0F469"
"node_modules\foreground-child\dist\commonjs\proxy-signals.d.ts.map","221","D679AE16854F1253094BA92477F796ED9A8A45F29FFBCE8A5A35FFFF76C66DAD"
"node_modules\foreground-child\dist\commonjs\proxy-signals.js","1159","0DAB77A939ADC2A53A5B8DFFA327F5F4C68C574F5F3E2B1765833816C2E051B5"
"node_modules\foreground-child\dist\commonjs\proxy-signals.js.map","1884","1B28267080F17F83DA5CC1DC2F4A38F3BB0F1956C9C5BF2A1486C0CAB30382EF"
"node_modules\foreground-child\dist\commonjs\watchdog.d.ts","416","68EEE18276BBB69A421D65F877AC757ACE51E4D5985BD3EC798F9352BF889FA0"
"node_modules\foreground-child\dist\commonjs\watchdog.d.ts.map","211","59761CFC5664304CFB1467E746FE36AB756E7338E2720A1C0B7894F0AC8EE065"
"node_modules\foreground-child\dist\commonjs\watchdog.js","1574","0CC73C6DF33BAA18D21856329122D1977DB47B3A634931C249E300E93B04A879"
"node_modules\foreground-child\dist\commonjs\watchdog.js.map","2214","01161117F0E5512023D610B0F9EB26D3D3A3FB3506EC5DFF4AF5A3A8D5D99F81"
"node_modules\foreground-child\dist\esm\all-signals.d.ts","92","7040294FCAFDC9145F5C5D8D80ADC91A5AED74E2BB049E348F3AFE4277692F54"
"node_modules\foreground-child\dist\esm\all-signals.d.ts.map","169","12AF2504EED18A2B790B78A1E517273E948859528FE4461C0B74C30247FD0C80"
"node_modules\foreground-child\dist\esm\all-signals.js","1269","12ECFC63358A43E1A242B3FD859F45D364302E865DEBF5C36AB440E3022421C3"
"node_modules\foreground-child\dist\esm\all-signals.js.map","2254","E933DD00B6A3FC1BA6FBEA0D8221BDACCD0960141E5FC2126CDFD5E2C240C17D"
"node_modules\foreground-child\dist\esm\index.d.ts","2819","E327B0D8E04F780CE0FEBE9279361930DFE1D606662F4A27738F1EF3CFC12F69"
"node_modules\foreground-child\dist\esm\index.d.ts.map","1921","6B478AFED6C3B01FECC7430A2025D5D89EED6D0D1C69F908ED10D2D4FFEB7C06"
"node_modules\foreground-child\dist\esm\index.js","3613","AD74C32C0882F8B6DE4A23B2C4171BC725836E9710665EBEFF1E3876AD1AA9FC"
"node_modules\foreground-child\dist\esm\index.js.map","9922","19DC0017DB8950772C1506129FA35DB3029CABDE018B468008A9AD6059E7BBC4"
"node_modules\foreground-child\dist\esm\package.json","23","3CA9D4AFD21425087CF31893B8F9F63C81B0B8408DB5E343CA76E5F8AA26AB9A"
"node_modules\foreground-child\dist\esm\proxy-signals.d.ts","232","7E50B14DFEE2A9F0A8CC1000CBD63E4D06B55B5512CA8A4F0EF9502B6EE0F469"
"node_modules\foreground-child\dist\esm\proxy-signals.d.ts.map","221","D679AE16854F1253094BA92477F796ED9A8A45F29FFBCE8A5A35FFFF76C66DAD"
"node_modules\foreground-child\dist\esm\proxy-signals.js","997","589092834E2A5366EDF599637D408A44DF1B060AA0E84353EF0C23A389C5DA2F"
"node_modules\foreground-child\dist\esm\proxy-signals.js.map","1896","85F664FBEA6CA82C93549EC68559A647D8237918FA0AB6E07089ADDAE7625860"
"node_modules\foreground-child\dist\esm\watchdog.d.ts","416","68EEE18276BBB69A421D65F877AC757ACE51E4D5985BD3EC798F9352BF889FA0"
"node_modules\foreground-child\dist\esm\watchdog.d.ts.map","211","59761CFC5664304CFB1467E746FE36AB756E7338E2720A1C0B7894F0AC8EE065"
"node_modules\foreground-child\dist\esm\watchdog.js","1416","89F0AD05465AEE2E0B6B631B372A26D8040622D506C0E14F55C1066FC91ECB5F"
"node_modules\foreground-child\dist\esm\watchdog.js.map","2223","CD7FAE8FD323CA2C87AD2D0355841C6EEF64D13233D6DA07B0CE0F4C04A4EE2C"
"node_modules\fs-minipass\LICENSE","765","4EC3D4C66CD87F5C8D8AD911B10F99BF27CB00CDFCFF82621956E379186B016B"
"node_modules\fs-minipass\package.json","1295","E90117E65341117CE56AB6AAA8B59291210601F69C63996FBE446A9A30237FC6"
"node_modules\fs-minipass\README.md","2469","9B8FDE0E2EB47E34FF39349C4DD2DFE0329C8C3CA1B92F8D0540B238257F5A5A"
"node_modules\fs-minipass\lib\index.js","9884","912B77FD03D013203AD1C3FA7C8712660F599E4D194AF41815FCEB059FF88FAF"
"node_modules\fs.realpath\index.js","1308","2E334BA43CD4852F7A3ED68159029167C05D7FA6AF536E6EF177EB868CCD1BB8"
"node_modules\fs.realpath\LICENSE","2125","8465B04B67F473341171B5C9C8B2C741A4A395B3F6ED58339B3A4F4DB3DB7472"
"node_modules\fs.realpath\old.js","8542","07245A82717F9BFA2A63B9784284A1B7FC43FF5FCB4AF2A94BCE5F83611D4A2F"
"node_modules\fs.realpath\package.json","577","2985019B1B3CF5894DF9B831816F7B480833931DA982489E3A98C346CE7DA897"
"node_modules\fs.realpath\README.md","881","FB5CF635902E9C47D767A1DE8334DFC19F171C38B6D14585204A50AB294A52EB"
"node_modules\gauge\base-theme.js","395","AD22F4A05D105265611188E123E4A7EE07BE6D28DC5EF39C98B4F686E7A902A7"
"node_modules\gauge\CHANGELOG.md","6431","E4E30E3B634B4D42A74E2845CD13EE25C425F86EE175B275A325F70C1989C37F"
"node_modules\gauge\error.js","616","2957DC2045A462606DF224526D880FCC7A472BC992A74B0DB9B23BF1984A9B20"
"node_modules\gauge\has-color.js","99","BC77CC5732B948D7FE113B31FF78972D6EA336F8D15E8547542007657D41DC30"
"node_modules\gauge\index.js","6998","FC4C02532DF6A0D666DCC54C2A1820639244E10FC8F86D5FC59526C707EA6A49"
"node_modules\gauge\LICENSE","751","AF83B3CE4E592E87B4ECFA8C8CB45BC4EC26D0B3FB8F34F3687088F6928F705F"
"node_modules\gauge\package.json","1431","D1A3DC8B60543BCD27799A79A1CA7305602F2B2444DF5D9C16546C67333D8C5F"
"node_modules\gauge\plumbing.js","1269","0DB8C804E8D5B02A1F7EFF072D3D7701F2CC5DB341074BBE1E4BDD6CA8E3AA95"
"node_modules\gauge\process.js","89","742BD2D12A7786E595955C8A846DBEFE88591DF39C2659491BDDADBB8ED7DAE6"
"node_modules\gauge\progress-bar.js","1000","153E12A74533253A784B0707094471E4B1CE6252E51A0FB9DDC165B899F81F9F"
"node_modules\gauge\README.md","15411","8CCFA0E70CE91E20A6D9971D6B0051F5668AD02B4B18ADCA31185D5C4562E41D"
"node_modules\gauge\render-template.js","5646","29B410AE7B169F680AB2AD67FEA1299282D055BCE90EF0B0C5B43878DC8A6AF4"
"node_modules\gauge\set-immediate.js","139","90DBB2E127D9B971731B2094B2516A463243E4074367DD4129FE2849EF598514"
"node_modules\gauge\set-interval.js","93","19D2FA52118A39A7810EFEB7BCE45418F3E55EE7B445C85811D07A2F73B7BBB7"
"node_modules\gauge\spin.js","105","4DDB202944FD4E556EDC68107B1A1F33DD25F1910876D2BF04EB5A58AE060C9D"
"node_modules\gauge\template-item.js","1903","40F44B2A921BE2BF83C15D158850A027DC2CCAD355B4F2FD977F24552EC831D5"
"node_modules\gauge\theme-set.js","3692","A396BD54CB0B997AD6BFC441CF2E2FFBC901CE084ACCF8BE5F957595A8DF3167"
"node_modules\gauge\themes.js","1653","01F30725F546A4997E02C3479C238B2DF962773FF1D27AB8545DA6AFEA79B0EC"
"node_modules\gauge\wide-truncate.js","828","9CDA29FE56643215B87710E4D99DF6A2A78101927D99047EE69DFB114017138D"
"node_modules\gauge\node_modules\ansi-regex\index.d.ts","744","A902326B04490DB2B99A85E58E0ACB14A437CA7E2231E9ADFB2FA91ACDCC365C"
"node_modules\gauge\node_modules\ansi-regex\index.js","350","C92312790EB1F246B7C4C1FE9C1247B15441BBCA3C6CB64D167BEEFC45302753"
"node_modules\gauge\node_modules\ansi-regex\license","1109","48DA2F39E100D4085767E94966B43F4FA95FF6A0698FBA57ED460914E35F94A0"
"node_modules\gauge\node_modules\ansi-regex\package.json","841","8B2DC166F2B74D5098BAD38BDD3DD2F4D4775C626199872F5E36DBB48C40931D"
"node_modules\gauge\node_modules\ansi-regex\readme.md","2565","3EBC0F845B1BAB50600F823716040FBEC355D3C356A3A76B8EB9EB593B6C7A3A"
"node_modules\gauge\node_modules\emoji-regex\index.d.ts","427","69922C48A8F28317217455373EEDAF7303772D0C2370CD9B553F091E71F7D47B"
"node_modules\gauge\node_modules\emoji-regex\index.js","10286","C56978800E47F095CFBFE96712B5E78D150D1F62E32BB4943675213FCE481EF0"
"node_modules\gauge\node_modules\emoji-regex\LICENSE-MIT.txt","1077","483ACB265F182907D1CAF6CFF9C16C96F31325ED23792832CC5D8B12D5F88C8A"
"node_modules\gauge\node_modules\emoji-regex\package.json","1278","7BEC29B9CA68F2C4BECC60E866C2F9342ECDC89FAB39841A818CCD9EDA15C148"
"node_modules\gauge\node_modules\emoji-regex\README.md","2691","83FA2A1A5A1DD7318B99CB17C76927B775098D8FFF0D3136C00303E4A7D0B267"
"node_modules\gauge\node_modules\emoji-regex\text.js","10287","4BAE97C68C68CC8C56FA873FCBCBAF6869DA926F3F38DDD9CB6CA22E8F60DA41"
"node_modules\gauge\node_modules\emoji-regex\es2015\index.js","11104","8718DEA4D28647912918DBA60545890DC10AE672BFB186B6EC0AF3FC5E826137"
"node_modules\gauge\node_modules\emoji-regex\es2015\text.js","11105","AAD6B3F580511FE1FD70AE4DDADFF4F4EC6BD5143F1A53B93C7E16EAF608D552"
"node_modules\gauge\node_modules\signal-exit\index.js","5708","7CC6F6A1E14DEC79DC23F6AFD7CACA1319189747144E1A33AF77616C21D9E9DE"
"node_modules\gauge\node_modules\signal-exit\LICENSE.txt","748","E05B1EAF5B5F99B7AD75CD1F38858FF9A311780B97715EAD67936D60BF96AA7E"
"node_modules\gauge\node_modules\signal-exit\package.json","864","CEC1BBA4C97E0CF653C13C8C79F745AAC2232131EE718C93C4236C1B9577A201"
"node_modules\gauge\node_modules\signal-exit\README.md","1343","8DB9EAD38FD25B61ABBE81CAE8934EEAEB303AB52266305E09B617A352CC9E98"
"node_modules\gauge\node_modules\signal-exit\signals.js","1295","AE538FDAE683D6FA2E14579DA06DF10FB7A66378CFA50971956FB68C2C86C727"
"node_modules\gauge\node_modules\string-width\index.d.ts","792","08F234E8871DACF59E1F194FD83C11D002D8D4D488F7BE138900755E3E637A24"
"node_modules\gauge\node_modules\string-width\index.js","923","ED69EA4F757130E46DC48A0CC31BEB6257E61A31C70936D82B8A3F02FFD64DF5"
"node_modules\gauge\node_modules\string-width\license","1109","48DA2F39E100D4085767E94966B43F4FA95FF6A0698FBA57ED460914E35F94A0"
"node_modules\gauge\node_modules\string-width\package.json","941","6457A02418F004FE5D3FBBB19C7CBCC1450A8B887FF9A471DC6985AC83A48D36"
"node_modules\gauge\node_modules\string-width\readme.md","1396","CD4AAF53CC7DF4210595512D1FDFCD78B671DA703A7E695673FCECC167EC66A3"
"node_modules\gauge\node_modules\strip-ansi\index.d.ts","369","4B0F7F88FC46A672CB59EEB2782AF271C203600D602F57A717EF07F96092CAF8"
"node_modules\gauge\node_modules\strip-ansi\index.js","154","BF37CD692BF030C2EC270945BC26AA8B19AD379FA5916F12304758F709AB0978"
"node_modules\gauge\node_modules\strip-ansi\license","1109","48DA2F39E100D4085767E94966B43F4FA95FF6A0698FBA57ED460914E35F94A0"
"node_modules\gauge\node_modules\strip-ansi\package.json","798","0130850B9DA0584F54CC20D3DAB6365C807E9436AC78E016D5009EFA99BD0530"
"node_modules\gauge\node_modules\strip-ansi\readme.md","1599","CB384DB30337ECEC75919B4C69AAB67358B4F4E384406956687894B6D777413B"
"node_modules\glob\LICENSE","775","CDBC258D13806538E727964C2436A8806E6E2496CCD616224AACE6F7BF98DBC1"
"node_modules\glob\package.json","2601","5455B1A29F8C3F3B6A41C2C053BF0684F14464BB5360F7B8C8702BF45B2DA0BB"
"node_modules\glob\README.md","48383","1D91504739AB671D66695B419DCD9CE11E1FF01198B5B3180E56491040429A40"
"node_modules\glob\dist\commonjs\glob.d.ts","14808","856F2B4CDEEFE892326C22A0357AA20D8B59C6930EB5F811E363DC6E18685CA3"
"node_modules\glob\dist\commonjs\glob.d.ts.map","4038","91A91361619A2034D7DCB84E1C68E08447DD666166258BACA6D6255CEEFD41CF"
"node_modules\glob\dist\commonjs\glob.js","8546","85078777A79F3E4F9026009C57BF0316D947913F579462E73626DF94CF409DD6"
"node_modules\glob\dist\commonjs\glob.js.map","28218","877FA783824B9F2C4E724AB47BD692CE593A286A846DE7A0CFBBEEB0C36E06E6"
"node_modules\glob\dist\commonjs\has-magic.d.ts","760","4DC19C0C00DC6AECBC60CCBDE00E5C6302197593BB47CD481294D3F78A386B93"
"node_modules\glob\dist\commonjs\has-magic.d.ts.map","258","7730E1AFA8670895C9B9FD3DFA76FBD2A4011DE2D1A8AA0F07F8DB863C56E560"
"node_modules\glob\dist\commonjs\has-magic.js","1058","1E4A9ACAFA68903D5331E17635339CA59C52B71152E82E195438ADC46EF7381A"
"node_modules\glob\dist\commonjs\has-magic.js.map","1482","CA4A6C3898A217471FB053EC8FA3BF89A6E05535BEF662B228DDC3B1FB05C001"
"node_modules\glob\dist\commonjs\ignore.d.ts","813","D840BFF80B305E555CE81588219586207DA31317649256FA021AD293DE9A3D1A"
"node_modules\glob\dist\commonjs\ignore.d.ts.map","886","1A4E51F33C24667754901D1BF1A556385132DDABBBE4894E7DD89D1F99198626"
"node_modules\glob\dist\commonjs\ignore.js","4267","793E155177F3B9600432EA3D0978C32CE0C9981C702FFF77D587333FC731CFBB"
"node_modules\glob\dist\commonjs\ignore.js.map","7471","61A376B3A97F43A999907A4679D9D6052C7C1201DEC4C297511A595BC6214626"
"node_modules\glob\dist\commonjs\index.d.ts","6211","B0287D4E1952363942BC3925344293DDA6411AFC2791C5421B20DF03353751BB"
"node_modules\glob\dist\commonjs\index.d.ts.map","4085","C16E4F243248271FCD0665782CACE03944B5131E0D8FDBC00753F4C3E2C16AF6"
"node_modules\glob\dist\commonjs\index.js","2876","BE0581401DFF74824ABE8ECD4F177D96535FDC1FE1B6698A9B4A4A9C4448BB61"
"node_modules\glob\dist\commonjs\index.js.map","8370","518D7736A20B431027EB98876D2E733C17CAFA8992A2712E1F33A4C9430DA0BF"
"node_modules\glob\dist\commonjs\package.json","25","8005A3491DB7D92F36AC66369861589F9C47123D3A7C71E643FC2C06168CD45A"
"node_modules\glob\dist\commonjs\pattern.d.ts","2117","C3E973BB170CDA56B3ADD0962B78AB5859C38B6791F55B46506EE642BBA6EA09"
"node_modules\glob\dist\commonjs\pattern.d.ts.map","1314","B75BC80C025C0CFCD7CFE70AFACA70907E38922854594C80F199EEFA6CBAAF64"
"node_modules\glob\dist\commonjs\pattern.js","7300","DE9A2B4A6D53E41A4B0E555DB60A159E1292CB9C2E7E348309D1FE23D89755B9"
"node_modules\glob\dist\commonjs\pattern.js.map","13391","9B51AC0D43612C4D9287D4BDB5D82E62563DE99D6A3C18346A9E4352657392B1"
"node_modules\glob\dist\commonjs\processor.d.ts","2136","5D20853A892F76D9C0C01F7A38C428F48F8FCA89C33426320826D1F0090A7DAC"
"node_modules\glob\dist\commonjs\processor.d.ts.map","1748","0C9435D91446DD471239E1A66C863336BCF3295DD1F6227C7C20D1AD6DF60585"
"node_modules\glob\dist\commonjs\processor.js","10760","5C36F0422D39637DD6654A478D34A7465AA8A28BB728EA2C9F9C373F93B3E7B6"
"node_modules\glob\dist\commonjs\processor.js.map","19044","CD35E1C0DAA95F56095CAEF934B92F900A93AFC90B3604635427444E0FC5D027"
"node_modules\glob\dist\commonjs\walker.d.ts","3780","C3AB91E697053AB728B5621722040FEB03B57D64AA91267E7FCA7B2F9DD1EE55"
"node_modules\glob\dist\commonjs\walker.d.ts.map","4195","D2F9134B1058571E80315959C20A359BB10606E4859974C445357A0D988EACB3"
"node_modules\glob\dist\commonjs\walker.js","12869","1138CED9D5429681A1740AF32D13391A38184A3376D1D9D56EEA64B7A43274A1"
"node_modules\glob\dist\commonjs\walker.js.map","27899","71BD3640E36DA79EFDFD8217110349B37D85B936AC2E623547C9569CC2BD4137"
"node_modules\glob\dist\esm\bin.d.mts","65","964EDDED777BD10B441E2D101AD68E1DE592B4D6047831D691504B1C24E4EE4C"
"node_modules\glob\dist\esm\bin.d.mts.map","105","841AFD69C6DA79A25300E09F76C99B22475D79CDF56C42CD1941663DD5762885"
"node_modules\glob\dist\esm\bin.mjs","12645","EB77A6B359958F341AA9CCA28270B1F73939C7E698D38FA6EA8B494C562CF021"
"node_modules\glob\dist\esm\bin.mjs.map","18577","4F6FC55C682F32F4D8235FA2BA8654C66E54866F83B89334420C0461D8438809"
"node_modules\glob\dist\esm\glob.d.ts","14808","856F2B4CDEEFE892326C22A0357AA20D8B59C6930EB5F811E363DC6E18685CA3"
"node_modules\glob\dist\esm\glob.d.ts.map","4038","91A91361619A2034D7DCB84E1C68E08447DD666166258BACA6D6255CEEFD41CF"
"node_modules\glob\dist\esm\glob.js","8339","CBBD388D7D35CE34B15427376CD68BCEC0E5221C9330C498B8D8D707E13F8893"
"node_modules\glob\dist\esm\glob.js.map","28377","F4D6400FE231B50FC99632B4A6EE3B3096ED6C12C14F1D179AE1435D978BB29A"
"node_modules\glob\dist\esm\has-magic.d.ts","760","4DC19C0C00DC6AECBC60CCBDE00E5C6302197593BB47CD481294D3F78A386B93"
"node_modules\glob\dist\esm\has-magic.d.ts.map","258","7730E1AFA8670895C9B9FD3DFA76FBD2A4011DE2D1A8AA0F07F8DB863C56E560"
"node_modules\glob\dist\esm\has-magic.js","917","875F1DC7229D850E9ADAC1786CF1F0FEA3A718F4E91242049BE0E409C19A8E02"
"node_modules\glob\dist\esm\has-magic.js.map","1495","70E38CB5C0CEAC46B4E8C98B9161DC1742486015A54E6F2A4DB608B06C684224"
"node_modules\glob\dist\esm\ignore.d.ts","813","D840BFF80B305E555CE81588219586207DA31317649256FA021AD293DE9A3D1A"
"node_modules\glob\dist\esm\ignore.d.ts.map","886","1A4E51F33C24667754901D1BF1A556385132DDABBBE4894E7DD89D1F99198626"
"node_modules\glob\dist\esm\ignore.js","4101","E0C4FD1231423017907978530F4AF1B04BBB3152F4206D869BD8CCC3C68264E2"
"node_modules\glob\dist\esm\ignore.js.map","7514","A471753E46F07CFE80FD43C6C22450463F2BCCC6479359C4B4A1F491F11F2DC8"
"node_modules\glob\dist\esm\index.d.ts","6211","B0287D4E1952363942BC3925344293DDA6411AFC2791C5421B20DF03353751BB"
"node_modules\glob\dist\esm\index.d.ts.map","4085","C16E4F243248271FCD0665782CACE03944B5131E0D8FDBC00753F4C3E2C16AF6"
"node_modules\glob\dist\esm\index.js","1647","C1C6EDEB1F365B61DBA99C88592ABA8BF36FDE8BC6D9F7C515E78086D87E2380"
"node_modules\glob\dist\esm\index.js.map","8404","24518C4693EB6BDF52442928D62261133A6213DF4A02FE3724180A51F8D8D327"
"node_modules\glob\dist\esm\package.json","23","3CA9D4AFD21425087CF31893B8F9F63C81B0B8408DB5E343CA76E5F8AA26AB9A"
"node_modules\glob\dist\esm\pattern.d.ts","2117","C3E973BB170CDA56B3ADD0962B78AB5859C38B6791F55B46506EE642BBA6EA09"
"node_modules\glob\dist\esm\pattern.d.ts.map","1314","B75BC80C025C0CFCD7CFE70AFACA70907E38922854594C80F199EEFA6CBAAF64"
"node_modules\glob\dist\esm\pattern.js","7161","666D46BD0F5C74EF93793105AC93246D2DC0C8D91B17EAAA49674FE2286FA5C7"
"node_modules\glob\dist\esm\pattern.js.map","13407","7DBA74EDE635E7D134359E2B8C302267D981FDABFC4F06353121C54ED6D39D2A"
"node_modules\glob\dist\esm\processor.d.ts","2136","5D20853A892F76D9C0C01F7A38C428F48F8FCA89C33426320826D1F0090A7DAC"
"node_modules\glob\dist\esm\processor.d.ts.map","1748","0C9435D91446DD471239E1A66C863336BCF3295DD1F6227C7C20D1AD6DF60585"
"node_modules\glob\dist\esm\processor.js","10453","E0F118E843D05A09908943F8859E884AA8F4164178745BCDC9F09929199834D0"
"node_modules\glob\dist\esm\processor.js.map","19037","39F870144B7B53AFEEE209DDEEB181008F8782BD61CEB46FF86A9AA2C213DE01"
"node_modules\glob\dist\esm\walker.d.ts","3780","C3AB91E697053AB728B5621722040FEB03B57D64AA91267E7FCA7B2F9DD1EE55"
"node_modules\glob\dist\esm\walker.d.ts.map","4195","D2F9134B1058571E80315959C20A359BB10606E4859974C445357A0D988EACB3"
"node_modules\glob\dist\esm\walker.js","12569","3E15AF549ECC74D8691982D571168FD4B0E38B494C2CBB3EDCFB8F97D4036AC6"
"node_modules\glob\dist\esm\walker.js.map","27953","A45F6BB9AB6B792FC5DA11E6F05037A9C3007087C1658FE145896C59C803AEDB"
"node_modules\graceful-fs\clone.js","496","7258ECA52E65D69845759503F9FDD66C252F40E5EAFB76DB5D481172E31AC9ED"
"node_modules\graceful-fs\graceful-fs.js","12680","7DA35669B6B6B0E4AAFEE31674C033F2CEBB0C8F9AE010F709DCC185D3F17786"
"node_modules\graceful-fs\legacy-streams.js","2655","60A6A7ECF7C3E55A3FFAAE13433B6CFF388B7205BBA6DAF393C863F77A949E36"
"node_modules\graceful-fs\LICENSE","791","F65C5D9F22A317B2A10803BD1868461CE6499C2ED7217BC80C0CC772A748789C"
"node_modules\graceful-fs\package.json","1031","5747D4BA6B17165C6ECAC30AB3A331715F41C7AD546E1F1574DAB1BDCB116181"
"node_modules\graceful-fs\polyfills.js","10141","66EA1687ED5EDF39D67296D26EDCCC8DA695D9A869303A78D0E580CD770ACA27"
"node_modules\graceful-fs\README.md","4741","1C8169C6BD7D7C966616574B9B7479C9890193FF6C5AF98FAA28672A1D429382"
"node_modules\has-unicode\index.js","657","F7055F40138C028925CA76B74EA5A4041B4D67D2FA4DAE2F78C2EC326EBC2BF3"
"node_modules\has-unicode\LICENSE","752","7C9C21C620F09FA0897060A50AE3B02DA7677338C72CBE399DBE417D74899974"
"node_modules\has-unicode\package.json","639","F106BBFF8F1AED94EF54031D8A4E5EBD0275B3FEFC15361A96150D9029A9D510"
"node_modules\has-unicode\README.md","1388","FD77F88EDBB94CB6945D4F85035D7719FC6ECED9187127B164BC331B92409646"
"node_modules\http-cache-semantics\index.js","35412","01B7D66C854B2FE53AC05C98FEB6E0D64722AB8898A778E2D2426A8B468D178F"
"node_modules\http-cache-semantics\LICENSE","1274","AB868AD5A2EF5068560D9CD3B2180EC63C140BB4C5CAE1BA779D300A0AC74FA3"
"node_modules\http-cache-semantics\package.json","600","BEE0609D5AB09A590AFE0E1209D3702B0AFB0A3C158492F90902A724D889D22B"
"node_modules\http-cache-semantics\README.md","12687","BE77466544E7060AD859664E779D84DB4440F6DCCA28DA0975D0BCD97000C9FA"
"node_modules\http-proxy-agent\LICENSE","1102","71368FD0F5B4129191E9AFCD1E1EF2DC89A9090D3E4D80BBAB92DAFD032B3BEF"
"node_modules\http-proxy-agent\package.json","1084","38B61961AA0BA3028F2E120B3D883179281F6BA25FE22FF2214BF9F363161B65"
"node_modules\http-proxy-agent\README.md","1365","C34BE87FE9B9DA003D53F739EA18192696A10C25B6D0F0B4173D75D9E621CAA3"
"node_modules\http-proxy-agent\dist\index.d.ts","1824","549F76596F8246ED1F027DA416528405517D96103486577F38F59BCDDDDC3675"
"node_modules\http-proxy-agent\dist\index.d.ts.map","1666","C24E15E36F381C316BBEFA0FEC612F93862A8B80DCC06539BFE6AF2AE076F51C"
"node_modules\http-proxy-agent\dist\index.js","6088","FD33B43DA34DA60D4914780E13FAE5D52A7FAAA996D687EEA5335128DE148627"
"node_modules\http-proxy-agent\dist\index.js.map","4131","41A01B3EBEA23285DE436C64AE15BF3E6040AE17D20DE638F2E1DD116327A489"
"node_modules\http-proxy-agent\node_modules\agent-base\LICENSE","1101","8D8C55319C7729D57BE811C747452636688D54F19701EE0752B6B15AD3771D9A"
"node_modules\http-proxy-agent\node_modules\agent-base\package.json","1059","7A08CB2FE1D2B788E0A7BF6A9B7597DBEEEAE804698C2FBD15DE786D284D327C"
"node_modules\http-proxy-agent\node_modules\agent-base\README.md","2459","DC8148B1D0BBB80F812F1D8C00700E9242A010E7463AEE2DA415476A45F37A9E"
"node_modules\http-proxy-agent\node_modules\agent-base\dist\helpers.d.ts","624","D159A1BF12AED961258ABCB9BC26CEAA615DB573662BE64F7E9CE136DB1FB265"
"node_modules\http-proxy-agent\node_modules\agent-base\dist\helpers.d.ts.map","585","314CCEBF6DBF85FF055681FDC0291008AFA38036F665C857578B2E47E17AD165"
"node_modules\http-proxy-agent\node_modules\agent-base\dist\helpers.js","2314","6043C5C1BB76491992F6C56F65895E2E9167AE10122FEF4D58D6638EBAC4BA05"
"node_modules\http-proxy-agent\node_modules\agent-base\dist\helpers.js.map","1401","232164F309B02945F8F49B1F0F6D04F546DE10B6D5D0151F140892F4550A55C9"
"node_modules\http-proxy-agent\node_modules\agent-base\dist\index.d.ts","1519","86CC3EFFC64D89018E0615A7026F9298C17D162CDE9BCE65B9C4B5B2AEBDB40A"
"node_modules\http-proxy-agent\node_modules\agent-base\dist\index.d.ts.map","1430","9CD18CDD433A41BD7B2151461DB479F59F7823EE46A7EE123A3464981147A29C"
"node_modules\http-proxy-agent\node_modules\agent-base\dist\index.js","7324","C6503BD5E007DB8B73FEDF07B6EAAF4A94D5541953F0D06C8A17D1644C29A0C5"
"node_modules\http-proxy-agent\node_modules\agent-base\dist\index.js.map","4146","3BA2C1244801B32C7DFC0A71D50B2316A2D178C666287B5C43887539354AEBCB"
"node_modules\https-proxy-agent\package.json","1405","D41D9127CBED43DF8E2D404BFAF41361942A8AFEB82EB57CCF8515E04EB33D1D"
"node_modules\https-proxy-agent\README.md","4761","32F0856D2C43DF7D05CCA960FDEE84E1E38AB545BD7B2186433DFA41AA90A712"
"node_modules\https-proxy-agent\dist\agent.d.ts","1126","CE0C414305AE2797F220ADCD5E83079802D0B9879E62CA476F000B56A5D31ADF"
"node_modules\https-proxy-agent\dist\agent.js","7841","CDF5601776256DEE031A1275186C409578DDBA5AA441E66C0BEA785F81E185E6"
"node_modules\https-proxy-agent\dist\agent.js.map","4367","D9334573C441D153128EB3401147FDB3BA34AB48FD9FC85E88C2D389B3CE5CD3"
"node_modules\https-proxy-agent\dist\index.d.ts","970","67918F0DDD6271A88574DFE495942F4A6E982B9C3C1A2CE14C273F103691394D"
"node_modules\https-proxy-agent\dist\index.js","579","7F18E187A92BF3691B1728523AD5863F08ACE4D25599535E1471F1F81E90F2CD"
"node_modules\https-proxy-agent\dist\index.js.map","362","87EE8E0ED31BF580EE85F91CD0A0A05528A8B3A34336BD7B150D082B412CE82D"
"node_modules\https-proxy-agent\dist\parse-proxy-response.d.ts","233","743628D052D2C0370690985B2EA279AA2230B48C7B89DB617E8A00FD92B2229E"
"node_modules\https-proxy-agent\dist\parse-proxy-response.js","2460","24C1737B73DB4C109A4CB184CA768B4E85F6CC6CFCC74ED3836388A995B3E557"
"node_modules\https-proxy-agent\dist\parse-proxy-response.js.map","1904","57A386A0393252DB29CD35CA216A1DA4E7A0896871CDC8C9CADDEC99572BB88B"
"node_modules\iconv-lite\Changelog.md","6581","C9826C350EEFE700ECEE97CEE0F5EFB4A0C7A08C09DA3C5793C8D603F0A3E2A6"
"node_modules\iconv-lite\LICENSE","1064","AC779F7314C74F232EF847EA86E714ABE25CF6EEB5CC97B69451B74E2AF6492D"
"node_modules\iconv-lite\package.json","1131","3A9582FD121F841C245D1FCF84EF0B9E41C94B785B8D7EB63F9F5AEC9BAD0B98"
"node_modules\iconv-lite\README.md","6352","D320D84B29280AE77BC70B2AE6F0510B7FEDCE9BA6AA2DA9BCEC5C68688A83AE"
"node_modules\iconv-lite\.github\dependabot.yml","321","C5FCF6E10E93D44501521F1926DF5BD30197BC311BCB76FB731198D0DEB090AB"
"node_modules\iconv-lite\.idea\iconv-lite.iml","458","8669B4BD6BC17E28B196FF908CDE8F72482F603DE3027D91E7F48A3E9004C903"
"node_modules\iconv-lite\.idea\modules.xml","272","A95EF2732D542EAF13FFCDE283F479963B745B70413D9F15AD80335224429333"
"node_modules\iconv-lite\.idea\vcs.xml","180","55768F1F84FB117F1D0FC383E180B5D0AA5E5E6584C8C4A2995C15B4237F0972"
"node_modules\iconv-lite\.idea\codeStyles\codeStyleConfig.xml","142","EE546E9441ECBBB5FDD87776DC403E44F3DCCB93EBB43828906ED1F47EBB32ED"
"node_modules\iconv-lite\.idea\codeStyles\Project.xml","2141","C21BA14B938B6EA82732F6B0404DFF7DA1291BEA9F5ADEDC7948C680B49D1D52"
"node_modules\iconv-lite\.idea\inspectionProfiles\Project_Default.xml","251","725960A07196CA7E40F4C7343C9B56132EC0A79956AB048CD6568C27DC68D50C"
"node_modules\iconv-lite\encodings\dbcs-codec.js","23065","709D9D2E467540B9414AE53F72E43780F9A49FBF648D9A81983EACD34F501E25"
"node_modules\iconv-lite\encodings\dbcs-data.js","9389","9D02B706A5F5411E2CF52B5191971B93F6B05B19D7529D829EBD17A1E060E158"
"node_modules\iconv-lite\encodings\index.js","733","EE406729FDEA34F4C77EEA5AFAD5025EA374BC41089FAFB6FA0F7336E1216713"
"node_modules\iconv-lite\encodings\internal.js","6309","78B012B90E43A9D4648D0526F46E26BF07C572BBD3AE5EAEDACB244E343609C5"
"node_modules\iconv-lite\encodings\sbcs-codec.js","2191","FB511C4C70A6CB0E2A06D03E67CA88DCA9F4DA6266B909C7338E453D2ECC9FDB"
"node_modules\iconv-lite\encodings\sbcs-data-generated.js","32034","2CF44B3F70C61C9CDD59FDA7EC085BC3180809638F208C7239688CCB90A48866"
"node_modules\iconv-lite\encodings\sbcs-data.js","5116","ECD0497DB604060A3BF432EA4E2BDE76A427DCB6AFCEDC05C24567773EB0D25C"
"node_modules\iconv-lite\encodings\utf16.js","5502","506EABEE3546C0551F78E6ADB3102F4E73E7312B4C709117D0DA016B0F5B3D80"
"node_modules\iconv-lite\encodings\utf32.js","9982","3A762514744C1EDCAF5262F77DF105F89581C1292B8321B6F96AD49E9244D95A"
"node_modules\iconv-lite\encodings\utf7.js","9283","289DA5C0C44B1EC4A502E2862EE9E46D9B1758420904385FED0ABAE41F138A6C"
"node_modules\iconv-lite\encodings\tables\big5-added.json","17717","DB94DB5E5D3AB696DDB0025685CFA85DA1864839A4A26AAB2F8F86F6B8382288"
"node_modules\iconv-lite\encodings\tables\cp936.json","47320","8225BB693EFD380279ED7280B8F8419FD069C5F018D20D5946BF187AD92C0CF7"
"node_modules\iconv-lite\encodings\tables\cp949.json","38122","77A56EA83D0D94D1DC620042AD3C897F0E40814BB05C0085D3AEED0018E8A3E8"
"node_modules\iconv-lite\encodings\tables\cp950.json","42356","99E2114DC4B39092617967C763F9EAEB4D8E70551AFC5884BAA3FB92827F3420"
"node_modules\iconv-lite\encodings\tables\eucjp.json","41064","7C4FE279000F7E99FC7CD59AFB1DA21725DCEBDC1BABD9E3B883253A77ABB042"
"node_modules\iconv-lite\encodings\tables\gb18030-ranges.json","2216","5A3CC11E38F05A0908442ACBF1C921D0B73F2A304FB6A9E4484E26EB1CA07D76"
"node_modules\iconv-lite\encodings\tables\gbk-added.json","1247","10CBB08708F3A431977271887B2663F734390A22CEDF90875FAC9FDBD4BB5317"
"node_modules\iconv-lite\encodings\tables\shiftjis.json","23782","02B0B120F697C48133E8B547E8DC594BC5B9F1C1799B50C2C5FF917298548558"
"node_modules\iconv-lite\lib\bom-handling.js","1109","C230D25D8E7FBB50960C634B636B71327C409E9A77E67FE9446B566BDCEA362D"
"node_modules\iconv-lite\lib\index.d.ts","1387","85D3AA95B0086752D2F7784D2BDAEB38F99C3CF6C35BEE861702BEB68556CB9E"
"node_modules\iconv-lite\lib\index.js","6321","0CB1506E70126AA00BC5BDF12F2200DB89DB032E8DABF23DCDD6A92B37D0F2AF"
"node_modules\iconv-lite\lib\streams.js","3380","368596CFA80B9B9C6B93F2FDE73615F10E89D650E6A1C92D3C07D56C34E4E393"
"node_modules\imurmurhash\imurmurhash.js","4412","45368BFE11080C4504B7804602015D93873303C5B13D5710AF6C42E9ABC35B4A"
"node_modules\imurmurhash\imurmurhash.min.js","1894","EA8490563A229B89F2B779217938F9EB2BCF93DD89DE9F7FC5C035632F0934B5"
"node_modules\imurmurhash\package.json","818","AA3B07E7FA3D63AA96E401C3842B8CCA1DD3247954BAF92377094766E903C185"
"node_modules\imurmurhash\README.md","4763","4491517F7DEB68D0B2A3BB590E785E276A60F12448447A9650D0BD50161A101C"
"node_modules\indent-string\index.d.ts","783","366FD96D60CBBFFB558B1FA1565157AD999EB43B13E5ADE3EF3AFCE02086D19C"
"node_modules\indent-string\index.js","743","06FC10FB7018BD156B34B1443D67D0E1FF1986E534878B493EF6095D675EBF33"
"node_modules\indent-string\license","1109","48DA2F39E100D4085767E94966B43F4FA95FF6A0698FBA57ED460914E35F94A0"
"node_modules\indent-string\package.json","582","5B15D951490EA56F6309D9203E1C3CFD036AD1C67CA1C7F372CBFDFBF3FAECB7"
"node_modules\indent-string\readme.md","1181","7DCD01224E80CC8B5795E70A87B0858FB68745C67FEBA491DB6D9FC72F3C2E62"
"node_modules\inflight\inflight.js","1365","E33EA098A91D2C41BE886FBBCECACB9799FE183D8A446F138A4786CB3D809802"
"node_modules\inflight\LICENSE","748","05DC4D785AC3A488676D3ED10E901B75AD89DAFCC63F8E66610FD4A39CC5C7E8"
"node_modules\inflight\package.json","658","5F2489E13F73E9EBAD999134FAE8A591F6D8B58E8341EC8E3B33397C4D1EF817"
"node_modules\inflight\README.md","991","7287D41CEFA8C790B6A3BD8A802614F93ACF2FD0EACA3D2FC7B6FEF0C5E2CE47"
"node_modules\inherits\inherits_browser.js","753","AD322A7B1DEC60F3D2EBDA2091816469EFB55B567D241CF3CF0FA4C5A4AFE500"
"node_modules\inherits\inherits.js","250","BB380F32BEF5FEB18678F0F45F88073FED5D7A0069A309132CB2080CD553D5C7"
"node_modules\inherits\LICENSE","749","5FFE28E7ADE7D8F10D85D5337A73FD793DAC5C462FB9A28FBF8C5046C7FBCA3B"
"node_modules\inherits\package.json","581","BE645800BC94FD8DE29C8AE91690549B316CC437100108AEEA7B2F347693CC80"
"node_modules\inherits\README.md","1625","B33C8BE1CA837D9E4C9B0E04A550FEACBC101556164D3CDBB875AED6CCBB8A29"
"node_modules\ip-address\LICENSE","1061","F8D791359A50CBCAC82C29CB7B0B1B889B28BE76FDD35B8EE33F0F7C8704702A"
"node_modules\ip-address\package.json","2116","EFB3D32C0C7996237F78AF8FD820E3D58E66FA76593FB329FAB6B3CCB260AFD6"
"node_modules\ip-address\README.md","35570","7EF93A9AB63335851D045DB1E0EF512C4E026C11E63EB0C09DCE845ECAC8D498"
"node_modules\ip-address\dist\address-error.d.ts","136","914E46AD76A6A9FBD7AEFB8F58BEFE5274EA6504A6CFD63EFADDDCD20CA6A5E1"
"node_modules\ip-address\dist\address-error.js","372","D0BB8495A78CE2A1E2C1AD231C15B3A8146FEC8C8EA32B121FCBE1E032B9CC0E"
"node_modules\ip-address\dist\address-error.js.map","556","C993958F0C71B92BCD92EEC2B50E9C5A75606D198FBD5745CBEA58BF092DE0BB"
"node_modules\ip-address\dist\common.d.ts","962","A38E99CB3C5AB937DAD8334BD90816AE2617F05DF9F4FBED1A49267DB935D0A8"
"node_modules\ip-address\dist\common.js","2206","5339CA7EC4283CB1A56E3CC3CEA6C289E269912BA74B9458FB891522991651BF"
"node_modules\ip-address\dist\common.js.map","3979","DE74A6B1C0E1CF299B0B3F70361BE79E208BF61E4F2E54928F25F3CFD63E212F"
"node_modules\ip-address\dist\ip-address.d.ts","218","E8DE59DC8D32BA86CACF2156465F8E54A2FDD973B3E003779C83A61413B7D086"
"node_modules\ip-address\dist\ip-address.js","1772","3E38A4B349282E67A811AECE46E273B1B24ABBBA2897BEA707A00170EBDFC200"
"node_modules\ip-address\dist\ip-address.js.map","516","DC8DE5E6F0DDB17961E7503DCAE38E79674D3095EDFC5B7E38E6DD0AA7575877"
"node_modules\ip-address\dist\ipv4.d.ts","9904","C4F7E7A6361705A68F2DA57FA31A1188FD332C8C76E48C0B8E758FD370C183C1"
"node_modules\ip-address\dist\ipv4.js","18447","1812FA4768E431C77425D90C5D3CD29581A6643636001BE22141D86B173299C1"
"node_modules\ip-address\dist\ipv4.js.map","27240","7A78FDD763AD21B6994DACF3D6D3151201AAABE02CA15053669761FD7AC01D38"
"node_modules\ip-address\dist\ipv6.d.ts","18434","9477B70B5ADC86D23EC0BB7C662C64B79AF078D3C89BC45E333004650BF1BE48"
"node_modules\ip-address\dist\ipv6.js","47069","E11657022AC5347EF5E6044A4B6D4BF22D1B8B792FDA1C75A75D297DF54AF116"
"node_modules\ip-address\dist\ipv6.js.map","75776","110C2B74BAAA6A2E64A4E5C21C943CFE374F1B8BE1EDD471657C30B9F9352210"
"node_modules\ip-address\dist\v4\constants.d.ts","153","DA44823A7DAFDA0B199CF4E6DA0E10AB5C39F1E4B036F554FCF583F3AD5860CB"
"node_modules\ip-address\dist\v4\constants.js","468","DB6C8D9507342ED5A3AC4EF1EE228388624E341750E4A9091E538D474871C8A1"
"node_modules\ip-address\dist\v4\constants.js.map","568","CEDB5D93EBCE4A5841315365E848816D0FBE1EA81D5467F158A83AC2F1825BED"
"node_modules\ip-address\dist\v6\constants.d.ts","1029","0820F572A027266E262856BEBBAF8266D5519E143C1B0E51D10656FE04E3E894"
"node_modules\ip-address\dist\v6\constants.js","2778","3457615E0D9EBA7735133C438CC89F6C97730960FF5F1B3A5B0CCD9B1486CE51"
"node_modules\ip-address\dist\v6\constants.js.map","3938","63E484924197F65B9E98B7D2EC84CCD877A8D47EFB78C178D91381DA4F6D23A1"
"node_modules\ip-address\dist\v6\helpers.d.ts","647","6F050095511244F289CCD718C8D697A9CB3E378A42A54CD24D92CFE98DCAB9EB"
"node_modules\ip-address\dist\v6\helpers.js","1710","80660CBE876ED3E7224268638582DB8DEF929A53BC8822C5A5D8A0C321CCA50F"
"node_modules\ip-address\dist\v6\helpers.js.map","3128","E19FFE4AAE647122C0E86BB29776D0F2FFDDF13D69223C708423807EE627809C"
"node_modules\ip-address\dist\v6\regular-expressions.d.ts","379","B29CA73404A24E8386FE7F70F2CE5964EEEC69E45B8F31DCB41FD4B873331D35"
"node_modules\ip-address\dist\v6\regular-expressions.js","3719","31F99F670AC43EBE9694DC84B6CC9A00EB5AF08F90C0CA0D2D8C5C63E5B67415"
"node_modules\ip-address\dist\v6\regular-expressions.js.map","5106","BA75AB29034B94851EBA5C6BECF559F39DA6B45BFFCF0BE757E2105F9B44D3A2"
"node_modules\is-fullwidth-code-point\index.d.ts","549","9A3E6BDFFD8335B7D29C1D578EF7411703C57D07AFF959BDA92B27110F868532"
"node_modules\is-fullwidth-code-point\index.js","1756","7DB24C9C5D58273BA32EEE1BEC3DFEBD393FDEDDD0B5879EF01DC595476E6979"
"node_modules\is-fullwidth-code-point\license","1109","48DA2F39E100D4085767E94966B43F4FA95FF6A0698FBA57ED460914E35F94A0"
"node_modules\is-fullwidth-code-point\package.json","737","5B48496CA129073ED44A677B777EA3B91366C8BC228BC75FE858749A78AC1A32"
"node_modules\is-fullwidth-code-point\readme.md","843","17DF4CD59773B379650F1D15FB4E4333A1C7FF9E391A91B99961F65EED39384A"
"node_modules\is-lambda\.npmignore","13","16D30E4462189FB14DD611BDB708C510630C576A1F35B9383E89A4352DA36C97"
"node_modules\is-lambda\.travis.yml","69","67F0164D7D3419E5A1F20DDA668E846BCEDD6068FD2B7DB8C5F506F13BF78D80"
"node_modules\is-lambda\index.js","114","B08397C5985A5AC96C365472C92A83D5D72E8577EEF3925DC969B1893BC9F509"
"node_modules\is-lambda\LICENSE","1091","4736DF0AA50D339E32C2364B5FAFEB923075E8F92EA4CC2AC5C9CA926783FFC5"
"node_modules\is-lambda\package.json","773","55C72A97449E2B52A5B763BF6CFA7DE3B9603FE2A57074066DDCBF522578C9B6"
"node_modules\is-lambda\README.md","563","0C1DA5CAD5E409D247E46CB751B408FC95488F3B37397BE4AA39EAB2F0882520"
"node_modules\is-lambda\test.js","321","C04942642319190AC40E01566F2DB9501C5BFC2FB39D37B6EEF6B34464D7A616"
"node_modules\isexe\LICENSE.md","1552","8A1AF140FDFBF5AFD3DF27F7E662F989C5B963A300020DFAFCE42033CAE9E004"
"node_modules\isexe\package.json","1977","668C167BE26EDF600EE1C4FAB262D7AFA5AFA66F3FD389B3C4C942BAB249F0C4"
"node_modules\isexe\README.md","1957","66E6CAEE7835E65854829E2E71A46D84C78EC8361BCEBB2E3CBD1A73F2FEB0F0"
"node_modules\isexe\dist\commonjs\index.d.ts","543","949E25849BA656F51E5441E86C5681F13C8B2C98CEEB66848AE3B4FEC1B8078D"
"node_modules\isexe\dist\commonjs\index.d.ts.map","326","30430D665B4642533953ED816B6B6648B6FF828A93C6BEB4C8EF4E04FF8A8D63"
"node_modules\isexe\dist\commonjs\index.js","2283","FBAFFC9133ADE6B2DF4A2F2824F4A84AC92BFD8046F380EA110C86852F88492A"
"node_modules\isexe\dist\commonjs\index.js.map","979","128C376D695A6DB2671D174799ADE483C1786EBB3FC0719F7E833CE13C9BF607"
"node_modules\isexe\dist\commonjs\index.min.js","3030","ABF1FA35F4710B8F74351B63E61945B59994CDBCEAF78CB9E309FB8B582A3A35"
"node_modules\isexe\dist\commonjs\index.min.js.map","7663","4F100C3C50CEBC0C15DA9560079A02F7969FA7B16EE05ED78BA6570D18415E15"
"node_modules\isexe\dist\commonjs\options.d.ts","1000","59ADE99C97A6AAF93D022F8DAA73AF31699EEF0F19556BF14DFAB4B059055850"
"node_modules\isexe\dist\commonjs\options.d.ts.map","358","A64A6A1744B29DC531C3382204FED5942FECCA8820056AADAE495C73E19E628B"
"node_modules\isexe\dist\commonjs\options.js","112","474F49F173FDD0657DED670AB46BB209A05B08F9F52EFB5E4DA2045BA7D097A3"
"node_modules\isexe\dist\commonjs\options.js.map","1070","C81C9C2C2141691E5DEE1EF21C9C4D723D966A2EBCA4547F18B1B40676CC5D64"
"node_modules\isexe\dist\commonjs\package.json","25","8005A3491DB7D92F36AC66369861589F9C47123D3A7C71E643FC2C06168CD45A"
"node_modules\isexe\dist\commonjs\posix.d.ts","620","5D051F5BADF738FEBA1A8B38292D776B0FA014DCD4ED00BC9EECA44144703B9E"
"node_modules\isexe\dist\commonjs\posix.d.ts.map","336","274E32CBEF91C552E37D885E1848D910F2342E197A60A225E39E15852698FCF1"
"node_modules\isexe\dist\commonjs\posix.js","2092","97AD32A2C5583B0C88EE3C79F52FA0E6DEA3433EB4E63B46E880DD85635BAD82"
"node_modules\isexe\dist\commonjs\posix.js.map","4193","7978636DAC186EA8377B4D4B03CF3D8A930695D9B7C7BD88F89A41160A73BA47"
"node_modules\isexe\dist\commonjs\win32.d.ts","672","9F30EB919AE03863263FD1AE09C5057616AC904EC5359D8DCC95E15BFC78C82C"
"node_modules\isexe\dist\commonjs\win32.d.ts.map","336","851B5ABEAC0FCCB4ADE7AE23B202B00B89C11659EA51ACDB5CF63CABD96ABA3E"
"node_modules\isexe\dist\commonjs\win32.js","1936","BFDE01A62A183AF4936A3DEC114BD24FAA57535F8DE0FB2CCBC0DE737741AF8F"
"node_modules\isexe\dist\commonjs\win32.js.map","3609","E65292568844EA2A15A26014911D21F858D3A35B2C86792F6D8AB1FC2E6597BA"
"node_modules\isexe\dist\esm\index.d.ts","543","949E25849BA656F51E5441E86C5681F13C8B2C98CEEB66848AE3B4FEC1B8078D"
"node_modules\isexe\dist\esm\index.d.ts.map","326","30430D665B4642533953ED816B6B6648B6FF828A93C6BEB4C8EF4E04FF8A8D63"
"node_modules\isexe\dist\esm\index.js","516","C123F7AC6FDE508DF0623580C8B0D7596CEE6BF3955842CD6A0D18EDE42CA6DC"
"node_modules\isexe\dist\esm\index.js.map","1032","44EA3E96184353019AA936DD2968B48160C51527535D28CB16E566F3EF706058"
"node_modules\isexe\dist\esm\index.min.js","1670","C1D43C88F2B5EFF554CC40B5702C83EFD0F33C7FF92277675D344A047CC72984"
"node_modules\isexe\dist\esm\index.min.js.map","7282","0D31BD35034D3EF04AE680C31C5AFFD7195AC9C7FC700F4C2283FF593F9A4C3F"
"node_modules\isexe\dist\esm\options.d.ts","1000","59ADE99C97A6AAF93D022F8DAA73AF31699EEF0F19556BF14DFAB4B059055850"
"node_modules\isexe\dist\esm\options.d.ts.map","358","A64A6A1744B29DC531C3382204FED5942FECCA8820056AADAE495C73E19E628B"
"node_modules\isexe\dist\esm\options.js","46","FEA76C2F7B85CF0FAE3FC883565127911873222C84C8EE41BBF8F3A6AC3881EA"
"node_modules\isexe\dist\esm\options.js.map","1070","C81C9C2C2141691E5DEE1EF21C9C4D723D966A2EBCA4547F18B1B40676CC5D64"
"node_modules\isexe\dist\esm\package.json","23","3CA9D4AFD21425087CF31893B8F9F63C81B0B8408DB5E343CA76E5F8AA26AB9A"
"node_modules\isexe\dist\esm\posix.d.ts","620","5D051F5BADF738FEBA1A8B38292D776B0FA014DCD4ED00BC9EECA44144703B9E"
"node_modules\isexe\dist\esm\posix.d.ts.map","336","274E32CBEF91C552E37D885E1848D910F2342E197A60A225E39E15852698FCF1"
"node_modules\isexe\dist\esm\posix.js","1906","DB612C862F36AE60256E45D98F883D8DB649A4928431C2D7255415F885BCB94A"
"node_modules\isexe\dist\esm\posix.js.map","4215","EE39DF5438B865E3760B0A2601E52E0D55242135D8090AE91CF33766CD97E997"
"node_modules\isexe\dist\esm\win32.d.ts","672","9F30EB919AE03863263FD1AE09C5057616AC904EC5359D8DCC95E15BFC78C82C"
"node_modules\isexe\dist\esm\win32.d.ts.map","336","851B5ABEAC0FCCB4ADE7AE23B202B00B89C11659EA51ACDB5CF63CABD96ABA3E"
"node_modules\isexe\dist\esm\win32.js","1735","072CC87F6D0B77EA25766DE04623295AD45EE82D42DA60AF9CDAB6BE1F994CDC"
"node_modules\isexe\dist\esm\win32.js.map","3658","95D4AFA18D66B67BD04118BA2E99BA1C938329A4C4E64A6513DDAF553F7ABDAA"
"node_modules\jackspeak\LICENSE.md","1550","2C7C5D22ED5A8EE968C64757710979AFCD77438C48B4A265B94E615BABD8A901"
"node_modules\jackspeak\package.json","2204","3379E9C1BE25729A6C7FC160E840108E15895C368E8060E42F68598F9F3065CD"
"node_modules\jackspeak\README.md","11398","D1EEF1024AC6A47B53D90D8951B36C4DE8BB532C1CAFBBA534CCC2416D2C878C"
"node_modules\jackspeak\dist\commonjs\index.d.ts","12407","EFDD7ACDF1FAFAA8DFAC669C70A2006126DCB35C05B180F6F20D05BE5DEFB37C"
"node_modules\jackspeak\dist\commonjs\index.d.ts.map","8554","C1ED93C45A0FF1E870F186E36D99051B01334C684F7CAF320A5109899BE2FE30"
"node_modules\jackspeak\dist\commonjs\index.js","36491","221F7C595BC2991CDCBA681C37A2D5210C567396263D2201C0F1C52731008215"
"node_modules\jackspeak\dist\commonjs\index.js.map","80455","24FD65034A3FDC8AB28B10B5DA21F6ADC6A86B71C1C6018E59895FD307C94495"
"node_modules\jackspeak\dist\commonjs\package.json","25","8005A3491DB7D92F36AC66369861589F9C47123D3A7C71E643FC2C06168CD45A"
"node_modules\jackspeak\dist\commonjs\parse-args-cjs.cjs.map","1545","6BD1C601795114ADD82EDA37BA40C82AE0F73999DF8FB446549E1F7213FF58B7"
"node_modules\jackspeak\dist\commonjs\parse-args-cjs.d.cts.map","195","66830B8E744EC4633177CE6D16152CA646E89A3998028E78F04B6E379F15017D"
"node_modules\jackspeak\dist\commonjs\parse-args.d.ts","161","B59EBEC14B6D08F95574A57B0FA2DB13A5152A5E491747037B4D194AF2E47E51"
"node_modules\jackspeak\dist\commonjs\parse-args.js","1775","9D190940CD34168B9EF8EA1A1E60CCDF0109482DC209F263EB4BB7F5AC7D6BB8"
"node_modules\jackspeak\dist\esm\index.d.ts","12432","F9D72308CD3FA840A9FA0285423D673F8F3B0850A613776AD5A507920C93F704"
"node_modules\jackspeak\dist\esm\index.d.ts.map","8554","C1ED93C45A0FF1E870F186E36D99051B01334C684F7CAF320A5109899BE2FE30"
"node_modules\jackspeak\dist\esm\index.js","35919","AE26D9542CAACCF737F0D732E1D0BACCA5DE77047D219D9E04B6A529411B39D1"
"node_modules\jackspeak\dist\esm\index.js.map","80458","54E76934211312729CBD89DC153EF27E8A343AD3E0209809B86F0BB06E05AA8E"
"node_modules\jackspeak\dist\esm\package.json","23","3CA9D4AFD21425087CF31893B8F9F63C81B0B8408DB5E343CA76E5F8AA26AB9A"
"node_modules\jackspeak\dist\esm\parse-args.d.ts","181","F252A2F43293F908FF694BFB6415E532BD9D12BDC4CE2DFF23B709DBA1E96F02"
"node_modules\jackspeak\dist\esm\parse-args.d.ts.map","186","6C1408242B466631DD0C0DBEF236776CB24CF5005FA84FD8D7A8E48FB3853D1B"
"node_modules\jackspeak\dist\esm\parse-args.js","723","041475965809BC4685749CF0565ACD613253DD7816F0002A3930EE45889BBDB0"
"node_modules\jackspeak\dist\esm\parse-args.js.map","1781","9FAB47C326FB736227395992E4CC3709B9F690BBEF9DDEFC04E1B442BB130777"
"node_modules\lru-cache\LICENSE","775","451EC07EEB9C4E1B86DE9ABDAA426462A8BE48F887EC7421CF0BBB9C769555AB"
"node_modules\lru-cache\package.json","2827","A7E05794A5DC81DFC79A0F186C5219F442F2F735B08A3E9B91ABA59833BADC2D"
"node_modules\lru-cache\README.md","11107","95E8C2A08632FE00B20E05C55E385F981F3242F1C8F182E107714CBBD76F3680"
"node_modules\lru-cache\dist\commonjs\index.d.ts","54533","4129CC8C72B940EAFF900A986581B5AB5A13B37D635CBEC60F600554268A04ED"
"node_modules\lru-cache\dist\commonjs\index.d.ts.map","13941","4E03894E1CB99554BF008AD6C80F0CC4B8A0AED2C15A101FB8B59B688C83F098"
"node_modules\lru-cache\dist\commonjs\index.js","55020","75DD41905C662621D02FC6F3F6C6D678342FDFD87D32D6CABD0AFAB1B1793A3E"
"node_modules\lru-cache\dist\commonjs\index.js.map","135954","9CB19A79F4982C8107694BF84485E2C2A6A3BF0609DBCF81E298BC47E6F8EC70"
"node_modules\lru-cache\dist\commonjs\index.min.js","17085","E8BC849C184B98DA770285278023C11E42D54F5CAD3325DCB33D1D8B46D5C12F"
"node_modules\lru-cache\dist\commonjs\index.min.js.map","118359","AE7E2647F6D168576E16175B517AEF4B388296E4DFD6F9635D8BC779BF7BD9C2"
"node_modules\lru-cache\dist\commonjs\package.json","25","8005A3491DB7D92F36AC66369861589F9C47123D3A7C71E643FC2C06168CD45A"
"node_modules\lru-cache\dist\esm\index.d.ts","54533","4129CC8C72B940EAFF900A986581B5AB5A13B37D635CBEC60F600554268A04ED"
"node_modules\lru-cache\dist\esm\index.d.ts.map","13941","4E03894E1CB99554BF008AD6C80F0CC4B8A0AED2C15A101FB8B59B688C83F098"
"node_modules\lru-cache\dist\esm\index.js","54894","12553800AF71E71FFD01E39EE7A4FAF95EBA1F35604C76863D575E2AF3447292"
"node_modules\lru-cache\dist\esm\index.js.map","135941","3D4411234A47E0EDB329233B480B18CA44E3686385AD900BDFD6905A60B79A93"
"node_modules\lru-cache\dist\esm\index.min.js","16996","CF17F7498313E76295D470367761C5EFD6484AFA40DA2D422607BACD55D4AA05"
"node_modules\lru-cache\dist\esm\index.min.js.map","118347","33AA198A4B48C2C69A7B44F9DF3CE83D56C721D7BFB6C3EFDBCE5D4E5ADC1080"
"node_modules\lru-cache\dist\esm\package.json","23","3CA9D4AFD21425087CF31893B8F9F63C81B0B8408DB5E343CA76E5F8AA26AB9A"
"node_modules\make-dir\index.d.ts","1534","08C19F0B735146EA0387E29083BCD6416FD64D97FC12E68867CDA678D41A6F60"
"node_modules\make-dir\index.js","3124","951713696F119877CCA572ED7F28087C472D7CCB35F92C7BAA942F4EF09E8422"
"node_modules\make-dir\license","1109","48DA2F39E100D4085767E94966B43F4FA95FF6A0698FBA57ED460914E35F94A0"
"node_modules\make-dir\package.json","1051","FBF847C97E10F73BCCE464F712B4149B9130E5F48FDA13E55DC4D110BEB80AD1"
"node_modules\make-dir\readme.md","3224","B174D24056782AAAC7F395567652AE7C66B6CE472494D803FA8736539EA92EDB"
"node_modules\make-dir\node_modules\.bin\semver","389","77EF070B2790156C37DD77EFD5D0CF54FBFF85D9C1ADABC890948192CD2B2639"
"node_modules\make-dir\node_modules\.bin\semver.cmd","325","3FA2710C6522669C2253EDBD465CCF4C58D0D29E0EFF3337D7900CD4E5CEC7AC"
"node_modules\make-dir\node_modules\.bin\semver.ps1","805","1E1355D1AAF2A75275F9D884DBCD2F1C713D4ADA1782FE8370BC21DB6AEDBC31"
"node_modules\make-dir\node_modules\semver\LICENSE","765","4EC3D4C66CD87F5C8D8AD911B10F99BF27CB00CDFCFF82621956E379186B016B"
"node_modules\make-dir\node_modules\semver\package.json","981","AA906C5BF8A2FA68683CAE07D18553AE2538ED0D5A567911980B2EF25EE8B9BA"
"node_modules\make-dir\node_modules\semver\range.bnf","619","ED628FDAFF64BE366D07F6CC4559EAE4DE109826F743EA7F5E1588C370BCA49A"
"node_modules\make-dir\node_modules\semver\README.md","16974","C7D817091C6747E4F4FB7006BF60BD2040FD955AB7C37520F834C2AF265876C6"
"node_modules\make-dir\node_modules\semver\semver.js","44287","D89ED53251E85463BF4300AE9A3E258DC75EB73EB2820D524BD05F4451BED3D4"
"node_modules\make-dir\node_modules\semver\bin\semver.js","4717","A3ED56435CBD4B3F07A80C4A343EDD86D787F89BF2CEE0105BDF68CB653BA2A0"
"node_modules\make-fetch-happen\LICENSE","765","A806E21000EE60CFD64A6F1416F29C7552B4834701974E86C0156F99C0CDD806"
"node_modules\make-fetch-happen\package.json","1776","C4C70297AF29C4CF89EE05C9FE9DA63E555B6EAE623E72D1B1FF9EDBE18A1070"
"node_modules\make-fetch-happen\README.md","14465","636EBF11EF90495737099C86FBFC0C3680B6B6A1DC36D5B4C12514D1E5F63436"
"node_modules\make-fetch-happen\lib\fetch.js","3947","7D57BFD656A6AE2A53738FB3F25365D074D9CB7364794005BC70317FF2BF81E8"
"node_modules\make-fetch-happen\lib\index.js","1173","C6FA07E324498F7BBD05E98892790186556BF55C6265D0C07F45900A6941A57C"
"node_modules\make-fetch-happen\lib\options.js","1533","C367C2CE4CFFB1C43462B7B0AB1EA73B43E0E0E7B6F7517327957799243EFD35"
"node_modules\make-fetch-happen\lib\pipeline.js","1114","082BB7C9C7F020C816C2582FE436C992B9851E0727339723337B580D6F6C1707"
"node_modules\make-fetch-happen\lib\remote.js","4560","012C0E78741A20AACC2AB0416699537785BABE4FF0E5DA13142A8B8DFB6A315D"
"node_modules\make-fetch-happen\lib\cache\entry.js","16421","C448D1D1601AD2EC99C2963FC4DD093A57D884FF4EA089BB08A05496D01015C7"
"node_modules\make-fetch-happen\lib\cache\errors.js","284","5E8A91F9E801E9EB81E00C52451C7FE4E354674CDD671713299F392DDC8FF324"
"node_modules\make-fetch-happen\lib\cache\index.js","1792","B9A47E604B9D6EC9211E5129636BA7366C408C074EA1D4B8C859CF221C347071"
"node_modules\make-fetch-happen\lib\cache\key.js","430","AE7DA8B3FBC282391FC70DF8A625DE765062F955FC85587E575479CBE9C33ADB"
"node_modules\make-fetch-happen\lib\cache\policy.js","4527","2014CF549FCEB8808CBA81E8760315B9060F502B6C62B7CB79E1B024ABDE54C3"
"node_modules\minimatch\LICENSE","775","D11323827FA4EDEAAFC437CC5B91B6971B335F0127EFEEB42BF5122FE8657E8F"
"node_modules\minimatch\package.json","1967","07347AE64D38F4CC1BE3FFCC83322EC40D4609F5F3E9DC027AE91A4617239AC2"
"node_modules\minimatch\README.md","18523","6FF5EB652F67318B83BEBBACB4E66D433B7637E5066D783D9C94E702BFD15D80"
"node_modules\minimatch\dist\commonjs\assert-valid-pattern.d.ts","115","8470352A01AEABC3149AB72C3BD4F4BB262315F2F23572ADF5E4F00F7160027F"
"node_modules\minimatch\dist\commonjs\assert-valid-pattern.d.ts.map","199","1490A9A240AA26980EFA3FC88EF575B68EC87C4719278F4D9CA591ACBBC48020"
"node_modules\minimatch\dist\commonjs\assert-valid-pattern.js","492","FCD3B0E6EFEE67B11249804CC64BF4D22C883395491F79BFB484869D61823600"
"node_modules\minimatch\dist\commonjs\assert-valid-pattern.js.map","822","833240DB9D710BE4C9511F7546D5768EEA426BC4AC49D9A9D1C8AFE05C970CB5"
"node_modules\minimatch\dist\commonjs\ast.d.ts","795","1EF34600DCDF3C557836BE168982275BA6EA91A6DC27B81A3342C76226BF0DFF"
"node_modules\minimatch\dist\commonjs\ast.d.ts.map","868","97BF07CD72ED5C23FCE1F3F12097BCC49521F63DFAED3B9DA0A43A5760FB185E"
"node_modules\minimatch\dist\commonjs\ast.js","27788","FBF87B713254F8FCC915092093B6AA4DC0F4F7FF43AC646EE20875B229803E92"
"node_modules\minimatch\dist\commonjs\ast.js.map","51799","AEABB3C7BE65DE83F91B95AB4F8D2082AE5BEDC8E20E870088D776873719C8CE"
"node_modules\minimatch\dist\commonjs\brace-expressions.d.ts","251","C653127B895660361106B3B5131A61060DD1EF9DA6C4FDED89AB2400064C6D53"
"node_modules\minimatch\dist\commonjs\brace-expressions.d.ts.map","319","092D3ACB38F91D3B8BA5AE73640C0B81414E8187C5B92896BA928A88DAB221D4"
"node_modules\minimatch\dist\commonjs\brace-expressions.js","5763","9AF1C8892ED1E6A153D2F158438722C666AA906EB7E2EC8A27FCE7CF035B4278"
"node_modules\minimatch\dist\commonjs\brace-expressions.js.map","10552","457F102FA54B74FD64E675713B4316EA8834AA726919F57E3216BB84A63D987B"
"node_modules\minimatch\dist\commonjs\escape.d.ts","647","58486FD899715857D9CFECF89C28FD8D6045712795036F69ACC3ECD049F7E383"
"node_modules\minimatch\dist\commonjs\escape.d.ts.map","260","95140E4000AC7D44E238C5A1BF29DECA88AFD53357C430CAABBB47416A44E029"
"node_modules\minimatch\dist\commonjs\escape.js","968","55E384815856F5708DAD6E501AA47314BC08DCB4B90D11DB85E413716F948C17"
"node_modules\minimatch\dist\commonjs\escape.js.map","1378","877ADBDC76D2706BF0CC8EFB03953D3C200DCF9665A9C725172B914012BB2206"
"node_modules\minimatch\dist\commonjs\index.d.ts","4018","213394807C8E4AAC86127B2756B9E019E9C73E6DFD02299128B0CC375FDCDC3F"
"node_modules\minimatch\dist\commonjs\index.d.ts.map","3376","B5A4134B02A4C9BA66278BD1F97EDCB70B88673F94DAE4AD7F05E8C772DFDE23"
"node_modules\minimatch\dist\commonjs\index.js","39853","A958A41536F57484CC427A03A10A6A094EB062A004C58261ADD4DBB6DD77BBDA"
"node_modules\minimatch\dist\commonjs\index.js.map","74948","0500A7C1A598928ED82D1932E794F076ECB2F2C74CD07F660888F200C3AAD6A8"
"node_modules\minimatch\dist\commonjs\package.json","25","8005A3491DB7D92F36AC66369861589F9C47123D3A7C71E643FC2C06168CD45A"
"node_modules\minimatch\dist\commonjs\unescape.d.ts","788","32FFEF6E12F038A2CBF047CBC5955AC09202426780B94B46B18080A8CCE83B40"
"node_modules\minimatch\dist\commonjs\unescape.d.ts.map","269","F74A2662B5C8F4F88C0AF43D18E2DC152BA50A42773B313EA4C016884EACC87B"
"node_modules\minimatch\dist\commonjs\unescape.js","973","FF3E0DD4664576CFE078C3B494724D7CF2F691CDF960304E354E7C34FA6B5A30"
"node_modules\minimatch\dist\commonjs\unescape.js.map","1403","E536D86346E2A1A62261B10870EC2A876E4704A1C43C3DF04881DA1C2A37763C"
"node_modules\minimatch\dist\esm\assert-valid-pattern.d.ts","115","8470352A01AEABC3149AB72C3BD4F4BB262315F2F23572ADF5E4F00F7160027F"
"node_modules\minimatch\dist\esm\assert-valid-pattern.d.ts.map","199","1490A9A240AA26980EFA3FC88EF575B68EC87C4719278F4D9CA591ACBBC48020"
"node_modules\minimatch\dist\esm\assert-valid-pattern.js","336","90E8D3327D573B9D2391EDF03DC7D50C1C0B468D720A4C0FB4A08A36EE5C50DC"
"node_modules\minimatch\dist\esm\assert-valid-pattern.js.map","805","9ACF188D6E3BE91FD050F14DBFB6B7132D60C5850BE45888C6998A3E410E1E5B"
"node_modules\minimatch\dist\esm\ast.d.ts","795","1EF34600DCDF3C557836BE168982275BA6EA91A6DC27B81A3342C76226BF0DFF"
"node_modules\minimatch\dist\esm\ast.d.ts.map","868","97BF07CD72ED5C23FCE1F3F12097BCC49521F63DFAED3B9DA0A43A5760FB185E"
"node_modules\minimatch\dist\esm\ast.js","27554","15CE7A00A4AFC2742E0EA01C5C32F27400CD88493B500C7D0057752DA35E13C2"
"node_modules\minimatch\dist\esm\ast.js.map","51814","B2B27F316512149042137A8A122BA5561E407C57D62B3E7A72653FC17A4AFEDF"
"node_modules\minimatch\dist\esm\brace-expressions.d.ts","251","C653127B895660361106B3B5131A61060DD1EF9DA6C4FDED89AB2400064C6D53"
"node_modules\minimatch\dist\esm\brace-expressions.d.ts.map","319","092D3ACB38F91D3B8BA5AE73640C0B81414E8187C5B92896BA928A88DAB221D4"
"node_modules\minimatch\dist\esm\brace-expressions.js","5631","E99F6C57070874422DAE185154539C9B33A6FB34E2A12EEBAC8626DD0AB35204"
"node_modules\minimatch\dist\esm\brace-expressions.js.map","10536","B833F4802776A583B96736B06468270292EE46CF6A579369CF9A21FDEEE62568"
"node_modules\minimatch\dist\esm\escape.d.ts","647","58486FD899715857D9CFECF89C28FD8D6045712795036F69ACC3ECD049F7E383"
"node_modules\minimatch\dist\esm\escape.d.ts.map","260","95140E4000AC7D44E238C5A1BF29DECA88AFD53357C430CAABBB47416A44E029"
"node_modules\minimatch\dist\esm\escape.js","848","1E510823C9FBC36771C4C1B5EDC1A4A5FCE1CC443634C19A843D02280ACD4639"
"node_modules\minimatch\dist\esm\escape.js.map","1364","E65BF38FAEBACDB3F075C50E75367FF158FE9B6068249950D1379F3E3E3BFD67"
"node_modules\minimatch\dist\esm\index.d.ts","4018","213394807C8E4AAC86127B2756B9E019E9C73E6DFD02299128B0CC375FDCDC3F"
"node_modules\minimatch\dist\esm\index.d.ts.map","3376","B5A4134B02A4C9BA66278BD1F97EDCB70B88673F94DAE4AD7F05E8C772DFDE23"
"node_modules\minimatch\dist\esm\index.js","38362","8772B7FC5D3C741723B3839A43F929D9D9262121C5A74535638FA40C92CC1E6D"
"node_modules\minimatch\dist\esm\index.js.map","74970","CC2D6E7643D030FFF764F9E3934763BB2E098EA4B24DFC3EBD1ACF0C772B52B0"
"node_modules\minimatch\dist\esm\package.json","23","3CA9D4AFD21425087CF31893B8F9F63C81B0B8408DB5E343CA76E5F8AA26AB9A"
"node_modules\minimatch\dist\esm\unescape.d.ts","788","32FFEF6E12F038A2CBF047CBC5955AC09202426780B94B46B18080A8CCE83B40"
"node_modules\minimatch\dist\esm\unescape.d.ts.map","269","F74A2662B5C8F4F88C0AF43D18E2DC152BA50A42773B313EA4C016884EACC87B"
"node_modules\minimatch\dist\esm\unescape.js","847","4C52110A7053CA74D659226519E2D977D10CCBBA0305D514D2AEFFA78E1583F5"
"node_modules\minimatch\dist\esm\unescape.js.map","1389","D10060A5AB81A4EC0E504A0D69DA24FEB287E2CBDBF8C48C48E9E1A7471A1680"
"node_modules\minipass\LICENSE.md","1552","8A1AF140FDFBF5AFD3DF27F7E662F989C5B963A300020DFAFCE42033CAE9E004"
"node_modules\minipass\package.json","1904","B8AB116187D5E9375D494F17437EB862CBEE4B329C21F15412C6A5170EC2F55C"
"node_modules\minipass\README.md","27159","69B9D3A872F51D6337F26B6840D0634E6396B025A7ABE9803814F13B04BA46F5"
"node_modules\minipass\dist\commonjs\index.d.ts","19375","0206B5C2F03CA87D15CA00C2BED1A2E9EDE2DCD62E6BC8FFCEB72C89E0B93133"
"node_modules\minipass\dist\commonjs\index.d.ts.map","48061","B122E7D67D795A63FB6DB4573F7F1BDCE22F2FC6F53A55D62638169FEE8EB207"
"node_modules\minipass\dist\commonjs\index.js","34050","085DC9747F0F4B28A196353DF3702E2FF8CF0BC883A02378DF062525A7CF9A38"
"node_modules\minipass\dist\commonjs\index.js.map","66964","E8B169BF41B4C1032847FCDA67908CEE399AD7791EEAC0F6DB9CA31CB2DC76F0"
"node_modules\minipass\dist\commonjs\package.json","25","8005A3491DB7D92F36AC66369861589F9C47123D3A7C71E643FC2C06168CD45A"
"node_modules\minipass\dist\esm\index.d.ts","19375","0206B5C2F03CA87D15CA00C2BED1A2E9EDE2DCD62E6BC8FFCEB72C89E0B93133"
"node_modules\minipass\dist\esm\index.d.ts.map","48061","B122E7D67D795A63FB6DB4573F7F1BDCE22F2FC6F53A55D62638169FEE8EB207"
"node_modules\minipass\dist\esm\index.js","33328","2690B4752DF99B1E7959802070037BA2898908675E75F1E32C358578A4456DD3"
"node_modules\minipass\dist\esm\index.js.map","66914","A09440346A2F68C3884FD05575A2ED3DEB513EFD68848D2E734BA78A06EC1763"
"node_modules\minipass\dist\esm\package.json","23","3CA9D4AFD21425087CF31893B8F9F63C81B0B8408DB5E343CA76E5F8AA26AB9A"
"node_modules\minipass-collect\index.js","1994","554B86B1DE808D862951E2CFA8561A4024674E9B937BE2D939D3B6A08432C6FC"
"node_modules\minipass-collect\LICENSE","775","B630651F34D0E0284EA940601BBE0A58F306AD7E9819E351D9DFAB812F8D0F38"
"node_modules\minipass-collect\package.json","688","042AB826C5440A7D01A1CAFAE44C54840618319E2E64ED40DF006C542B0768F8"
"node_modules\minipass-collect\README.md","1506","2FCDD1A11D4DC927519E6801C59119FB9743173B510F2E30B99C4E3A6B7C3432"
"node_modules\minipass-fetch\LICENSE","1308","1DEDEE6F84F5875CE4DC398D4D767274EB952A43CFD510A6ADA856B2ED347472"
"node_modules\minipass-fetch\package.json","1723","0DFC6AD7831258FD1C45E25FEA68C1C34BE39E515C7E32392959B855876E3E66"
"node_modules\minipass-fetch\README.md","988","FB323FC2A7CFF84685404E403FC485939A3B1E4E5ED39E4CFAE59FF64B094DB0"
"node_modules\minipass-fetch\lib\abort-error.js","362","BEEF50FEA16C75E829BB5288E8135D0C8D5E9C1425C123978DD38A2754AFC007"
"node_modules\minipass-fetch\lib\blob.js","2334","F53CB813C7F8159FB10BAFC8A20181C65797DED22D5E350511AB2F847B2DB861"
"node_modules\minipass-fetch\lib\body.js","10548","D15239F5082038D1828105ABC5D20E5DF6986CB9E83D6825B017D60817C540C7"
"node_modules\minipass-fetch\lib\fetch-error.js","713","0EF76C82E13164DEEDB94685B0E8781136F7E596421F5E29F47854F268630B20"
"node_modules\minipass-fetch\lib\headers.js","6547","25A7CC3BB7C6B4A64F1ED839DD08A9CC4172CCB00D5C0A0259CC08ECC6177DC0"
"node_modules\minipass-fetch\lib\index.js","13201","C72F1996D9EA08FD84A72D184F04CD0068494F828D89197B83C41428B6A331D6"
"node_modules\minipass-fetch\lib\request.js","7173","37D47AD0F3D7F91EC56B4187475D3FA218C1FAD55F79334B17123337FA5B8DA8"
"node_modules\minipass-fetch\lib\response.js","1952","5CA89C930583CA0D3DE066E7B58CA6CD57FD9271A5CA5FF30CD2AE7085D6AC7A"
"node_modules\minipass-flush\index.js","1011","56D0DFBD2ACBAFFD7A592EB25130EED4AB12BC1C10844677B2D869D5992C36A9"
"node_modules\minipass-flush\LICENSE.md","1552","8A1AF140FDFBF5AFD3DF27F7E662F989C5B963A300020DFAFCE42033CAE9E004"
"node_modules\minipass-flush\package.json","858","00EB6D6A76A29658C56BFC079F9E5EC008AE6BA136B83467777948280077185C"
"node_modules\minipass-flush\README.md","1197","4A98617B437C20D4A47D6322176DC662B55BD7A875FA419D40A7B317C577C74B"
"node_modules\minipass-flush\node_modules\minipass\index.d.ts","4224","14BEDD2E5282438E6062B4EAA08D00F20AABE5F0377EDD2E54B4B83CC41DEE63"
"node_modules\minipass-flush\node_modules\minipass\index.js","16631","DBC5220C4BC8B470DA9C8E561B6A5382CF3FA9DCD97CACE955AC6FD34A27970C"
"node_modules\minipass-flush\node_modules\minipass\LICENSE","787","A5A110EB524BF3217958E405B5E3411277E915A2F5902C330348877000337E53"
"node_modules\minipass-flush\node_modules\minipass\package.json","1187","E99F6B67BA6E5CDA438EFB7A23DD399EE5C2070AF69CE77720D95DE5FB42921E"
"node_modules\minipass-flush\node_modules\minipass\README.md","25261","C65C47FB2512A285FC6E7C63E5A613E5B959825BE57E3D396427EF7CE6A4D49B"
"node_modules\minipass-pipeline\index.js","3412","3DEADCD27F94BA4EBFF5AFFCAAAA5241EF441444E9169D6C37AC069C6B008CF1"
"node_modules\minipass-pipeline\LICENSE","765","4EC3D4C66CD87F5C8D8AD911B10F99BF27CB00CDFCFF82621956E379186B016B"
"node_modules\minipass-pipeline\package.json","588","C20F059CA6012AF5A3D255948C7AB1FCCC06AD1D0019C669B08BA251CD4B281D"
"node_modules\minipass-pipeline\README.md","2239","A5E4F64767152CEFB73B78F2B97A3A27FE319D1D17C6021966C0B6F7B20DA414"
"node_modules\minipass-pipeline\node_modules\minipass\index.d.ts","4224","14BEDD2E5282438E6062B4EAA08D00F20AABE5F0377EDD2E54B4B83CC41DEE63"
"node_modules\minipass-pipeline\node_modules\minipass\index.js","16631","DBC5220C4BC8B470DA9C8E561B6A5382CF3FA9DCD97CACE955AC6FD34A27970C"
"node_modules\minipass-pipeline\node_modules\minipass\LICENSE","787","A5A110EB524BF3217958E405B5E3411277E915A2F5902C330348877000337E53"
"node_modules\minipass-pipeline\node_modules\minipass\package.json","1187","E99F6B67BA6E5CDA438EFB7A23DD399EE5C2070AF69CE77720D95DE5FB42921E"
"node_modules\minipass-pipeline\node_modules\minipass\README.md","25261","C65C47FB2512A285FC6E7C63E5A613E5B959825BE57E3D396427EF7CE6A4D49B"
"node_modules\minipass-sized\.npmignore","264","C1B3179DF45EB7575B21EA2978181D01BADEC7860DA74DDA8F4124200EE1B69A"
"node_modules\minipass-sized\index.js","1785","21C8904D1CE6960362BC6AA7261E3B371B8F203B60FCC57E1B54A701E96EC77D"
"node_modules\minipass-sized\LICENSE","765","4EC3D4C66CD87F5C8D8AD911B10F99BF27CB00CDFCFF82621956E379186B016B"
"node_modules\minipass-sized\package-lock.json","117102","9E7C7FBFD01A99B8BCE20F3AE9108BC9962D9CD5BA6B8BD7F2EC1C946E65A870"
"node_modules\minipass-sized\package.json","831","55B337582C4192528F19EEA2ABABF77B18FE2ADA15F346B25A2C1D276FEC182B"
"node_modules\minipass-sized\README.md","859","D1F73AC0D166BFBF0E3F4278D38A36F2F05EFBB8288B668A51F664D15F42178F"
"node_modules\minipass-sized\node_modules\minipass\index.d.ts","4224","14BEDD2E5282438E6062B4EAA08D00F20AABE5F0377EDD2E54B4B83CC41DEE63"
"node_modules\minipass-sized\node_modules\minipass\index.js","16631","DBC5220C4BC8B470DA9C8E561B6A5382CF3FA9DCD97CACE955AC6FD34A27970C"
"node_modules\minipass-sized\node_modules\minipass\LICENSE","787","A5A110EB524BF3217958E405B5E3411277E915A2F5902C330348877000337E53"
"node_modules\minipass-sized\node_modules\minipass\package.json","1187","E99F6B67BA6E5CDA438EFB7A23DD399EE5C2070AF69CE77720D95DE5FB42921E"
"node_modules\minipass-sized\node_modules\minipass\README.md","25261","C65C47FB2512A285FC6E7C63E5A613E5B959825BE57E3D396427EF7CE6A4D49B"
"node_modules\minipass-sized\test\basic.js","2259","0DBB5775907943F43DEE34E95B0850C209B1A2DF3EE912B888F1B4EEEC63CFF8"
"node_modules\minizlib\constants.js","3740","D4DF7BAE3260DEC937F377C259A098987954C3EBBCF4145ADACF598DACFB90FB"
"node_modules\minizlib\index.js","9444","038B01F7982845D55B30F7888698DD0D34049E99C9F6913D424E3BA41323654D"
"node_modules\minizlib\LICENSE","1297","87A4800D70DE7EDC1640351A045BB588FCAA958093FCD1B3EE878388ABCEB818"
"node_modules\minizlib\package.json","907","DD7D78CAF139BA9228A84BEE7BB5FA7B92E4D332B836F07BDF1B0F9E78FA6340"
"node_modules\minizlib\README.md","1921","0C40EAA788A2F92DC61FC92BDDA276F99F5B17C8424D37CF17783338CCBA2386"
"node_modules\minizlib\node_modules\minipass\index.d.ts","4224","14BEDD2E5282438E6062B4EAA08D00F20AABE5F0377EDD2E54B4B83CC41DEE63"
"node_modules\minizlib\node_modules\minipass\index.js","16631","DBC5220C4BC8B470DA9C8E561B6A5382CF3FA9DCD97CACE955AC6FD34A27970C"
"node_modules\minizlib\node_modules\minipass\LICENSE","787","A5A110EB524BF3217958E405B5E3411277E915A2F5902C330348877000337E53"
"node_modules\minizlib\node_modules\minipass\package.json","1187","E99F6B67BA6E5CDA438EFB7A23DD399EE5C2070AF69CE77720D95DE5FB42921E"
"node_modules\minizlib\node_modules\minipass\README.md","25261","C65C47FB2512A285FC6E7C63E5A613E5B959825BE57E3D396427EF7CE6A4D49B"
"node_modules\mkdirp\CHANGELOG.md","448","1B0588E723173619F4072229EDC2513A49A42F88A25390B06010AF9A0043E122"
"node_modules\mkdirp\index.js","1029","FD78D08648851E2DB1B19E1271A90AD55B640D0B6AE2B20AD11C94AEEC847B33"
"node_modules\mkdirp\LICENSE","1166","144C935613E823350F7798D19DA78B5E8315A79AF5C2A3744FD85CD61BAF07EE"
"node_modules\mkdirp\package.json","804","A7357D86BE1FD6CD9AC7BC78C4D49155CE08C6087A2378FAE5B15CE2EB34B9A2"
"node_modules\mkdirp\readme.markdown","8507","A44032C9AEBEAE12CD6378716DC413DEDD2BAE2C1A83A3E96D0775942296C324"
"node_modules\mkdirp\bin\cmd.js","1830","A5BF5E02584A7D72E4954F45E6EFD60965315A78237179072DE58CD8A161B8B6"
"node_modules\mkdirp\lib\find-made.js","763","743B7FD8FD5EC11DD6A71800650A65079F5BD3F08CBABB5C8DFADF06D138D755"
"node_modules\mkdirp\lib\mkdirp-manual.js","1610","492BEDCD991014695803A3788F6C520DF9C9B46FC315C9237DEBFDB713D75AAF"
"node_modules\mkdirp\lib\mkdirp-native.js","969","BB01894BCA455D7CC47C4957687293EF0FA740FC50E9AF1351517E7AD667D00A"
"node_modules\mkdirp\lib\opts-arg.js","784","A9A3E4F1700201C1ECB1D5EBB33D6DA69ECF3DB23546C4D077C730AE42A0A6A9"
"node_modules\mkdirp\lib\path-arg.js","730","93ABAFB7A89F0FE00C662CD8F4100F4AEEF7D5B0A068B8A9AF81B38F03D21325"
"node_modules\mkdirp\lib\use-native.js","448","FED1E14F4D3A650493666697889E77EBB3BE6CCB6054E9F55197566D1CF0EEA8"
"node_modules\ms\index.js","3024","E5F0B6A946A9B2B356A28557728410717DF54EA2F599EDB619F9839DF6B7B0E9"
"node_modules\ms\license.md","1079","1662FAE9B5314D11CF51284E2DCD1F006A354F7343F08712A730FCFF9A359801"
"node_modules\ms\package.json","732","1A6B4D9739790C0B94AB96C8CC0507E281C164C311FF4FBF5E57FB8D26290B40"
"node_modules\ms\readme.md","1886","8BF6C4F414B123EA2A9375B91982882D01D8561CE7D12E3BB4F448C23359F040"
"node_modules\nan\.pre-commit-config.yaml","209","A70CFAD83AAEA29ED7BE8C8B6C45ED6ED2BAD70BE55B7D3C5FDD793A33B7AFBC"
"node_modules\nan\CHANGELOG.md","23847","F811FF5C70968B03A8DB6523C829DCD0517D602519CEE88ADFFE915D5D976B0D"
"node_modules\nan\CMakeLists.txt","4239","867B5468B4876ACCA6FECEDA80AC58DBFED09E9E414B6355FF1BCE6FC33ECD46"
"node_modules\nan\include_dirs.js","55","C32B11511ABA771A4C6765DE2C73BE416F205316CA9F37283170627E778E8D65"
"node_modules\nan\LICENSE.md","1144","95D152AF7A776FBA93BD795D3235D478CCA4A207F8E1475FC9A3D71D28964C39"
"node_modules\nan\nan_callbacks_12_inl.h","25868","47B86A306550519CF525C603A78208118F8AE024DF138B177301D15F55EEED1E"
"node_modules\nan\nan_callbacks_pre_12_inl.h","17112","CB4AF57CC3370F9F79F7D398CA9F9B0AE1CF4B340FB832BD9B7B14DD90B574CB"
"node_modules\nan\nan_callbacks.h","5005","4FB3CB6A3DD382F1AD4A3959DDF9823B7BCA23ED43D132B1F5026EA268F05EAA"
"node_modules\nan\nan_converters_43_inl.h","2748","7045E630E82C24629D8DFEAA375B4FB471DD24B6DF72FB2B89D3803C41139E9D"
"node_modules\nan\nan_converters_pre_43_inl.h","1254","5C2EAA295EC1CAF3F3EF319B785B436B3E0BD2C4440FF576B5ABA82D12262394"
"node_modules\nan\nan_converters.h","2109","6E92E34BB6915434F8093D80DB908929984222DFD6B5CE70095FA9400A196154"
"node_modules\nan\nan_define_own_property_helper.h","1027","CAE6C4F3BDBA55E362011702976075A8F23C2B555FDBD22EA0A90D3AC5572A20"
"node_modules\nan\nan_implementation_12_inl.h","15054","7DDFF7C5E82C601A6CAB39785BE4FC84D2F3513E0C2E731A90F5C9F3EB9B2546"
"node_modules\nan\nan_implementation_pre_12_inl.h","7943","09BCABCF7D99588C375545A7E6862374E717F5BDD7F6387B2C76377863B7817B"
"node_modules\nan\nan_json.h","5772","DB8990E9FD1C1FEF3A354F9E8ECB0830A41BE9AC5F6754AF520252F513C046B9"
"node_modules\nan\nan_maybe_43_inl.h","12528","EC6561E4C4DA69AB61D6169159E7343858A3E54A4B15815FE9596F0F669234E6"
"node_modules\nan\nan_maybe_pre_43_inl.h","7168","7F58C0A422E6AAD77D952B9A924DDA5FB579463AB0D5DC2DC77DDD2E94417D24"
"node_modules\nan\nan_new.h","8786","11FBC38EB49CB6F3C142022C5B47BCCC6A18047AD7D509AF011FEEE48F02D7FD"
"node_modules\nan\nan_object_wrap.h","4128","57CF6CD941B4A807BCBE69D3555BCEFD0DCA0EC77F459AD77DAC07B491F063D5"
"node_modules\nan\nan_persistent_12_inl.h","3873","F720E2E961664E897BF8E82D9181D810F0CB681A7E7BD5B8200C55649D3F02B2"
"node_modules\nan\nan_persistent_pre_12_inl.h","6157","F502353164D1538F8059C2CF999E55FA462E38CDB15AE97F94AF0AAED51E58D2"
"node_modules\nan\nan_private.h","2477","C9A7B80803EE292A0E89EA40A5AFFFD21F2C5AF387DDEC405FD215E8DD3D60F7"
"node_modules\nan\nan_scriptorigin.h","4095","E21A9796A94183A29BFE9CCD000DFC187A0E4586E91236DA42CC56F30DFCD203"
"node_modules\nan\nan_string_bytes.h","8102","E06CE2CDE16826C454691F8F310C3562DDC0D560F132DB2FE61B3CB6DD29F101"
"node_modules\nan\nan_typedarray_contents.h","3090","13753E3EE8F62E602EE572861BC6A3B0B33FE288D3B65A96EDEA12FDB02F67F0"
"node_modules\nan\nan_weak.h","15949","4CF8896FD92BCE0B0732F57291A882E464F2784F186C7AED0DF9F4E27672C5AF"
"node_modules\nan\nan.h","98234","D903067A17B4AF90272614B49E9C3E95C975DC5CE9BC1E1CED81587DACBDCAC9"
"node_modules\nan\package.json","1438","8E3B382DFF4CE1F64D0B0AEE356FE3817D041569D37E713476A07F681E0AC23A"
"node_modules\nan\README.md","28580","2D4CA52959E43734C7403D33F13D974FB3A086ABE772A11956C073A140A007E6"
"node_modules\nan\.github\workflows\ci.yml","1652","5A4E680CD50BEDF3AB43D784A1C7DF1F8AEEAFC02107F605BF70D58F362B35C1"
"node_modules\nan\doc\asyncworker.md","5348","8899C8DD17A770C6464C17521F6E78DE83EDDC3009D07194E88C021AFE1C63F7"
"node_modules\nan\doc\buffers.md","2121","B0729C1F183D135E7720E4A04CF060DBEBA7D86454A75454018949B5D38BA403"
"node_modules\nan\doc\callback.md","2633","1E0A33A866A7FEE7A2A036F93982B2E57ED8ED6885D94A559856BAAD3AB4E45F"
"node_modules\nan\doc\converters.md","1950","5729D8EC9AC3F745B3599E773248A667DE73176F2C11E5F79678B1AF5AD652B0"
"node_modules\nan\doc\errors.md","7391","87A6D68A696D1270D6BCBBE4554BA3F880B5738F30AB0F74B0DAB9B1D4B62F7F"
"node_modules\nan\doc\json.md","1944","2CA07B2C8582C9CD774E04DB3BA433CA074DF49353A30345A11227EE9CE49E68"
"node_modules\nan\doc\maybe_types.md","22401","EF82717E77C8DA7D5D3ECBCF84B4E57D7ACE120A969988DE3C4DDB2792EF6FC4"
"node_modules\nan\doc\methods.md","28830","883FB171FA3970D5E091B78C2EF0453426F6DE0DE67FA47E1D4186A8183F236A"
"node_modules\nan\doc\new.md","4859","27A7478FB2D2E907B27431DB232276ADD7F17A9A9B4D83A58C087E57494332BD"
"node_modules\nan\doc\node_misc.md","5704","081A89819B3187A1AFDC9E4EC4E0D2A5BAB226D503C83BF5A20EF91B86E3575C"
"node_modules\nan\doc\object_wrappers.md","8226","06A59CD59A0D6E75A9C4588DF69AAC843C39ACE9B24001F999C0D570FD8A0362"
"node_modules\nan\doc\persistent.md","10899","F02866D69E105CC6CAB69CBE9D1246352DA40B56D253FC3F13065D0C6E4E23D1"
"node_modules\nan\doc\scopes.md","2362","33CDE5199D3D3B6AC4D8E73261AC23A6941DB2EDE7A8427D73E63B198E323811"
"node_modules\nan\doc\script.md","2081","3DBEFED20733372F194502CF91D8313C836BB6AAB3314DEED5DB81BD71AB577B"
"node_modules\nan\doc\string_bytes.md","2643","99230ECFDDBCFBE9F00B7781EBCAFD181B4B72E4A14FBC390B54FCAA22DA2CB1"
"node_modules\nan\doc\v8_internals.md","7448","1A9D45CC2C2F3A8DC227FBED4898DAB56EF593AD51EC52F16BFB95C502159FF6"
"node_modules\nan\doc\v8_misc.md","2914","58A371B74DF52C2499ABEF3E19C7F307F3D2A678138CDA8F9B4A91EF5D2916DE"
"node_modules\nan\tools\1to2.js","14364","1805F1F8810CE080B0FDC472BC792FCB55A6E8A04E257CC011BC12013A1A80B4"
"node_modules\nan\tools\package.json","441","26C59824A231AA81659C1D72C0A359E271889881218212ECECCD4B393DFE13AA"
"node_modules\nan\tools\README.md","456","A5E5B621D84FB9B98C84D5276F0B14AC022B752D2258388C2A1F56AF7D830859"
"node_modules\napi-thread-safe-callback\.gitattributes","25","DC500E34401A82E287DC075A0B1ADFD24E779476F9ED135405C4A67F136D327F"
"node_modules\napi-thread-safe-callback\.travis.yml","295","3A110514A6ECA795A6719CF797D4A31E844BC9682F3BD5BB7B71C6ACDDB0D075"
"node_modules\napi-thread-safe-callback\appveyor.yml","657","D792432CF73480C957AE9D91F9A01CF9C8130909623E3BAE9C9F64EB01F4E319"
"node_modules\napi-thread-safe-callback\index.js","55","B5523ACB60B1D5C25AF35FFD40006843EAABA2E1B428FDC72ABC7E10D2350868"
"node_modules\napi-thread-safe-callback\napi-thread-safe-callback-impl.hpp","8797","EE228B2FFCB97512FCD3D444D8036B8D81CD4139B8750F1377B777A96113FAEB"
"node_modules\napi-thread-safe-callback\napi-thread-safe-callback.hpp","3491","DE98200A912DA8A2718F005953D610066C4A1BF00417EC5D27311777AA8A5DB4"
"node_modules\napi-thread-safe-callback\package.json","969","A0C7312B950B33DC1915EF40F69433C9FF8461F169B152387FCAF0FD8FA50DC4"
"node_modules\napi-thread-safe-callback\README.md","4956","BAF4E436DF21FDB7C22EC8C510F744B96D78D6E912BB1C450B5CB2836694D7F0"
"node_modules\napi-thread-safe-callback\test\binding.gyp","976","55069A36D93E9A3085B7888F1139B8B46E81BC660840A79AD4FF676C737CF0B9"
"node_modules\napi-thread-safe-callback\test\tests.cpp","6197","E5F7505DCA05B32DB6F540037B988FF546F4A8B468C70F818BB3B9D5E85B7EBD"
"node_modules\napi-thread-safe-callback\test\tests.js","13135","6BA8A0297982791B07268F81F10ED6AE2C255495F89DFE0CEEED1DA7B21E54D1"
"node_modules\negotiator\HISTORY.md","2581","893C24BB50EDA5027B9692AAA3B956587907E6E9EA7893EB67699F82C11467C5"
"node_modules\negotiator\index.js","2495","2E01E2337B17FB2036C1CD4E43832370510950F0CFDFBAB63D67877879C542AE"
"node_modules\negotiator\LICENSE","1177","553D4D20029A24E315B428A1A54A9E109EAA340F2E958A4F50A92362C2C4070B"
"node_modules\negotiator\package.json","993","D7C1FB78E3186B6385077E0B7B365ADCA324274963E41E1D68F78B4F82105E4F"
"node_modules\negotiator\README.md","5322","DCE24DD997F623D019DE8D331986F415B06DAEBE1F8EE40BD6B9478FE95617F0"
"node_modules\negotiator\lib\charset.js","3081","E6522A2DF58F21A6CDF8D146F7E85B9A49BCAF68B813DEC15068A8E84FC582C3"
"node_modules\negotiator\lib\encoding.js","4155","B1A7D9AC13DD4441361504233BCBB2DDD2FF0545910C3D42EDFB5444B5D92437"
"node_modules\negotiator\lib\language.js","3409","4AEBB44DA06094F2D56F0B20B4FBDD542CDA00A4C9295E10BBE55203701C9024"
"node_modules\negotiator\lib\mediaType.js","5343","4ED7FF46904E6D4CCD292C7DE5ABAB119AE39E90CCFE687DFDC243BBB595D580"
"node_modules\noble\.editorconfig","194","1244144393A51B9D1670B25747932AAAEAB0C661D8DFD6698A9BA71DB921655C"
"node_modules\noble\.jshintrc","178","411AE221AB0F4454F54BEDA8F5AB9BB2359C5604AE772D7567DA4DA0203B6392"
"node_modules\noble\.npmignore","105","2EC17FDF7E852F6A1DBDBCB5656FAEE60A25CE23ED862BCDE2A84F4818412897"
"node_modules\noble\.travis.yml","674","5CC69763E47BB3DB38700C024069840C6C64551FA0E87C749DA460E8E4651ADE"
"node_modules\noble\CHANGELOG.md","6288","B564468B99BB9C0B08D7B2C0D1CD82A797D131CD058C2D907C3565AFA8E73D68"
"node_modules\noble\index.js","127","3EFBE6CFCA884204B5DF11948AC853122CE254E34567BB68C5F422D3F868DEA1"
"node_modules\noble\LICENSE","1081","9CA914431F724A584B45B49F6D88200A7DEC7CAC72B1383BFED5104FCE470B8F"
"node_modules\noble\package.json","1184","5F9661D7FBCCE59FDBBB1373439EAFC89C8B80B8FABFB69B3C4036760E94099A"
"node_modules\noble\README.md","23768","7996957B4757854A89D7D00B3154898F889B9BF085E6D1AC948075EFFECEE155"
"node_modules\noble\test.js","3314","1FE95CAFB3A1FC84CF20FBBD96B54C969ABC56E47AC84493F75FC8F3796AE390"
"node_modules\noble\with-bindings.js","108","D86C6ED2893EA1F975D9AAB3DDB33732926663478E6961C8E08EA97DFF9992AB"
"node_modules\noble\ws-slave.js","10821","9275B9B1E4E0A117D9DE7D1AB0392D35C2D1BD4374B8F6727160BF4864A089C3"
"node_modules\noble\assets\noble-logo.png","8567","E7CFB701DF99DB0266244B206AFFD6B907F383447BBA66787EB5D9875DC18247"
"node_modules\noble\assets\noble-logo.svg","8531","AD414E10BBCDFD3DDE4CF1563822C887501DC80E7B5AA0677157228270FEF08C"
"node_modules\noble\examples\advertisement-discovery.js","1479","5A635B6633EB67D36CAD28B812A2397368117056CA4E8257E16CA6BE6CF8C96B"
"node_modules\noble\examples\enter-exit.js","1298","F20166422EF22E82C72B74CF9FCB59C5D86164B1BE9CCF11D3287D580EA8D857"
"node_modules\noble\examples\peripheral-explorer.js","4924","EDA4EFE68C37738C3BA92D3BC2560F767DE2A3120B88271FC6F4368422ABF6E3"
"node_modules\noble\examples\pizza\central.js","5055","8CBEBB7EBDA8BB03E4AEAEE540D2F7998A2191BB1A33F5FDFB025AEE4A1C38C5"
"node_modules\noble\examples\pizza\pizza.js","1370","88F9BE3EBFCDCA64EC73C80D453EAC14BDE689EE1DB59ABE4B443D55D9EFC423"
"node_modules\noble\examples\pizza\README.md","828","8B21CFB6E190BDFCD365B4AA7FA9F9FD89B820156C8A3DFE201DEFD2BA0FE1FB"
"node_modules\noble\lib\characteristic.js","2952","A5DEFBABE830686B1AABE550B5909ED849F269E7366E781D50EEF6A7111AFFFB"
"node_modules\noble\lib\characteristics.json","20064","BA7BAFC370FBF54614A5AAC4069B57D5FCED1BF1AA80608A0D1046B3334F0542"
"node_modules\noble\lib\descriptor.js","1453","201F6521B9A84CDE7CD56CFF7119B70862ADBEFCEF41DFBA58D4A973EDEC0C53"
"node_modules\noble\lib\descriptors.json","2185","9E1C2DFC7D228EDA9E337C1EF1E4BE452A926E0B12F4B4766057F889BEA4BC66"
"node_modules\noble\lib\noble.js","15685","5A7179ADBE9E9E6F08921039DF1B9A2815CE564952956F9730A4DD22AAC76178"
"node_modules\noble\lib\peripheral.js","3409","F03179DF93CB71111CB3D52F107BE16D40121E0659EC6D2AE13BC96CFC0B232F"
"node_modules\noble\lib\resolve-bindings-web.js","220","044194ADF18DBCF6D2417C31641F5C7E438FC3C2C33C84F15B0E7B34E2A3B192"
"node_modules\noble\lib\resolve-bindings.js","532","99E13AC826C9E3AC8ECB141EBD07CC6B30CC4A35D058EFFD16652357EDF4118F"
"node_modules\noble\lib\service.js","1434","CE5028694F081EAB540BA8228B7CA053FAA7D545DEF4C9CF51BF26DE29301072"
"node_modules\noble\lib\services.json","3758","C8F7854397EFEEE646E97A2FF630A748B57001091A9B54DB5E84B3DCD51D2961"
"node_modules\noble\lib\distributed\bindings.js","10086","C9EDF06E7F467C11BFA95510C07D7E7AAACEC2B49364152FB3CEE334FF2DBE67"
"node_modules\noble\lib\hci-socket\acl-stream.js","1690","A218FC520314172D6145D69BB05A1D2B58ABFB28F88C89106EAA06965EA6E293"
"node_modules\noble\lib\hci-socket\bindings.js","16785","48285D2A3DDB722D21AFD1FDFCFB2CEE8E35BDA88C6A13215EC7CC295E882FB6"
"node_modules\noble\lib\hci-socket\crypto.js","1133","B33BFDF76C505FD58E74B117CA80AE7A0E208F0FE7B9B84EA88304CDBBD56DD5"
"node_modules\noble\lib\hci-socket\gap.js","8908","10BEE7DCE20F73C79BA13089FEB41A0EAC2E75CC751DBD0DA2E3EB67371ECABD"
"node_modules\noble\lib\hci-socket\gatt.js","24210","CACB51CD1ED4F81B4632BD5D21D5C1ED52606E2CA1C5FC8FD239865EFB4BA9F7"
"node_modules\noble\lib\hci-socket\hci-status.json","2248","E6030FC0DAABC0CF1574B387F030F5ADB94FE3CCE819DA725430BE03655950D8"
"node_modules\noble\lib\hci-socket\hci.js","19868","2C460CAB2F81FBFA395D5B65ED91786703639BEA9FD1096588267D2A196D7C1D"
"node_modules\noble\lib\hci-socket\signaling.js","2381","E2DC9D50D52FEC1FF88310F1AC8B737D21BFBAA700DA97444B2AE5A99DB8A586"
"node_modules\noble\lib\hci-socket\smp.js","3816","DD7B2B5126F46DFE0E246C5623A974FA599382F521747EB3ABD028FC4438930E"
"node_modules\noble\lib\mac\bindings.js","329","8E821666C696A74DC88103E64B26ED8ACBEDD459715E65B297176BE518BCB31C"
"node_modules\noble\lib\mac\highsierra.js","25685","17F9EA810881876862AD89F4857FAB261A343419200F79A099CADBA29AAF97FA"
"node_modules\noble\lib\mac\legacy.js","24332","9DFCF301BB6A5632138483B6E69A7AFCB32FA950095E2CBA1333780012007FFD"
"node_modules\noble\lib\mac\local-address.js","432","DE3F44C905728FD97049D9646B8F1AE0CF8C19537E2D72635C17A7E97DF2B9E5"
"node_modules\noble\lib\mac\mavericks.js","21494","C81E7D5EB55AEA0C29743F80F590E7AF23584B4CB212FB1A4D51FB127F919545"
"node_modules\noble\lib\mac\uuid-to-address.js","875","BE7896572F1ABCA7514003D1AC606AECB5BB50A0264CE117F1F42D041899D972"
"node_modules\noble\lib\mac\yosemite.js","26761","A9BAAD283FF5D2B2DE2E13CDF2A0560F42E300200BBA5FD85306DB3FE71683C0"
"node_modules\noble\lib\webbluetooth\bindings.js","13070","EE2C182F6EB9815E15AA3ADA98647C98A45CF4A5F547EE07D0EF66AEF686A9CD"
"node_modules\noble\lib\websocket\bindings.js","9865","78C968B37E4DFCA17505E735BE2815D6466090DBB1D256D5FA73304706F6EF62"
"node_modules\noble\node_modules\debug\.jshintrc","23","39B7C04816AD96B4DEAD6F942F8448CC762D6919CE765D194D01ED96FCC785FC"
"node_modules\noble\node_modules\debug\.npmignore","42","566AF60F966E73489B347C8425C228B8B154E95C2D4C1833A849BA253CEF03C9"
"node_modules\noble\node_modules\debug\bower.json","480","C373C17E65E9ACE420A65E5A5630136EBA7DD1405C2A9E7C2ED23B28FEE65337"
"node_modules\noble\node_modules\debug\browser.js","3763","4BBEAADBC7F554F248702B499F57AAD3CD17DF9450C54118D2FF41F3024432B5"
"node_modules\noble\node_modules\debug\component.json","309","4FA9D4B153160D395324BA1F5D76FE9454CBF963074F3152BFE64C7D9BA8E68C"
"node_modules\noble\node_modules\debug\debug.js","4096","CAA751EE725CEF0C481F31433731BE24964577923BCC66A83925A027A6635BEA"
"node_modules\noble\node_modules\debug\History.md","5611","C8AAB0095DE3B0D78D224E255C4F1C6BF00AFFA413D986168B4D15DC6C5C6EEF"
"node_modules\noble\node_modules\debug\Makefile","715","F8B0249FC0BACA873901E977815A512225768CBA2582299AF77FF1DF3F7836B5"
"node_modules\noble\node_modules\debug\node.js","4758","15DE092200FB2E7D7F8077FE9A585167AC194BCACE933A8C4CD0271822829328"
"node_modules\noble\node_modules\debug\package.json","684","00FD014BA1517EB87603F58B2EEBCD21CFB8669981A9F689B9E3893437ADCF52"
"node_modules\noble\node_modules\debug\Readme.md","6310","76D9225DC675EA654E70BA60AACD3CC85885B17A2ED11466CB0B5F9A8B8511E1"
"node_modules\noble\node_modules\ms\.npmignore","53","9ED2E512255F3757641B6C84AB717E9D6868E4B6839DD871235513A83B5300B3"
"node_modules\noble\node_modules\ms\History.md","1307","4CDAD2E0646F59A518BAFDFDAB19FFA2DC8F1FCF73672BE0574876DFA2AD5B39"
"node_modules\noble\node_modules\ms\index.js","2332","1DA9D52A6E40915E8C39D1D100C093CF5BE25450EBE58EAC91BCC912D8699949"
"node_modules\noble\node_modules\ms\LICENSE","1097","A54A9D18A388AB3824374CF2406B7555119DC0579DA24229AF8D5B03F02A3B59"
"node_modules\noble\node_modules\ms\package.json","360","CF4A5CE2D15E60D11345E7CD7EA3C1E190EBB000A6DF403A14469EE114E68B95"
"node_modules\noble\node_modules\ms\README.md","933","95D246929BBA43F5C728A42CBACA72CB5E12129455CC08697E1F24985C9EFAAA"
"node_modules\noble\test\test-characteristic.js","6738","444B81D88641034E62BBA15D109F98A7CA179BA8B6C5214306D94ABA8E078049"
"node_modules\noble\test\test-descriptor.js","3490","3DDBF30A0FF9D3F72D0FB6A72BFB49E3C036C79367CFFC6E143B6627E55B11BA"
"node_modules\noble\test\test-peripheral.js","9792","C9FBC98BB078B45E42C349F678DD7D8489A303C8DCE4CBCF57A9AB37D0660385"
"node_modules\noble\test\test-service.js","3574","9684EB0412608255C9DE54CBAB75AB0B45AC00266B2235B9D88C580F3A9422F4"
"node_modules\noble-winrt\bindings.js","7628","C9F81E87E12D4F39DE566CB4D47CC772738EA328874DC2B6084FCA35E715492D"
"node_modules\noble-winrt\index.js","629","B193041E6CD705CAAE3794EEEE441877E9818ED032BD81800BB868387457F767"
"node_modules\noble-winrt\LICENSE","1115","3320ECCEA473F5D00E5D02900ED0270E792233FE5822428D2F937F1A35ECCA57"
"node_modules\noble-winrt\package.json","654","A3FEC24DE03EB0C78B5021377957C4F1D4942A7E5D2D15C1C5CD98C0EB218503"
"node_modules\noble-winrt\README.md","1375","847C7AD5013311680A3FE34FCBDB1C16457E6B21AFF832076CFF43741694F619"
"node_modules\noble-winrt\node_modules\debug\.coveralls.yml","46","64E6B64F19837A76C30865579AABDDE1A825729AE0204BA73BA6DE77296CE18E"
"node_modules\noble-winrt\node_modules\debug\.eslintrc","180","7B7D5A5736DDDAE0E7CF1C06CDF41DDD9F98E73DB8F57A18FE4C9BD0F52F9AA3"
"node_modules\noble-winrt\node_modules\debug\.npmignore","72","F4580152A6F48954B44CB2A0A002FA500467663DB5A6DC8E796B52533DC04EC1"
"node_modules\noble-winrt\node_modules\debug\.travis.yml","140","839E44EE0A96A3E302DC6472800B51822982B77D08F19200AB2CC70534781FD8"
"node_modules\noble-winrt\node_modules\debug\CHANGELOG.md","11707","D8C1B0717964E189010B13521379C3B970EECC889CB8B788AC21D8DD85247165"
"node_modules\noble-winrt\node_modules\debug\component.json","321","2E5AB9AE90F41699E00D00FCA16765024F437300A0568C2208669CC281BA7656"
"node_modules\noble-winrt\node_modules\debug\karma.conf.js","1736","2430869ADB61A5E24A3612110A9B49A948E6DB43AB7E947C003A9C19C478E609"
"node_modules\noble-winrt\node_modules\debug\LICENSE","1107","98C970DE440DCFC77471610AEC2377C9D9B0DB2B3BE6D1ADD524A586E1D7F422"
"node_modules\noble-winrt\node_modules\debug\Makefile","1059","F6466507E02C62F14E477AF08E4A13EC883152B54D87FEEFFB8F0D6DE6E9013B"
"node_modules\noble-winrt\node_modules\debug\node.js","40","996B381F353555CB172EBB2802BB2A7323442FF67B7B530CC26834058D7F31A2"
"node_modules\noble-winrt\node_modules\debug\package.json","1138","6C3D2C892DB282317913CE7C340DD2EDCCD326BCAFD18B644B8738144967D6EE"
"node_modules\noble-winrt\node_modules\debug\README.md","17918","CDA3DBD285A2B65894758565A565E7BC2E7C3696225AF7B5BD01454240DF0AEA"
"node_modules\noble-winrt\node_modules\debug\src\browser.js","4734","0144AB6A52B9330C567DE11A5C3A4AEA35CDAC47A4C106482AA24AE8054CDC6F"
"node_modules\noble-winrt\node_modules\debug\src\debug.js","4394","D8D1C1D6C387AB67C3F28D78FD0B20B9BECD69442DB9D3EFE110CA464B509C8A"
"node_modules\noble-winrt\node_modules\debug\src\index.js","263","9A34FEDEB2D269C46ED94E6F13039EB0D16D866DD460EC66FA3ACD78122FA9FE"
"node_modules\noble-winrt\node_modules\debug\src\inspector-log.js","373","949AE67EC1B655694F83DCE57D47D9D77234F9E7D698616932A90E69C7AFEE91"
"node_modules\noble-winrt\node_modules\debug\src\node.js","6015","A3E83594A4CE88997E2E4FC66BC942B17B9D736290AD62560C7F09D6D0989AD0"
"node_modules\noble-winrt\node_modules\ms\index.js","2764","4BD92209CB9DACF3E3773E725ACB7AAEC43EA9E78540324E4D0F73E5CE9ADEF7"
"node_modules\noble-winrt\node_modules\ms\license.md","1077","6652830C2607C722B66F1B57DE15877AB8FC5DCA406CC5B335AFEB365D0F32C1"
"node_modules\noble-winrt\node_modules\ms\package.json","704","30FBFAA3840B2F63978AD4BCD7ED8DC24D277B818E4755FE93EDA8CB1BC8B74C"
"node_modules\noble-winrt\node_modules\ms\readme.md","1721","C9AC67FF103C01871B0FF09E2F094631991908C1FD0DC08BDB53287E5A760AE5"
"node_modules\noble-winrt\prebuilt\BLEServer.exe","317440","9D9C42562F697F53B0725B1D22A3B818CFCFAE4907DCBBEB7FD72118336A07F7"
"node_modules\noble-winrt\prebuilt\README.txt","158","6CE9D6B1F777A61EBDB0C9D60AD6ECDD5F504CCD33F243308D2DCF4429EDDA67"
"node_modules\node-addon-api\common.gypi","833","C2588F59F1D4EEBE14331B2CFABCFDFF85E8C282F9F66028385CFFECE8AA85E9"
"node_modules\node-addon-api\except.gypi","560","DDBC09F5B66FE24DD898FBE659085A6FF72E9575025004FC3762271DBA781E8B"
"node_modules\node-addon-api\index.js","435","AFBFA96B5C40C643828F212610129D2911095EFF1E86E63CCFE81658D6FE61D9"
"node_modules\node-addon-api\LICENSE.md","1150","89024017B88A9F2B763F79B941A4F2DB3B4428EDFCACDC0B23866B2DA633AD0C"
"node_modules\node-addon-api\napi-inl.deprecated.h","6323","B66ED1E565E735BBFABCC2F72D466AB7C5414D3EF8851D1AF440B81BE7F2375C"
"node_modules\node-addon-api\napi-inl.h","241120","18FEDB401EB76973A884713EE3B8DB1E1A30A1BCF10CB9BEBF1EFB7AE011F9F8"
"node_modules\node-addon-api\napi.h","122361","81BE97A8E66E6B0490808CEF74777C83AC6044E6F1892790E8FF28ABD2DB02FC"
"node_modules\node-addon-api\node_addon_api.gyp","1097","6D34B9BAE562103233F650D8A041EDC0CA6B44D90898CD232B38745ADFB7EDFC"
"node_modules\node-addon-api\node_api.gyp","132","3CD2C44FB0974F016376B676D46BBEBBCA7C89D4383B09ECE30E4CB4122A1499"
"node_modules\node-addon-api\noexcept.gypi","649","0E815179B5D2697E0ACDC8F3C3A5D0A1ED050D48A295EE000454CF5352357F66"
"node_modules\node-addon-api\nothing.c","0","E3B0C44298FC1C149AFBF4C8996FB92427AE41E4649B934CA495991B7852B855"
"node_modules\node-addon-api\package-support.json","467","B1CB7DA23CCA1681C7392A3C889EB0CC4916C53D2D7692D4B654AE751F3442F3"
"node_modules\node-addon-api\package.json","11005","CB1986CF56795F72E25F0EAD0DC1032826FB35EB171215BAB52F60FA09BFC6AC"
"node_modules\node-addon-api\README.md","4994","F3B0947D321029EF3372D9B7A791DBE2BE678660570566C64D3F741806E1B01C"
"node_modules\node-addon-api\tools\check-napi.js","3176","9E1207808023CD998FE9E377AEFBE77D6C59FA129F94E6ACBF24907149D8C11E"
"node_modules\node-addon-api\tools\clang-format.js","2002","3E0B5E6D6F1A0C5ED106115871D0FD48F37BAC5554EFFDACAF8D2439F4ED0C65"
"node_modules\node-addon-api\tools\conversion.js","15001","9F375B0F9D9EC93C2DED07470478B3F523A2661C6CA707C28B0E9DAE15009002"
"node_modules\node-addon-api\tools\README.md","3217","65E9EA918538F453166B10A1D609CF44CEC3D2D01F23FECB5265FB3A4BF303D5"
"node_modules\node-fetch\browser.js","781","2F59898F0EFEAF430D2277E2519819E8E4FD365CB27F9D88D275CF43E1B1344F"
"node_modules\node-fetch\LICENSE.md","1079","84EAA985E1EF71B8C630E8ABA73404C219FF425C6FDB45C62E998B58D4FBDC8E"
"node_modules\node-fetch\package.json","2668","000A0B3B037D4E3E211E7B7CA559A5A62A39B96CA2C6BCDAED3ABA0A545EEDBA"
"node_modules\node-fetch\README.md","21332","53CA2FDF67A57F9B26B19CB198F62AEAA2DE9371992B2B54845AAC5B6DC0F65D"
"node_modules\node-fetch\lib\index.es.js","45346","F786CCB522A08D5296A808BD0AEF4BCFB8D9C9B4347E874FBBF6A64C6C1F8B97"
"node_modules\node-fetch\lib\index.js","45775","79541F01338E70F4FF6F8A1D12F5C2914D4C6AB2BA96B7DDF48D2ADD01C13813"
"node_modules\node-fetch\lib\index.mjs","45272","751AD19BB1BE0A02E9D453EEDD4A034E68B433BFBF4789C1645AB058882D11F6"
"node_modules\node-gyp\.release-please-manifest.json","22","04D37DECD032761BFAF17D7AE2F5C080B84241A961060F6FE957C8FA4AD4CBD5"
"node_modules\node-gyp\addon.gypi","5940","BEA608AF5DF33C6EF5677C7B0EC0909456683D0B57D5AD84C036AC5BEA4E3BAD"
"node_modules\node-gyp\CHANGELOG.md","107995","CD36CC94DD33B414ED1474FC138E5A105BE2802308F7473D1752387A0BC5E393"
"node_modules\node-gyp\CODE_OF_CONDUCT.md","207","9CC19E7FA9E850763A8C5C95CA432016CD16A66EDC266895A2FF19C0153F2255"
"node_modules\node-gyp\CONTRIBUTING.md","1381","1FADA4E39801764D153A6B49BB6B93BC767C19471B8FDA22A337C0757BF0C8F3"
"node_modules\node-gyp\LICENSE","1102","662A1B0115251CFB29C6AED0F221F8847BC49C6365D1C53A62C9F4BCCC2489C3"
"node_modules\node-gyp\macOS_Catalina_acid_test.sh","495","C4FF0028080B20EC21F77B06DC84F27110E3C925E0CB65553A64D08F0989EF6A"
"node_modules\node-gyp\package.json","1240","47AC5C1667D0650A17827CDEA80B8C922DA20C5A7197CCDC4E35D1EE533E9F5C"
"node_modules\node-gyp\README.md","11832","53B94054CBD2B116C8E86E07B67D30004505A0B3500E0E24A69F7D82519248D5"
"node_modules\node-gyp\release-please-config.json","2405","5E3FCB59FEAD830B74D15D69261A11347AA205BC63FA1FAE6FC957838F3CF165"
"node_modules\node-gyp\SECURITY.md","151","40A07F31349A8E6C42298A5BD21AB2DBDC6DC89B6C1D4C2F943096DF822C9C6F"
"node_modules\node-gyp\bin\node-gyp.js","3414","FE32CCA2954BB37AC0C600ADE11CF8A204184D04C3CE0176CA6A7831C644D0AB"
"node_modules\node-gyp\gyp\.release-please-manifest.json","22","BEB05EE1D9B3BA1A0B45E962A8B077F1DFED59DE4857CAEE45D3A999CA325A06"
"node_modules\node-gyp\gyp\gyp","240","38E8B886CF06FE7CEC4D89634FD2850891706308E2BBBC0556B3D299BD6A7993"
"node_modules\node-gyp\gyp\gyp_main.py","1250","4CA6A9DFDBB18041C11BBD4BD841EC0CD96AEAB8CEE750DFC48A8D02A99551E4"
"node_modules\node-gyp\gyp\gyp.bat","201","77BF45E8C077DF03D65E6C076920F24BEE04752E29BCB21B63D3622FFFE84F10"
"node_modules\node-gyp\gyp\LICENSE","1537","CA90ABB6ED71DE0774461EF9F928DE33E748B617AEB79F9E52415CF08D69230E"
"node_modules\node-gyp\gyp\pyproject.toml","2936","485B2C5755B46BF1E10C02D0624795A7303A0BE3625F18A88C0ACAA061F6B9A7"
"node_modules\node-gyp\gyp\release-please-config.json","279","E60DEC6429D83A7578464D52669F17053481F1EC408671B1A56B470EE454837C"
"node_modules\node-gyp\gyp\test_gyp.py","7691","ECF5996AFDF427657EA348795459AA132C6684FA6350F1FDC5804942785C17C9"
"node_modules\node-gyp\gyp\data\ninja\build.ninja","56","D67FBBBF43D27816323C80FEF7DAD205536C831E521E650579074D82499B5B1B"
"node_modules\node-gyp\gyp\data\win\large-pdb-shim.cc","653","E1C759DDA39FA50264575092A136E33F28211139B332D88E933A1B953D564F90"
"node_modules\node-gyp\gyp\docs\GypVsCMake.md","6291","661F31A5B1CD975C1C0680338D8CCDDBF9FE471A7CC2354FA1604E5F583D1AC6"
"node_modules\node-gyp\gyp\docs\Hacking.md","1195","33EA1C206FB3BFF32131D6A4D1984F40013CC87B8B28689D5246CFB22E757E5B"
"node_modules\node-gyp\gyp\docs\InputFormatReference.md","38936","031EAA81E113B9340FFAF33F470518DBB82F85CF09BD78D01D0847C0A56CBAE3"
"node_modules\node-gyp\gyp\docs\LanguageSpecification.md","22146","4AB69C9212633C54B6645C679664843D6EBB6FD21A4FA3BDB3F57EBB1CDB83BA"
"node_modules\node-gyp\gyp\docs\README.md","1143","EC1CCC502553D20884FF1B32561509089C40CE019DEC5EC2A4FF65B7C2F115D5"
"node_modules\node-gyp\gyp\docs\Testing.md","11871","5582B52D35A873D71D735B1830D16A6025AB43A5F9CF78DA7865B71E4E358039"
"node_modules\node-gyp\gyp\docs\UserDocumentation.md","25797","C1B81824D1DC9A4D9805D809BBC2DCB509005C3727E8653D5287A28C14EC8F99"
"node_modules\node-gyp\gyp\pylib\gyp\__init__.py","24134","54AB82B891C76B1CCF034BA4FD2BFF56B885C0660CC2C803D3CCEF4E3288D6D8"
"node_modules\node-gyp\gyp\pylib\gyp\common_test.py","5714","42EC57BC96D95B0B250FC1D88F4285CA82EFFA34789AEAE500F5E59D62262935"
"node_modules\node-gyp\gyp\pylib\gyp\common.py","24592","35BC3BF47955B4EDF992FCA19D089C1C98123C6EBDB16D203CCCF9230BB42455"
"node_modules\node-gyp\gyp\pylib\gyp\easy_xml_test.py","3950","01CC87D2AFEAEBB2F19D5D11AE53837843D3BC0B53020ADED5256481EC55587D"
"node_modules\node-gyp\gyp\pylib\gyp\easy_xml.py","5425","4F4494E492747FEEC3FE9F0FB602A5C4CC1DDAB5B297079A0DA7099619AE7005"
"node_modules\node-gyp\gyp\pylib\gyp\flock_tool.py","1886","36A3F8725C44FBAA555D57C39C3896D170283E164C53FF3EBE59CB43DB393C1A"
"node_modules\node-gyp\gyp\pylib\gyp\input_test.py","3425","E1EC5B80522F47D01875B402F063AD470301C1FE3BFC5FF53A96DEE3A9D0665E"
"node_modules\node-gyp\gyp\pylib\gyp\input.py","126296","5E0024FF5161CCB517709D684EFCF86306B0E31823B04A7D9C7CB5C0DF8B842F"
"node_modules\node-gyp\gyp\pylib\gyp\mac_tool.py","30260","B6EEA085DC72511681BE84A41C6612E0BDC9E116AF5D02FE12E442BF06BDC76F"
"node_modules\node-gyp\gyp\pylib\gyp\msvs_emulation.py","54102","5E1A8AF39DEEA87A99DC734D4BB1D0A0F6B86AD91468FF251FB8D17E9AE1631B"
"node_modules\node-gyp\gyp\pylib\gyp\MSVSNew.py","13029","9B3371189BF7C49CFC34B35F3DA8F557D62FD411F7F0F92D2FD8BB858A610CEA"
"node_modules\node-gyp\gyp\pylib\gyp\MSVSProject.py","6739","85F74724D7ACDB081147C76BDF4AE58985EEB55C906BA4FA782850541D633301"
"node_modules\node-gyp\gyp\pylib\gyp\MSVSSettings_test.py","74297","F7F6AB5C5291D776CABA64221DBE8DB71E4B5ECF602949D7C44181206A007CF5"
"node_modules\node-gyp\gyp\pylib\gyp\MSVSSettings.py","45450","F90FFCC0D26A242FC9CA10BCD06B833122736014C8AD91954A681CF1CADB229C"
"node_modules\node-gyp\gyp\pylib\gyp\MSVSToolFile.py","1789","9F87E663ECAD69E0F123E749BA127436B670C88E1C3C5AE022ACB5FF2664D7AF"
"node_modules\node-gyp\gyp\pylib\gyp\MSVSUserFile.py","5333","F5B26E5831A2AA284E540DA6DAF8D63123F71B28085BD49453DC1A5FBAF53924"
"node_modules\node-gyp\gyp\pylib\gyp\MSVSUtil.py","10231","FC384AC06EB66C7DCCEE116DB7D4857E5CCDCCA43C5609C36E717AFB35FCF6F4"
"node_modules\node-gyp\gyp\pylib\gyp\MSVSVersion.py","19742","80523CCAE55B01DEAF680828B5620EBB7FD8280FD2D6A76E7B0904F52A0B4AD2"
"node_modules\node-gyp\gyp\pylib\gyp\ninja_syntax.py","5640","CCC1E407C9743BBA1192E605A1A37D768B676C04C11D9804AD0CEDC04FD6EB8F"
"node_modules\node-gyp\gyp\pylib\gyp\simple_copy.py","1293","D95FB054C27D4D0F7868043D3A6A61E30FF80C50A6FD41A61BF2F86A5CA507CD"
"node_modules\node-gyp\gyp\pylib\gyp\win_tool.py","15131","EFF606785C1342154C03BC533EC852D2FDA2352AF4CDFF01D42205CD547F6580"
"node_modules\node-gyp\gyp\pylib\gyp\xcode_emulation_test.py","1488","636D102E50F32120729764994FA26A6C759E236EC33911E3E4233A4A919E8642"
"node_modules\node-gyp\gyp\pylib\gyp\xcode_emulation.py","81950","7E67C4A5C17A8CB357FFA8D9A5032788DAFE2DD2A4606238DB401DCF7DB7FDA0"
"node_modules\node-gyp\gyp\pylib\gyp\xcode_ninja.py","12124","433D7F7503D730FF4CFA145DEA0A8157B719AC1BD3D4FD593F6BD4E7FE33CB30"
"node_modules\node-gyp\gyp\pylib\gyp\xcodeproj_file.py","135641","9FCE2726E3940724EF8E7D7BB68C51F4D828599F5B6AA32D1DED29C8871C87AD"
"node_modules\node-gyp\gyp\pylib\gyp\xml_fix.py","2245","FB3D277F752765AEEF370D2EC31618848487ACDE9E48720456C1A3884680B818"
"node_modules\node-gyp\gyp\pylib\gyp\generator\__init__.py","0","E3B0C44298FC1C149AFBF4C8996FB92427AE41E4649B934CA495991B7852B855"
"node_modules\node-gyp\gyp\pylib\gyp\generator\analyzer.py","31562","02DE2C20ACC4BABE74219EB59CBA71B94939B55D4CC5D8590803DEA28A68630A"
"node_modules\node-gyp\gyp\pylib\gyp\generator\android.py","49951","1A94A199EE707FD163B6A642DF7C57F1DC1AF243A6184A64690396A0C19FE2BA"
"node_modules\node-gyp\gyp\pylib\gyp\generator\cmake.py","49196","7B7A332F81667B9DE3FD9C35C2B88922FE46369867CFB71DBAA70056D8BD27E3"
"node_modules\node-gyp\gyp\pylib\gyp\generator\compile_commands_json.py","4848","C2C0278385A761263988A6E9CDC70816AFCE934C45D05763C78CEE6184904128"
"node_modules\node-gyp\gyp\pylib\gyp\generator\dump_dependency_json.py","3101","3D5DA711E2C0DFA37651640E2EE5B90F0627BDF30EA856C4700F6992A29C61A5"
"node_modules\node-gyp\gyp\pylib\gyp\generator\eclipse.py","17501","92B8368086BC9F2806EF7846E692A8AF2AC64E017F507AF4458C39D6249D2A52"
"node_modules\node-gyp\gyp\pylib\gyp\generator\gypd.py","3505","909D07DE26CA5155AA40096E8CE0E06ED12B0E05FA2DC98B7FFBFA50274DA5D1"
"node_modules\node-gyp\gyp\pylib\gyp\generator\gypsh.py","1694","C6FCAAC83D6CCC2A8993D068564624711AA968D449989F2E1EA1183511809CBB"
"node_modules\node-gyp\gyp\pylib\gyp\generator\make.py","111482","42C7A33D09C01693E7AFDC8A068B94951EADEEE986E70AFF4FA1DC6EFCAD5817"
"node_modules\node-gyp\gyp\pylib\gyp\generator\msvs_test.py","1266","7972D92171B970576FC66F6C1795524F8224DCD20DD37F9F1B3ADD25BBAAA1A2"
"node_modules\node-gyp\gyp\pylib\gyp\generator\msvs.py","150898","8C6D19ADA45E47C8768C311A78F54A7304565844326840F93BAEA27FE1150241"
"node_modules\node-gyp\gyp\pylib\gyp\generator\ninja_test.py","2420","F33127B4A3BDD9AF8CA828AA2F49FF7F5094687146E5AB0BC3A5CC3B94CA67BA"
"node_modules\node-gyp\gyp\pylib\gyp\generator\ninja.py","119384","CB1D9E2B26D31E03BBEA05AD5C06A003034FF9A7AFF68D5E1F511E141EB29CAD"
"node_modules\node-gyp\gyp\pylib\gyp\generator\xcode_test.py","672","AA6CDAAF2D3EB73FCAE3C706462570C999EF6D0520139333AAA6E57E3B3E4636"
"node_modules\node-gyp\gyp\pylib\gyp\generator\xcode.py","66020","8C7BEF1896CB0CA18ABA5E385CD4B8A1F6CA2C2AEDA44EA7073CBA22BC0BD0A4"
"node_modules\node-gyp\gyp\pylib\packaging\__init__.py","501","2A00427C7CFDBE084DF43B72682531C9EC1F7B956B8D50ED89AB40D66E8287B4"
"node_modules\node-gyp\gyp\pylib\packaging\_elffile.py","3266","85B98AF0E0FA67B7D8EA1C229C7114703D5BCBB73390688D62EED28671449369"
"node_modules\node-gyp\gyp\pylib\packaging\_manylinux.py","9526","46AEA9A570311FC5C5B4D7FAB42F81FB548ABAF08E0CF06F702A12BA532D6ED9"
"node_modules\node-gyp\gyp\pylib\packaging\_musllinux.py","2676","92098118B1726E9CBCEB4F7E293BF39ADDB30A108F598BE1A790563F8257EDD1"
"node_modules\node-gyp\gyp\pylib\packaging\_parser.py","10382","E4384AFF3609138538CB34A4804053E05EED4F6C59E8F931E204912B2BD79DE4"
"node_modules\node-gyp\gyp\pylib\packaging\_structures.py","1431","AB77953666D62461BF4B40E2B7F4B7028F2A42ACFFE4F6135C500A0597B9CABE"
"node_modules\node-gyp\gyp\pylib\packaging\_tokenizer.py","5292","6A50AD6F05E138502614667A050FB0093485A11009DB3FB2B087FBFFF31327F9"
"node_modules\node-gyp\gyp\pylib\packaging\LICENSE","197","CAD1EF5BD340D73E074BA614D26F7DEACA5C7940C3D8C34852E65C4909686C48"
"node_modules\node-gyp\gyp\pylib\packaging\LICENSE.APACHE","10174","0D542E0C8804E39AA7F37EB00DA5A762149DC682D7829451287E11B938E94594"
"node_modules\node-gyp\gyp\pylib\packaging\LICENSE.BSD","1344","B70E7E9B742F1CC6F948B34C16AA39FFECE94196364BC88FF0D2180F0028FAC5"
"node_modules\node-gyp\gyp\pylib\packaging\markers.py","8208","787FADC52DB3AB51DD3694DDF4B71951C548C1EC0088D53482B9AAE708CA9CE9"
"node_modules\node-gyp\gyp\pylib\packaging\metadata.py","33036","C3B8CF120EA60DFD454D9327EFD685C45BA4E122ADCA7509B71AF62274F1955E"
"node_modules\node-gyp\gyp\pylib\packaging\py.typed","0","E3B0C44298FC1C149AFBF4C8996FB92427AE41E4649B934CA495991B7852B855"
"node_modules\node-gyp\gyp\pylib\packaging\requirements.py","2952","C2CC06E265C74A013DC38363367952BE02C6A3AC98BDF1D51059D686E1265F18"
"node_modules\node-gyp\gyp\pylib\packaging\specifiers.py","39969","7E6392C8CEBFD4AB851CB5D0B117C883A2A2A806B937244F797BB1CA8A0F2F90"
"node_modules\node-gyp\gyp\pylib\packaging\tags.py","18355","A641BA810DBC465852D3D573CA65615691AB585E5DA075DF2B55711BD71D8686"
"node_modules\node-gyp\gyp\pylib\packaging\utils.py","5268","5E07663F7CB1F7EC101058CEECEBCC8FD46311FE49951E4714547AF6FED243D1"
"node_modules\node-gyp\gyp\pylib\packaging\version.py","16236","5E34412CD2B5ED430380B78FF141E7AB0898DD37528B4DF1150511B5E736D750"
"node_modules\node-gyp\lib\build.js","6517","95F3039BAB071849CCF49F8072AA0D30D636CCD12BC4A6F1E483031229F96FDE"
"node_modules\node-gyp\lib\clean.js","399","13041CDA3BEAFECE26B508CB63CF86153D8118E809D6104AF2F469889D610908"
"node_modules\node-gyp\lib\configure.js","11915","640D14E5719D34A4B5F1B7728CD94F383B0992A6089F3A133ECB9A349625D861"
"node_modules\node-gyp\lib\create-config-gypi.js","4798","B634DF313BD97A588D7E235E4043128D71571D1EA7E4282906170D58D9F6E504"
"node_modules\node-gyp\lib\download.js","976","471EC288A37BB8D2C71017B306EABB3B3080746363FA6C714B588271EEEDC207"
"node_modules\node-gyp\lib\find-node-directory.js","2378","AA15C361F9703BF37D99D5D1D6B85491987BFA170D8403F3B5D50696B409D4A9"
"node_modules\node-gyp\lib\find-python.js","10981","CF320A028208D5B38FDF81ECB54231277D6A9D9AFB6F40C3AD9F4889AFC25559"
"node_modules\node-gyp\lib\Find-VisualStudio.cs","7931","BDB19763C5D23FAB534DDC945F64C4CD956584EAC934F0BED96C536D3FC53502"
"node_modules\node-gyp\lib\find-visualstudio.js","19672","B317BD4DEAB4B5DAB4044DCA780AB8A5F4143C12B1ADDD851FEF018F065AACE8"
"node_modules\node-gyp\lib\install.js","14092","67E20B5080B0C31241FAA34CC92A8F4EEB399636580D72033311C2CD11675B3F"
"node_modules\node-gyp\lib\list.js","580","6D727B4490EC61D795C7E0AC01AF7D00FB185A56C27437DFBC5AB511FE9E919C"
"node_modules\node-gyp\lib\log.js","3462","8A8BE6CC02B9803FBDFF0E7E7B25A50EA2E221B53BA59E146FADC6448578BA5D"
"node_modules\node-gyp\lib\node-gyp.js","4738","50DC93D7735C51FBBB4E96259C163719F4D030F9E1CEFB41CCAF0316327446E4"
"node_modules\node-gyp\lib\process-release.js","5727","347776C4407A92E870E4D408069E523C0BFB25B7A59197244B639451B4FF402A"
"node_modules\node-gyp\lib\rebuild.js","281","8E061A061F56FCC329EBA702D5E2B08107EA1D2D0F64A29F93291E2D3FAE43A9"
"node_modules\node-gyp\lib\remove.js","1218","2873D584D7693CDF74B805DF5CC4676BED107B85CCBCD53BE1957894450684B3"
"node_modules\node-gyp\lib\util.js","2228","6A806D26943F783094826CB23FF23B85B112E98F86E3D2508F16D1D5C13586D8"
"node_modules\node-gyp\node_modules\.bin\nopt","381","15FA23344F314E078F77DCBD572CDBE956AADE7A71EEAF8CBA188207F17154D0"
"node_modules\node-gyp\node_modules\.bin\nopt.cmd","321","AA055CAAF19E1F3BFA5311C31B216B522298CE7BE1327E5F5D0F300B0D30A443"
"node_modules\node-gyp\node_modules\.bin\nopt.ps1","789","08B2E0C384C9FEB9D17908FDAB0C583F5F3455884F0702A96EF7ED870B508EBA"
"node_modules\node-gyp\node_modules\abbrev\LICENSE","2011","9E0D5C7989F7E9F07D7C4B158ACEFF270F235EB7464ACE41C5E7B200834A43E0"
"node_modules\node-gyp\node_modules\abbrev\package.json","1002","FF1C1D5E1A458941FCCC312D2F7072F79DCCFA072989E493048AB18EDFC2E753"
"node_modules\node-gyp\node_modules\abbrev\README.md","499","2581765D44E15C58A2B88AD7BC9CC5C9EE029B4B5013C06DC45D9E94E8CB2BA4"
"node_modules\node-gyp\node_modules\abbrev\lib\index.js","1315","618FCFED067D950270FC3502FF521AA0A64CADAAE8D6CB52620A7CA7E97CE5B2"
"node_modules\node-gyp\node_modules\nopt\LICENSE","765","4EC3D4C66CD87F5C8D8AD911B10F99BF27CB00CDFCFF82621956E379186B016B"
"node_modules\node-gyp\node_modules\nopt\package.json","1192","56B4F677373223DF52F71A5C21476CC84CC7BF95C79CAE65817ECA3B6D381536"
"node_modules\node-gyp\node_modules\nopt\README.md","7618","0BE6ADADA47ED89897F0839145EAD477684A2E47341F4347438BBDC5168B7303"
"node_modules\node-gyp\node_modules\nopt\bin\nopt.js","644","95527C67AC7A1E294F7FCB09E648D1E454F6CFEF06346A18A297173389B97D21"
"node_modules\node-gyp\node_modules\nopt\lib\debug.js","181","B05FF7B220D143FEB139105E9A37D1E42705F952E862D476786BB18A801C013A"
"node_modules\node-gyp\node_modules\nopt\lib\nopt-lib.js","12818","46EB5C53281D7CC89FC496F3D52AB2CD7E8C2BFBEB8947713C1B262E5E213B3D"
"node_modules\node-gyp\node_modules\nopt\lib\nopt.js","955","4615452255034A9B722B25A372C0C4ED04EDA2E4BF4C54B840BFAD564B9A4255"
"node_modules\node-gyp\node_modules\nopt\lib\type-defs.js","2030","230FEE3A48E92B863C5D2D9D62E5C8DE020CDB636037CD589730DDEBE221C902"
"node_modules\node-gyp\src\win_delay_load_hook.cc","872","292DDAA0D873F51078617E3C3C8A9DB3FF4D262BE68BE1426886FAAC80D3B093"
"node_modules\node-gyp-build\bin.js","2094","DC022ADC093B9B79E1A0EF4B6BC3E6A52E3D627102113DAD4AFACBBE81F13A26"
"node_modules\node-gyp-build\build-test.js","398","34C19FF8B6675D6D27C63A7DF44D77A442805EEEA8756D1C89E0264F4A3028F6"
"node_modules\node-gyp-build\index.js","390","A7ED0D5AE218A19BDBDF15A590D0893790DDF536313B66A787554693CFAAE078"
"node_modules\node-gyp-build\LICENSE","1079","7B3638496004B2DAED183A91C4BA45D3EF6331DB6C9D0EB1DD882A505630C172"
"node_modules\node-gyp-build\node-gyp-build.js","6078","134F0585F7C665DB89F332A379158C6F113274422E42AAF54E0AA9D5AC37F577"
"node_modules\node-gyp-build\optional.js","143","E0B3A3A04166E6ECF1020CB31C0C4A54432C16D6D88714BD4DE2214CF67DEC81"
"node_modules\node-gyp-build\package.json","1004","9E8DEF3FBF123E28AA1CA4B6AA557FBA4E66EECF6E86D170B61EC1C7ED51305D"
"node_modules\node-gyp-build\README.md","2485","7E029AE991BDEDF8DE9D3AF211CBCA405ED0829B0D0B6887ECDE5C4931841B21"
"node_modules\node-gyp-build\SECURITY.md","193","994EA9CF579D2164B7736A6728BA48773AE78B0AE8F20290BEE63FC62BB7362E"
"node_modules\nopt\CHANGELOG.md","2974","CC7A5D8DE190D15B67946B29F6896EF69C1CBC9DECCF8EA2B6B8E72A27CD5B30"
"node_modules\nopt\LICENSE","765","4EC3D4C66CD87F5C8D8AD911B10F99BF27CB00CDFCFF82621956E379186B016B"
"node_modules\nopt\package.json","714","9C2A5FEC768304C3B6E67BAAEEC8CF4D4CD28A416C3F16DA1DE7DB698AB772F7"
"node_modules\nopt\README.md","7618","0BE6ADADA47ED89897F0839145EAD477684A2E47341F4347438BBDC5168B7303"
"node_modules\nopt\bin\nopt.js","1549","419FD0C250623DCF67BB4993817881331C17096960907EE34ADC85AF9E74DA31"
"node_modules\nopt\lib\nopt.js","12220","AA765390D86B5B9242F0DC2114FD7E2A0C473B854F2CCC85AF51A2D800826785"
"node_modules\npmlog\LICENSE","765","4EC3D4C66CD87F5C8D8AD911B10F99BF27CB00CDFCFF82621956E379186B016B"
"node_modules\npmlog\log.js","9007","EB28EEFC98D9EDBB1AA6383EDE8F835F14C23110962A317D656718B0679842A7"
"node_modules\npmlog\package.json","811","7791F865D3FACC7F1CEAAEDECCBB16C158858135452BE2A1D9DB623130432849"
"node_modules\npmlog\README.md","5983","4FE995A03E653BD28D86F782C49545F0CDEBF0EF3BC8A76864FB1E124F038589"
"node_modules\object-assign\index.js","2108","E02CB9714EF6E561E971FE400644330212F07CA86120587199470D8B759A4B7C"
"node_modules\object-assign\license","1119","6FB9754611C20F6649F68805E8C990E83261F29316E29DE9E6CEDAE607B8634C"
"node_modules\object-assign\package.json","764","5990BBFFA235FC675DEBD925D50F6C3F48A2B4526D8C9F7555CADEC9029D0D7F"
"node_modules\object-assign\readme.md","1502","3261C0B6A6FB04216942DCF3D71E57FE0BE681C1A816B1A5941DAC9F81CF862D"
"node_modules\once\LICENSE","765","4EC3D4C66CD87F5C8D8AD911B10F99BF27CB00CDFCFF82621956E379186B016B"
"node_modules\once\once.js","935","3DB73E347ECBDBAFDF8D0DB85145C877E133F5372E767360EF90C09F70AC5103"
"node_modules\once\package.json","574","33840D74C14C94BFB75C76374765B635531B1EACB88D7F1F2F380C94D0EA1328"
"node_modules\once\README.md","1772","43B6D72BB23AFF98AF3243AB7E8D23D9AF339EC46CDBDC81DED537C9899FA650"
"node_modules\p-map\index.d.ts","1990","F90D0C7FE2C168261737C9BF9366C9CAB1296717557143B0593FFD78D60C5652"
"node_modules\p-map\index.js","1640","0948A5674610F016C9FC9CB00E966C30E4B569ECAF6C59CEB59DA956C831E208"
"node_modules\p-map\license","1117","5C932D88256B4AB958F64A856FA48E8BD1F55BC1D96B8149C65689E0C61789D3"
"node_modules\p-map\package.json","911","6F0AEB7043D0737E5BCAF8C2BF83B4A8DED247922ACA592D684E37499D028AE7"
"node_modules\p-map\readme.md","3029","61B227C8E835163F7F8776BFA9ADCF4FD8E21351B29D532BB3B1C77C276B0070"
"node_modules\package-json-from-dist\LICENSE.md","1764","A49C9BA464796F65B59FCA3F1E6CA40912DF1E859F575383223F7EC6C5BAAE09"
"node_modules\package-json-from-dist\package.json","1690","38FDAF168BC63A6422A7DBE7E41A7B52B02326EDEF8B14019E0333EF60B37B47"
"node_modules\package-json-from-dist\README.md","3122","4C5DAFF6BF243549CFE8681B817E5975064D8536D94829054839A4AA0B046A4D"
"node_modules\package-json-from-dist\dist\commonjs\index.d.ts","2996","2F1B1EE53002C8999213E45E6A2CEB872EACDD978132AE6C9CB9E37CACEE9040"
"node_modules\package-json-from-dist\dist\commonjs\index.d.ts.map","342","0AD263BE08D499F0A7DCA49A1FB25A4C440C63C8482991CFBAF1DA9D5EDC7246"
"node_modules\package-json-from-dist\dist\commonjs\index.js","5017","84DB96BE9C325A3085A5EC58105A338E6F2F046EA6EF192476CC3C7404702695"
"node_modules\package-json-from-dist\dist\commonjs\index.js.map","6769","42C2F448ADBE6B1E65D0D7550731351BACCEA17466DCD4F64CCA63E32DD83A3C"
"node_modules\package-json-from-dist\dist\commonjs\package.json","25","8005A3491DB7D92F36AC66369861589F9C47123D3A7C71E643FC2C06168CD45A"
"node_modules\package-json-from-dist\dist\esm\index.d.ts","2996","2F1B1EE53002C8999213E45E6A2CEB872EACDD978132AE6C9CB9E37CACEE9040"
"node_modules\package-json-from-dist\dist\esm\index.d.ts.map","342","0AD263BE08D499F0A7DCA49A1FB25A4C440C63C8482991CFBAF1DA9D5EDC7246"
"node_modules\package-json-from-dist\dist\esm\index.js","4572","E1B4EE254186AA85DD9261BF85B2E2CBA11A2B93169D705E2CF9C78E9FA1297E"
"node_modules\package-json-from-dist\dist\esm\index.js.map","6795","766DFA6E277B7605DF2C0BDB99E97186FA960F190D0BDF3619BAEE88ACA543CE"
"node_modules\package-json-from-dist\dist\esm\package.json","23","3CA9D4AFD21425087CF31893B8F9F63C81B0B8408DB5E343CA76E5F8AA26AB9A"
"node_modules\path-is-absolute\index.js","611","4EB1119C3EECCC4D8E8841B77D062ABAF4572B332801F5B16175BC3311B5D8F1"
"node_modules\path-is-absolute\license","1119","6FB9754611C20F6649F68805E8C990E83261F29316E29DE9E6CEDAE607B8634C"
"node_modules\path-is-absolute\package.json","733","BE5B83877F6998B840B9365D7AB77E885F0D583337826C22DACCAEB6E303FD4C"
"node_modules\path-is-absolute\readme.md","1153","18FC7BBC65C9A84E2F15B6B24302CBD0D0D6CB8BA90D6F55D1C8C7BB52DA95B5"
"node_modules\path-key\index.d.ts","1032","804FB0C13D2EBD79F57CDDFDDA769F13217B423B2A7151E0C456CDECF635AE80"
"node_modules\path-key\index.js","415","FDBAFDC163F668FE325333D62387365C9B074E01253E32824A4DBF5CC552705D"
"node_modules\path-key\license","1109","48DA2F39E100D4085767E94966B43F4FA95FF6A0698FBA57ED460914E35F94A0"
"node_modules\path-key\package.json","650","25594DAB72681C910D9CC919263A4DAF27D77A75E0D2C26A4D958D6D6B798F86"
"node_modules\path-key\readme.md","1347","DCD0D891BC1A13EEFA64655C4601387DAECBF5C93F96D868F9C0EAF97C723C1A"
"node_modules\path-scurry\LICENSE.md","1552","8A1AF140FDFBF5AFD3DF27F7E662F989C5B963A300020DFAFCE42033CAE9E004"
"node_modules\path-scurry\package.json","2172","EDA5FF683C26F88A134198FA2700B371ABC9092C61A81474226BDFC6F9348C14"
"node_modules\path-scurry\README.md","22018","13BDE511569D6D63643B1FE051D0C0984636447C482A7A3F9F96E87D1957C390"
"node_modules\path-scurry\dist\commonjs\index.d.ts","39804","0DF64D8907876B5D961515C961F9C7BB359A90F40F9910AE4E0D9B6582ADD254"
"node_modules\path-scurry\dist\commonjs\index.d.ts.map","18164","41DF8D269613C9486FDC4D94939A4F3C7A445098B543F22B5C537C26E22DC8A4"
"node_modules\path-scurry\dist\commonjs\index.js","66122","50EDB73845960820BA0897D60D238CD29F60FB4F7EFB66FA7CE4EA17D90D7268"
"node_modules\path-scurry\dist\commonjs\index.js.map","131555","1DD8A1C0D2EF82B99D93D36320E8D3A9B917DD13A0BA7EF1715A409ADEAFA8E1"
"node_modules\path-scurry\dist\commonjs\package.json","25","8005A3491DB7D92F36AC66369861589F9C47123D3A7C71E643FC2C06168CD45A"
"node_modules\path-scurry\dist\esm\index.d.ts","39879","E8943A5BE2C6327D7D782938BB7DE8D6B76B98CB6BC108C3DF17C0A9E286BAD3"
"node_modules\path-scurry\dist\esm\index.d.ts.map","18164","41DF8D269613C9486FDC4D94939A4F3C7A445098B543F22B5C537C26E22DC8A4"
"node_modules\path-scurry\dist\esm\index.js","64317","3E11392E4FA7E72332685B252FB85B80C14BDEC0E6C72C64B41D5AD7082DFCBF"
"node_modules\path-scurry\dist\esm\index.js.map","131684","F2E19B9A209CDC21566100676CDE90916DF075F129CF51A8A9F3F716DEBD06BF"
"node_modules\path-scurry\dist\esm\package.json","23","3CA9D4AFD21425087CF31893B8F9F63C81B0B8408DB5E343CA76E5F8AA26AB9A"
"node_modules\proc-log\LICENSE","742","DC32A0DEE275E0A9AEFFBC974DBF4899A30DCDC2E5FFA8934AECB69261065864"
"node_modules\proc-log\package.json","1106","6ABD2DACADDE503A8B0862C05A168085A84EFBABD769F6ADA0DE539596A82266"
"node_modules\proc-log\README.md","7033","B0644B30A705A5DAD38FE544C6D60DD0D3FD1E8675DCB0BAD1B42D63EBACBA0F"
"node_modules\proc-log\lib\index.js","3380","6BFA074637F4FDD7F112B99ED6939BFEBED3C55BCE698222A9EBDE20F7F32B44"
"node_modules\promise-retry\.editorconfig","220","3161426DCCB7CD128D19B3BAD714A0FEAB0E13CFD276D6296FDF1A2BC895AD4D"
"node_modules\promise-retry\.jshintrc","1185","5F944306428195F4B97DE2753160A960FFB655AB528B8B09C7EABA7A83566A4E"
"node_modules\promise-retry\.travis.yml","45","08496F8283824CBF6A38B3D8D4D659CACAACEC1B90D3B5074D3757B526100A1F"
"node_modules\promise-retry\index.js","1378","93C1B8FF5FD1FDB14105573D7EEC21351894CE3C5F86090CA6A33FB89D65D559"
"node_modules\promise-retry\LICENSE","1056","B1344BD78EBCBF8A359225EC444D038A653C6A5F9ECF405A50D4A5C11FBF27D1"
"node_modules\promise-retry\package.json","843","71C2995725304FFA82E03BE2C21E83F3B7C0C557846DF88AAED0F2B9FA75D911"
"node_modules\promise-retry\README.md","3444","AC51045A6E785A27AC9C62ED9A3A17737371524A497F7569E9A5E1D043879C70"
"node_modules\promise-retry\test\test.js","7385","C89C47A4C5FB1E1EDEC10DC693CE623BDFCF9C721FA621ADE12249BB50BC7BF2"
"node_modules\prompt-sync\index.js","7146","948B7145C2A18B111DB87426295DD88EB7FFEFF997884C227F77BE592D5636A5"
"node_modules\prompt-sync\LICENSE","1109","BF34AD8FF0169000ED6EAA30BC95A8573D4C99200D5341A86C27CA39233A6B8D"
"node_modules\prompt-sync\package.json","734","FAAAA6090FEC98EBCC08176B03B8A99881BE56B3EC6A32D00638313BA7ACD41A"
"node_modules\prompt-sync\README.md","4071","A5ABEF1188CC1156C8E937A0B252FB199D7705881E053616FE6ABEEF655CE0E5"
"node_modules\prompt-sync\test.js","1173","24E4D7B5D938B48E86CD5D6B2C1F81D9F045241C4950CFE3257BE030155BC226"
"node_modules\prompt-sync\node_modules\ansi-regex\index.js","400","2A230DA2682A35C0C759851835AD29CE456E09929BEB33BF23F97E01E517C967"
"node_modules\prompt-sync\node_modules\ansi-regex\license","1109","48DA2F39E100D4085767E94966B43F4FA95FF6A0698FBA57ED460914E35F94A0"
"node_modules\prompt-sync\node_modules\ansi-regex\package.json","800","7FF7664E44A2F9825EE541341F794F9F2511283BCF5421BD032FAA80462E7777"
"node_modules\prompt-sync\node_modules\ansi-regex\readme.md","2863","D116E2B7BCE8D4D9580375057EC5687B6D49F892CB33AD1392B59DBDF0F22FBB"
"node_modules\prompt-sync\node_modules\strip-ansi\index.d.ts","349","D690EC58F57C5FA69CFE088959335C9F12482DB67EB1BC1BBBA93E3062F69276"
"node_modules\prompt-sync\node_modules\strip-ansi\index.js","220","586D0220463526EC46ABD9A458E4C946124F9DF915B97817FC2F49CDF6CD5101"
"node_modules\prompt-sync\node_modules\strip-ansi\license","1109","48DA2F39E100D4085767E94966B43F4FA95FF6A0698FBA57ED460914E35F94A0"
"node_modules\prompt-sync\node_modules\strip-ansi\package.json","809","596E55347C7838A69D60D6835B30C6E6150F9E4904C7C611E3007AF9B2A428F8"
"node_modules\prompt-sync\node_modules\strip-ansi\readme.md","1684","261F33AB98A6B0D84F6954DC19EBAAAC17E33B5C9421BE88C6735AEA9E6E6B9B"
"node_modules\readable-stream\CONTRIBUTING.md","1443","56E4E12A6934A2C4D36C7BF893F4D8AEFA6C96F9FFCEC357DFA6476E36C4F1F5"
"node_modules\readable-stream\errors-browser.js","4197","346033597378D23E59068D120D6257F7CD85AE88C40B1F85C3329CECE0D119C4"
"node_modules\readable-stream\errors.js","3715","7028CCA95B2F124345BD5B816E0D8184E7B7D208FE0AA76EB38DF43E8644FD03"
"node_modules\readable-stream\experimentalWarning.js","460","5F9BEFF594347BA6765B806EC36E25699BE1407627E2EE91BE5D609E40BAACB8"
"node_modules\readable-stream\GOVERNANCE.md","5550","7A521E462D1C6F3B599C44637FB337BBF969DDA311510A87236EC539A415331D"
"node_modules\readable-stream\LICENSE","2337","EC62DC96DA0099B87F4511736C87309335527FB7031639493E06C95728DC8C54"
"node_modules\readable-stream\package.json","1886","469EA81F64037D1F179BCD46412217903A2924DD2E7D7D9B728659B6F12C3E69"
"node_modules\readable-stream\readable-browser.js","488","C4FF3EA62EF65A2C68EA721DCBD58B621150660FACD02BE95EBFC556C4DD123F"
"node_modules\readable-stream\readable.js","729","2944F1D3C8C5D5C5E07E7C30D6CBEF5FC37440B7C73DE47AEB37FA8424F04BF1"
"node_modules\readable-stream\README.md","4710","93E374225FA62E8B1423059092BD614B6FE837315F3C10688362F20DFE2C54A4"
"node_modules\readable-stream\lib\_stream_duplex.js","4381","E2E55263DF344F33D016A3E051DE1A86E2206989A2162951E651E5557665954C"
"node_modules\readable-stream\lib\_stream_passthrough.js","1628","AF6250DF6A49A0148EED8B5F2E28B2F692C3FFA9DF538A59DC716A4BD10901E2"
"node_modules\readable-stream\lib\_stream_readable.js","36023","9837DE8CAE91F9A80DA75368855B45C3ADA9A858983355FD873D8885CAB1C5AB"
"node_modules\readable-stream\lib\_stream_transform.js","7936","A2F6E6D17A74DFA75BC7B34B50546EBCB76EEB2F4AAC6D1090F80915AEE20342"
"node_modules\readable-stream\lib\_stream_writable.js","21907","0F3F2ACCECD343DFAE91D7DAA72F3AD125B6F139D5883FF51362042D8CB65CF6"
"node_modules\readable-stream\lib\internal\streams\async_iterator.js","6468","56A7DDE0D36EE9F55032DF01E78229602C6AFED6B6915362F33DC65BC0359972"
"node_modules\readable-stream\lib\internal\streams\buffer_list.js","6905","15B266DB6AD5C6EE0309D13ED4CE137D8974D2FD236C1AF7F3D602B7028A90DF"
"node_modules\readable-stream\lib\internal\streams\destroy.js","3109","E1C1A185A2CC4BEE2BE5E7D33B5E294EB0FB55C1A47B61853A8C43E50CB822A4"
"node_modules\readable-stream\lib\internal\streams\end-of-stream.js","3084","2C35CABC9B279CB81E73D0D14859B2056EA10D9688D16A12199D2CA9904B93AE"
"node_modules\readable-stream\lib\internal\streams\from-browser.js","101","4B4404C7BD6F66A2175CB7A29C60CE4395C055775EC45EAA35AF4357656F604F"
"node_modules\readable-stream\lib\internal\streams\from.js","3668","B7B5815F476B47A23D094ECFA4F1C53BECA69D4F5A42ED452D133B79A1BF28AE"
"node_modules\readable-stream\lib\internal\streams\pipeline.js","2416","6D51B72E1AE5EE0965F0F549E27ECECDB4963605995FFAD8B698D5359A9999C2"
"node_modules\readable-stream\lib\internal\streams\state.js","745","BF9C5CE1CCDE2131D474422BEF258DC968D6D19CCAC72F9B178E8246FAF0C9ED"
"node_modules\readable-stream\lib\internal\streams\stream-browser.js","49","72D46A15491627D8FB1489A47D03583CFE5C21902918016AB532B53E615E5A9A"
"node_modules\readable-stream\lib\internal\streams\stream.js","36","1E7903927DF33AADB3659ECCE55266C9C851DA65CE6C8B723A60A305C1C5422C"
"node_modules\retry\.npmignore","39","C78685538298801F126456B97D27A6331EABB4045B50B154ABC5AFF275780B94"
"node_modules\retry\.travis.yml","334","ED9B99C44BD141E35532A275C55BD59990A16DA4E67CEAA93B1021E524FC7E69"
"node_modules\retry\equation.gif","1209","EA0B38BA378F11E2ADB20E868061DED1BF0B4973C92AA3317BF2710724343C38"
"node_modules\retry\index.js","40","003F04E5FB5913675C886AC938E9B7BBD33754EB17EE8F00E074E1BF888BEC1E"
"node_modules\retry\License","1139","01AD164273E8E095ABC9DBD1C21E194594A671AF7D528CB43EE7B4C903BA7DA3"
"node_modules\retry\Makefile","312","7CA871146D4F446B640251FDEE4E8B7E002C5CF502C924343764D076C5E2622E"
"node_modules\retry\package.json","1022","C0733EB226E2A6572C7C9C2BC8B4A0EFABE233971B0DEE1E6D62C6898257E1DA"
"node_modules\retry\README.md","8967","7F39755E8946F5CAC7DEA12C7A39717B966B319201562E09CF937FDCAA6CFB1F"
"node_modules\retry\example\dns.js","687","1ED998627EE1DF8B49C48D158A0BDA6C582C2F11B364C64B949CC3486A563E62"
"node_modules\retry\example\stop.js","888","32B9C02CCB7D4FA1BEAA7411B4804204D0927CD91A36A28F052BDD9A61233AD2"
"node_modules\retry\lib\retry_operation.js","3657","EACA13037DA35523326C8870E39C4FD236C4F38B5822A2AF0F33D0F4E0B21D02"
"node_modules\retry\lib\retry.js","2298","4388D78729FAA0DEA430E2A7FA572AEE6A15A407DA05097B41EE44106D336616"
"node_modules\retry\test\common.js","208","009708C033E269C1D8537CC3289B033AE5008F6C34AE55B944D7C906DE89C0DA"
"node_modules\retry\test\integration\test-forever.js","515","6F1A7D7F2A6DDAD485F3BD868B18CFBC3F0244094A0B8E37DB4AC5D73FDBFCE8"
"node_modules\retry\test\integration\test-retry-operation.js","6434","86C1BEFD397771AC1D8F588D330429EFE34F5161C88420667F0AE7E2DE038A7F"
"node_modules\retry\test\integration\test-retry-wrap.js","2682","1983C1E30C0C1DF29E306A44A856F6471A50F167862ACAA402EF29D5B961066B"
"node_modules\retry\test\integration\test-timeouts.js","1779","48C08FF322D155DC9E2B33344429996D73DA9335E6CA6056D778CC02E0FB71C6"
"node_modules\rimraf\bin.js","1878","31A25B2763AA83EA17F4191982C863681739BED548A910F547257FD495641495"
"node_modules\rimraf\CHANGELOG.md","1489","57D59F242E590F885E5C26E92962E305C77742A45F5489DB0B8856B519B19D8E"
"node_modules\rimraf\LICENSE","765","4EC3D4C66CD87F5C8D8AD911B10F99BF27CB00CDFCFF82621956E379186B016B"
"node_modules\rimraf\package.json","729","FEA6F9125CA35F3D20946205BE39FB3758B21B5AF44F75910799573BD1230D4C"
"node_modules\rimraf\README.md","3600","5813EB0BA88550585A8A0F50AAC5182303AA911737A4409B4F0ACE422BE8485D"
"node_modules\rimraf\rimraf.js","8866","C9DB3FFEF2AC43CD93B4284147CDD4BFB264EEC0AD1A3E69109BC0371B128EE7"
"node_modules\rimraf\node_modules\brace-expansion\index.js","4990","5356B2252D56296C5BBFBBF54263D75E7E642D708C66B5FFD64141AAF82A4ABE"
"node_modules\rimraf\node_modules\brace-expansion\LICENSE","1096","68F12F6E2C33688699249C01D8F9623C534DA20AA71989C57B061B7BC1676D14"
"node_modules\rimraf\node_modules\brace-expansion\package.json","1156","62D425534C07984B343FCE1204A4F5D2382B81EE005B83AF3B9903D8A71992EC"
"node_modules\rimraf\node_modules\brace-expansion\README.md","4058","CF9C5D39A56CDC3178FE7872CBF5D00439F8E14FB939DDBDA9D6B5C5852EC4C3"
"node_modules\rimraf\node_modules\glob\common.js","6149","B867E089AB5D4AB19A83E5B34DA3DD7F4018FDF255FCACC681AAB87D41DC77E8"
"node_modules\rimraf\node_modules\glob\glob.js","19445","B8F35657CA927593D0F9E1AAE3A8CFE9C33C697BF3C5733C2F6727F25AE25BE1"
"node_modules\rimraf\node_modules\glob\LICENSE","976","6236FA0B88A4A0CCE3DDA0367979491B2052B3C8D6B1C10B3668DE083E86A7F0"
"node_modules\rimraf\node_modules\glob\package.json","1237","B00B6D35EDA6D4AA6893BAF19E53B7D005019ED840E4FA116C926A532EC577CF"
"node_modules\rimraf\node_modules\glob\README.md","15237","9EDCB98721213C0293AC216337F3F97745ADD296879D9FD571152EC601F45B9E"
"node_modules\rimraf\node_modules\glob\sync.js","12020","0F61227F4B55297F1AD16798C53E6A6DD55D633856F153133716413B7C5F61AD"
"node_modules\rimraf\node_modules\minimatch\LICENSE","765","4EC3D4C66CD87F5C8D8AD911B10F99BF27CB00CDFCFF82621956E379186B016B"
"node_modules\rimraf\node_modules\minimatch\minimatch.js","27460","746849F267C4868A53729225BD85C7DCCD387712136FB305FCC0A3EADD4A3D9D"
"node_modules\rimraf\node_modules\minimatch\package.json","700","EEFA1C89527D52BBB2E8B053FE8ECF3E3CED399BDBA82CF27E0E92EDFD833938"
"node_modules\rimraf\node_modules\minimatch\README.md","8752","2C77413D0968383754FA5334CB061822A32B400834B9214677BF58B7EB279851"
"node_modules\safe-buffer\index.d.ts","8738","5E379DF3D61561C2ED7789B5995B9BA2143BBBA21A905E2381E16EFE7D1FA424"
"node_modules\safe-buffer\index.js","1670","184D5C4A83512E3F49D4D5B52F7073F601F933BAD11F1FBB3AD364CA5E6478E1"
"node_modules\safe-buffer\LICENSE","1081","C7CC929B57080F4B9D0C6CF57669F0463FC5B39906344DFC8D3BC43426B30EAC"
"node_modules\safe-buffer\package.json","1057","E4018FDBFE625433371F48274FEE26F520BBE865E0D8C85BF3AA07424134B90C"
"node_modules\safe-buffer\README.md","19555","D301A850808775718DDB510D4BF2A922D9B0AFA72894E67137DAA20FBEAFAC05"
"node_modules\safer-buffer\dangerous.js","1483","1DC2900BCC8FFC375AF0D2FC99A03ECAD2DCBB85D278FBF26982E87707BEA53F"
"node_modules\safer-buffer\LICENSE","1094","4BC935E71BE198C67DDF3C2B5FDDB195F6EDC182BFC155A96A6DB61B44B494B9"
"node_modules\safer-buffer\package.json","822","4247A3A63C45A6A7CED1557FE4DD9D2A163AF4915D594B95E5867B69A53EDB52"
"node_modules\safer-buffer\Porting-Buffer.md","12794","134523D05B39E177135C2A2070A426EB319657DFC77589E38EF7CF13CD50E730"
"node_modules\safer-buffer\Readme.md","8261","D4331B7C5AF9C02161150DAF9451EE6BC7A73ECE3EC0312603FAE09F46A817D8"
"node_modules\safer-buffer\safer.js","2110","37F9716144105051AB302F6A0C30A52FF5DE7269B9E1173AC22BE798FC11CCAD"
"node_modules\safer-buffer\tests.js","15735","511906FDF6A233C84A9216065D1701DBFD84F380FBD495AE1CF5A002370B9885"
"node_modules\semver\index.js","2691","4B3E57D3D40E29E0706002EBA113D09F35AEA593578376BBEEC83B777B9912AB"
"node_modules\semver\LICENSE","765","4EC3D4C66CD87F5C8D8AD911B10F99BF27CB00CDFCFF82621956E379186B016B"
"node_modules\semver\package.json","1661","07F26E947979FEC6235B97555F431570B61E5530BA268C1F71E4F86B19078551"
"node_modules\semver\preload.js","83","EDB6808911BEBCB324B2DF57E5C9935149E56984FF083B74C6CFE215F5B710BA"
"node_modules\semver\range.bnf","702","15D0BAF9B7B98E6D862C0CB9E822D2533D2BC23E136BB75314D802CA1FCB0392"
"node_modules\semver\README.md","25669","F1A789DCEC285150BE24DB2EA04DD3175031554FA9834EC92FAB83FB5E025A57"
"node_modules\semver\bin\semver.js","4957","BD6C871026985937DC945011FC54B74B47F5998154216D7B8D40D5ED782E4402"
"node_modules\semver\classes\comparator.js","3631","054202956430D63D5FF4599FAE09760CE465B489E4F0B5EF5CE7CC7AC21157AC"
"node_modules\semver\classes\index.js","143","3BB69280C2A788D0EB16F915BB9DF4DBE812075182024C753DCA2283BCEA1B17"
"node_modules\semver\classes\range.js","15207","ADE30BE1C8B58BDE2B643E25F73DDA21FD64D291E31EF9DDFBEF07DA6321AB30"
"node_modules\semver\classes\semver.js","9891","813B2C185512D30C9B931C2FED8140889D9D7490CEEEEDC370DA30337DC8CA57"
"node_modules\semver\functions\clean.js","205","4EADB0892844CF3AE295121A86163A66C73F89ACD1B7F0B114EC115B4539512F"
"node_modules\semver\functions\cmp.js","961","A63D74E87B73788E78E9CE0A4892B5333D6B809C0DE88B31E4ED76CBF17F94B3"
"node_modules\semver\functions\coerce.js","2004","28A251C5AB210DDF9E97551B9F37A53329FCCE91F0C3943DCBC02DE1A1DE915A"
"node_modules\semver\functions\compare-build.js","281","5AB651D5B40AF289BD85C645A92B6D8CFE1A986DC413C797CFCC8D623D7C844C"
"node_modules\semver\functions\compare-loose.js","132","07B6A3A1DB0A5210CEB784C1708BD4679F3A94FC73A9C9EB349349E7070A6F78"
"node_modules\semver\functions\compare.js","170","D404B5AA48AADDC8A654C5DA8FB7D4443404B7948589B21AC4B045D1CEE4E34C"
"node_modules\semver\functions\diff.js","1423","7A11FD39B987CDF06C65E928CB1ACA49BEC583FEB86FB5C8FE47A6FD61D7DE31"
"node_modules\semver\functions\eq.js","126","B6E30A7168E52723216FC163D300E2BBABF92EC0251F9AC5438BB6CCF57C8936"
"node_modules\semver\functions\gt.js","124","135523704AA48CD98834DD170EE9F74F0E68043B379F32D021DB11E6304C5C93"
"node_modules\semver\functions\gte.js","127","991C5BBE48ECB210A562646872F05862AD9FC0D42186D85AA60BDC6FA323EB9D"
"node_modules\semver\functions\inc.js","478","952069FC8690B7D3AF0FE9D55F7C54FE2AC067B48C5E74F6A54F9CE19A334493"
"node_modules\semver\functions\lt.js","124","1C897A9BC849320E2E9DC0F6C09555C01EE3DDF30734515D717B88AD7740EA25"
"node_modules\semver\functions\lte.js","127","3A8D0B1D00423F60CC7CB810B36AB77B61330831AD237DBE73EB5CECFA412800"
"node_modules\semver\functions\major.js","136","5C678480D882F511200FED2C16EC3847DFEDB08A1D70328DC2F031D35D825276"
"node_modules\semver\functions\minor.js","136","1B051794F1713ADEC2A236517196691687C35F82E0B596FF3316A78B3CC10AE6"
"node_modules\semver\functions\neq.js","128","A662883751918822C162183B46B9E20D09489132F82686C92AB78BEE67F3A127"
"node_modules\semver\functions\parse.js","331","29A69E15B6D02FE381D573F861881A89590E9D0F0F0CA740C5F85EAF0234C4AD"
"node_modules\semver\functions\patch.js","136","F02D3C1B059FE3D96CE124886F7EEF321D381A95638FD3C4A8D5CCD8E76FFADD"
"node_modules\semver\functions\prerelease.js","234","BAEDBF503D5610AD041BFB56071EFA48FEB331CA278295C399537D35D3FFB593"
"node_modules\semver\functions\rcompare.js","132","84FA5E88ADF08D15C993CAC8CDEC6D1A65045B7E95A9C55184230A7F807F4DC0"
"node_modules\semver\functions\rsort.js","163","6EC659CE3B6C2B173C719286CAAB04409ADBA046C0917874EC3B5E36DDFBC7E3"
"node_modules\semver\functions\satisfies.js","247","8CF5E122B757251671ED6C9D9680904B71CD375845853F05312E608CF2CC2946"
"node_modules\semver\functions\sort.js","161","C2FE2D3ED0BE8A4E9DE8F02ABDFD5D9C0D3BCC510D88E87AF84185592882C4B8"
"node_modules\semver\functions\truncate.js","1021","E145833A250311927C92F424F56498C52F1B7BB1271CE6AFBF006DB87773FF43"
"node_modules\semver\functions\valid.js","176","0DE7EA736CB7807179D46DFAC09C830A9338E02B6A07DB12D7040CDE2DEF6025"
"node_modules\semver\internal\constants.js","873","38A112BAF27CECA0260082FF26AC2FD7A9861CAB1AF12DD65E720277F68E6CE9"
"node_modules\semver\internal\debug.js","240","8A9F420572260F3CF944463B5090D62A60F0730589DC23A7EC4CA25E2EE41BB3"
"node_modules\semver\internal\identifiers.js","525","B4916B09DC7869AE0EB05E71C855C942A3A7365F7E6E89185D59A9E45A2451D7"
"node_modules\semver\internal\lrucache.js","802","14D087C87DA87B6F5C36FC4CDD7D2D14077874B14A68E20FCE5B6138FA2CA34F"
"node_modules\semver\internal\parse-options.js","338","FDF51D0DE8D5442C35A997EF58CD530D239CE206F961D14C5121354451B01D01"
"node_modules\semver\internal\re.js","8139","5833262888E2B5D843A69193F83C05E374818DBE55379B497819B5BF58E48CD8"
"node_modules\semver\ranges\gtr.js","231","8FADAD28E36D28E93D498AC7AC20BADBA2A407312845EABC18E82E90A0732B19"
"node_modules\semver\ranges\intersects.js","224","FE87AC5D3020010AD3EC00636DADBF0C669FF07D0F57E0A8165A8264F79A676F"
"node_modules\semver\ranges\ltr.js","227","E5186FCC03018ACF9BE6D968755D4C49727AEB0D981D179EB568AE5FBE983038"
"node_modules\semver\ranges\max-satisfying.js","593","E1A2C0D6144CC772CD20BBC8ECB9E8A3A4074E9172A3D8E794838B591CDEB416"
"node_modules\semver\ranges\min-satisfying.js","591","2681ABF54098AA670F12826B76A6EC77A2441186AE4243AFDE3BE8AE4908F7CA"
"node_modules\semver\ranges\min-version.js","1514","FEFBA0A88C2BF74D5CEDE504B5AE50A8DC3EDFD69CF0174A491E2CF3E442614B"
"node_modules\semver\ranges\outside.js","2204","3A2B0B23593D2F49419C06AF2AF75450CAB103B0C25D665D48FE5BCA495A21CA"
"node_modules\semver\ranges\simplify.js","1355","7B78581C13322BC68ECE2088685386B2A9B51C15B94D0A2063BDF2546BD41934"
"node_modules\semver\ranges\subset.js","7478","CEB9EB6ED5BFC6C7AC7AF7F47E5C3535444A4E66A0E2B58CDAD4BD02A35D454D"
"node_modules\semver\ranges\to-comparators.js","282","6C5E966210CFF270FA2850668AAF8460FAC7759F8D99F282521EF7A78F4564E9"
"node_modules\semver\ranges\valid.js","326","5EF6F995AF801868925940CF8DF5735D565EBABB090B068695CAE65218BCD3AC"
"node_modules\set-blocking\CHANGELOG.md","718","D3B4A111A1F1849B18CFEEFFDC5D69F06522F37257B97DB1041A7CB2186F6629"
"node_modules\set-blocking\index.js","252","8B238F1DE62BB2A7B35A9E6B0364A64CE0F357CB63251580FF5A25429712E1D1"
"node_modules\set-blocking\LICENSE.txt","731","365496CA1F56DA40B23C9815FC40FA9005847B2F8F8FD1C1A4929EF25EC8CD1D"
"node_modules\set-blocking\package.json","985","E0C598215C66F2C35EDBC3CB2A3433D45F9D4B726524C095C93E7376D87A3BCE"
"node_modules\set-blocking\README.md","1538","E07EF2948101128A2273A88CD0DDD30B90F7C0D8E5DE12AB59CFFA9EC873C4F1"
"node_modules\shebang-command\index.js","387","D98C3AA373C72016E990A723E919AF495423BC4AC1DAA0736C5F45FAC0418D7F"
"node_modules\shebang-command\license","1116","69DEE148A2CC470554DFA7142E830662062394D0FE67CDDD379ABA90DC60D6B3"
"node_modules\shebang-command\package.json","558","44DE390AE5ED6C5F9758B8B9C90B93FA53977D5361731600429F1DE08F4B3F30"
"node_modules\shebang-command\readme.md","495","7918385F0C22CAC3AEAE9BCEBDC589649F3CD4B62CE087AFD60EE35CE6F5B6F8"
"node_modules\shebang-regex\index.d.ts","446","74EA646F59F36406D55EA5F8438878D3CD6EE96D2B19C239FF0301E8D1AB80AB"
"node_modules\shebang-regex\index.js","42","E91E547BAD596A389841FD7938BFCBD22AF82F44A01F794E86878E4FF0274250"
"node_modules\shebang-regex\license","1109","48DA2F39E100D4085767E94966B43F4FA95FF6A0698FBA57ED460914E35F94A0"
"node_modules\shebang-regex\package.json","582","B8018C6B8CC9900DFD1AC18A54956BA34C453FDC2DA5E5FE555EE8F04133A1C5"
"node_modules\shebang-regex\readme.md","649","E2A766922C93592759DA2F6982D4EAC586C2578E1DBA11E120B244BB2764A848"
"node_modules\signal-exit\LICENSE.txt","790","B173E19B9A78DF305577ACE0E52EF45A4BCC915EA28B47B256DC3B68DCB1F7E7"
"node_modules\signal-exit\package.json","2573","CD1C6CFA95782E432DD2AFFAA88C3A6DDA7F46C8088D91F3ACC0FBA79DCE5075"
"node_modules\signal-exit\README.md","2426","253E9122E9E5EAF8DC9B0FCCB36D2011FC8E844D11C7249991EDFEC2BE7FDE71"
"node_modules\signal-exit\dist\cjs\browser.d.ts","393","7B023021BC8E493240CC8117D490D55B4F6B62E08854DDBE1F53A35DFD40E355"
"node_modules\signal-exit\dist\cjs\browser.d.ts.map","349","F46FC1CF3CAE357BE4E69317AE3C132F2597DC8ED31D208701053782FA03A09D"
"node_modules\signal-exit\dist\cjs\browser.js","322","AA5F9F7F969E92B30D2D3288E8927B47FAF38663F626C8E9AFC7F5A3B901C816"
"node_modules\signal-exit\dist\cjs\browser.js.map","703","CC48AA8C7132663B411F2BB14199E3E5CA7270399917F2640E1983614919D0AB"
"node_modules\signal-exit\dist\cjs\index.d.ts","1744","1D63579E68CF6FC4B8A5AE13748EFE38584F8EEA7DDDC320C276B30B1856D0B0"
"node_modules\signal-exit\dist\cjs\index.d.ts.map","460","1DDE4DCE41849712DB4203F346CA85435AF909777B0653BAF3339440BB487E42"
"node_modules\signal-exit\dist\cjs\index.js","9435","7DBA9354040ED0DDEA0E3029E6F4690B1EA5B0275491A217D9704737A9CEBE35"
"node_modules\signal-exit\dist\cjs\index.js.map","17544","5D1A773080F60AD15C0F442FA5D59070910E87C109F7939800B2A4FE6B866F77"
"node_modules\signal-exit\dist\cjs\package.json","25","8005A3491DB7D92F36AC66369861589F9C47123D3A7C71E643FC2C06168CD45A"
"node_modules\signal-exit\dist\cjs\signals.d.ts","1083","ED5B63EECB5BA65247F8C0A85602540A96FAD19719005D59610C190C0AD59A9C"
"node_modules\signal-exit\dist\cjs\signals.d.ts.map","196","AC18B4636C5AA4F7BB383D3CA971CCE3C659D68198A7C477411A8EE23A0944D8"
"node_modules\signal-exit\dist\cjs\signals.js","1560","84F6F2218E3A5DD61E38C9498BCB5465FB90F3900AFDE73956B1855B1E46AF09"
"node_modules\signal-exit\dist\cjs\signals.js.map","2091","F4B1AAD11F5B1DA3469353C19CE29C9F159EFC878CC2B885AA4977DD8B7E31BB"
"node_modules\signal-exit\dist\mjs\browser.d.ts","393","7B023021BC8E493240CC8117D490D55B4F6B62E08854DDBE1F53A35DFD40E355"
"node_modules\signal-exit\dist\mjs\browser.d.ts.map","349","F46FC1CF3CAE357BE4E69317AE3C132F2597DC8ED31D208701053782FA03A09D"
"node_modules\signal-exit\dist\mjs\browser.js","138","57498E3448998C32A94F884F500AC7A2C8B54872F648BEBF1BE1704303A5522C"
"node_modules\signal-exit\dist\mjs\browser.js.map","668","24FF3C6A566CF59691D542F15D7AA3BA4511909ACD307DB7E8A09A768B83E2B5"
"node_modules\signal-exit\dist\mjs\index.d.ts","1744","1D63579E68CF6FC4B8A5AE13748EFE38584F8EEA7DDDC320C276B30B1856D0B0"
"node_modules\signal-exit\dist\mjs\index.d.ts.map","460","1DDE4DCE41849712DB4203F346CA85435AF909777B0653BAF3339440BB487E42"
"node_modules\signal-exit\dist\mjs\index.js","9090","A2F8E19D69AB443B496C203C46C47853F885F3E852ACA6DAA248191BF3F1CCBB"
"node_modules\signal-exit\dist\mjs\index.js.map","17592","FBAADC2CB63860EA1AA06746CAA01490E4FA2D0458A94416503E77001C5F164B"
"node_modules\signal-exit\dist\mjs\package.json","23","3CA9D4AFD21425087CF31893B8F9F63C81B0B8408DB5E343CA76E5F8AA26AB9A"
"node_modules\signal-exit\dist\mjs\signals.d.ts","1083","ED5B63EECB5BA65247F8C0A85602540A96FAD19719005D59610C190C0AD59A9C"
"node_modules\signal-exit\dist\mjs\signals.d.ts.map","196","AC18B4636C5AA4F7BB383D3CA971CCE3C659D68198A7C477411A8EE23A0944D8"
"node_modules\signal-exit\dist\mjs\signals.js","1438","12044052D2037FBB19637C6FB216B1C80C28664134453B9A0FC32FA2FE352C27"
"node_modules\signal-exit\dist\mjs\signals.js.map","2098","9AC7CDE2118302BFCE1FB14E0F0C04112A7F0AD6FA8A18D5D950EC530AA2654F"
"node_modules\smart-buffer\.prettierrc.yaml","84","F97E9236BE3E15C38AA9FB1DF9B706F80CD48EAF9BF90563604427A2B76BECAF"
"node_modules\smart-buffer\.travis.yml","152","06D78B7B3773A8DFFFDADBA86271EDEB3C0F353AD20593A6B23FE1B178C25DB4"
"node_modules\smart-buffer\LICENSE","1087","C46E2C333E1C9E6FCFD130CF91B8E54BF67B60FABBC04996F7E199B990353FF3"
"node_modules\smart-buffer\package.json","1969","188644CDF467D6A768AD25ED3EE8EB845DC5CB29AADC4C88CA7C5CB5F631D66A"
"node_modules\smart-buffer\README.md","18782","E13C81937143705FFF9268C12E213D354D689BBB79A0AC59F25F7CAF79159C36"
"node_modules\smart-buffer\build\smartbuffer.js","44500","6A73858A0AA6F7AC078D8156187EF97A713E44D52AFCCF6679A0A032539BE0CC"
"node_modules\smart-buffer\build\smartbuffer.js.map","20978","5960A869F81B0CDCD61F60EC0E3C41ED922082BDD656A2EE587EE2CB2B745000"
"node_modules\smart-buffer\build\utils.js","4273","451B2E82D359F3D8782BE4830BD5D9DF895434ADBBBD911FBEB27E64FC59167D"
"node_modules\smart-buffer\build\utils.js.map","2024","B7CEBC7D24B346A8AC73AC75AE7E8062A4D02A060913C052CCCD8739698B9835"
"node_modules\smart-buffer\docs\CHANGELOG.md","2298","4AD00F852A3ADB904011473405593830C1F20A7F6FB993CBA2C84C074D1BCE44"
"node_modules\smart-buffer\docs\README_v3.md","12570","13D04E06D601538FF297540DBF65F4762CFE89523BAB18F488AB9FC08863A9B5"
"node_modules\smart-buffer\docs\ROADMAP.md","0","E3B0C44298FC1C149AFBF4C8996FB92427AE41E4649B934CA495991B7852B855"
"node_modules\smart-buffer\typings\smartbuffer.d.ts","26868","8E30A475B47ADFBE1A79AD3F72D48F38D1DF3D4BE0808176FCCB4DD2C02DAC18"
"node_modules\smart-buffer\typings\utils.d.ts","2442","66C57F9AB1DAC1B7293AA088364330E65062B22136B9B94BA793E62179FA7044"
"node_modules\socks\.eslintrc.cjs","207","E0C3EC930EB941A456791FD13D361EC58E1891927E448FD599AF95BF7F552A85"
"node_modules\socks\.prettierrc.yaml","124","F7EB231E593C200C8C818BF92043EFCCF36FE501347E2401018B6F49331363FA"
"node_modules\socks\LICENSE","1082","4F4F28866154C8D758241A64296E8790D45D7D912FF7B029930778C06D8F2A72"
"node_modules\socks\package.json","1651","EADDD44B758B8D53F4A9C11807748A7372319EF6B4EE680AC5E48CA64AECE161"
"node_modules\socks\README.md","23342","9FBA40D24F7913026A23C50EC57F461335CC4BFED8D9D8C0D4B2B05981111BC9"
"node_modules\socks\build\index.js","846","C82822BFE17665A9DE990C99E1AEA5D94874BCBC072F95B42C617BAB3D097DF7"
"node_modules\socks\build\index.js.map","129","9C1407BEF3804B479F75B9606B7119DAFCE28A99AC56FDBF308932909875AD0C"
"node_modules\socks\build\client\socksclient.js","35626","4B473FECA4862B5C66EC0EFA39EA2D40D07C845886B6081813B07D489FABD897"
"node_modules\socks\build\client\socksclient.js.map","23770","209342D49DB154C37B25385720B2BBBE9447BFDD75A9A162C9B38DB092D0C099"
"node_modules\socks\build\common\constants.js","7550","82009A5397740E3622C48BB3393AFF5CCB9D86EC496E085E53BFEE5F8E96AC7C"
"node_modules\socks\build\common\constants.js.map","2375","3AAA4B2186AAD55E5D6DFC97062843B0767156763F33E6F1FC96B8DC29FA1E2D"
"node_modules\socks\build\common\helpers.js","6933","DCBB2F1BCB2E7450AE05A2CC911C925151EE0A03BAA501823B4E8E82ADA48393"
"node_modules\socks\build\common\helpers.js.map","5102","CADBF7E66354C9374CE17F41A0F923DDDA73B78C92D28700E3C3F42D1577A0C4"
"node_modules\socks\build\common\receivebuffer.js","1549","49FEB670A5499E20899D892740F80D1E3EF24DEB64888A21DCABF6FE7419B4E8"
"node_modules\socks\build\common\receivebuffer.js.map","1650","54E3749DF7C6F625FB804389FCA2AC39F428EE0591E1B52FE539B4264528F325"
"node_modules\socks\build\common\util.js","698","917AA278ECF8A4EB0E90E448EAC98DD75EB9A4C985DE0D7A04E04407E8CAF8F6"
"node_modules\socks\build\common\util.js.map","657","3FD6963FF9E0193924109E704528D3F1A14411C7D372F6038A51B7D1E89D0403"
"node_modules\socks\docs\index.md","129","A7AB0D44389BD05C9C918AAE8A573B13FAAFF412A6A652EE68D7C308D0E11FFD"
"node_modules\socks\docs\migratingFromV1.md","2629","4CF23D36F5E98EC2DCD285FDBDEE1DB8B177C1DCAC386607B57087CA14DC3EBD"
"node_modules\socks\docs\examples\index.md","354","BB434D3247F08B691954F1414B172CB299765AB4C7F843E8204A539FF4E63EF9"
"node_modules\socks\docs\examples\javascript\associateExample.md","3274","975B87E1D48D33A33F146FF341AA25191E40D3529D4FA653FBCDFE2212EBA612"
"node_modules\socks\docs\examples\javascript\bindExample.md","2772","5ADB174E1EB0CBDD5406F14635337F34A7DA6DEEDF65C1CEA484A302B2562631"
"node_modules\socks\docs\examples\javascript\connectExample.md","7567","B426332B7DA73E8CEFAEE0D30F4B435E763B44B2AFFAEC7EDD167FC4B04279C7"
"node_modules\socks\docs\examples\typescript\associateExample.md","3337","97460CC4FBBCD1AC80A28386FA29A6BA9EDAF828C010F3159694D9EC66CAECB5"
"node_modules\socks\docs\examples\typescript\bindExample.md","2838","6322BE1CC9217D2A83B95C9DAAEA4F3CC1058B2C44EDE17D2717B8C9A01816DC"
"node_modules\socks\docs\examples\typescript\connectExample.md","7738","436E5161A75D2734675818F560DC03082A6AFE8FD195A09120038A0C4F6290C0"
"node_modules\socks\typings\index.d.ts","38","8EF8425C7726A1BD5AB733FB1C8F682B5C116F7B1CF0A1A20BFAF6E6E368B459"
"node_modules\socks\typings\client\socksclient.d.ts","6122","AA7E6B64B597C32A65662E0B455E641748AB4ECC71AA31E4C8AD0678CA65BC5A"
"node_modules\socks\typings\common\constants.d.ts","4709","D7C7FD205F57ABD1705B98D7F4B47B1DD8F256A3C9A98EFB872D75EF27E9E59E"
"node_modules\socks\typings\common\helpers.d.ts","829","DEBA303ACBC9067D4AC8389EC489AB33BFAA7AEA4320B01CDA1BBB03B0F079E9"
"node_modules\socks\typings\common\receivebuffer.d.ts","314","777ECEEE31F9BB2B6CB66847F3CC3D4781139859B7FBFD62841F670490808FFB"
"node_modules\socks\typings\common\util.d.ts","484","407C3E1EA5AEF8AADAB1780651E4F2281A6382AA81DB218F589AF5AC3ABC6CAB"
"node_modules\socks-proxy-agent\LICENSE","1101","8D8C55319C7729D57BE811C747452636688D54F19701EE0752B6B15AD3771D9A"
"node_modules\socks-proxy-agent\package.json","3203","5667D50EA8B62C802757A3A2737A6515EDBAE3129BB3EF0980CA5D15C91ED99F"
"node_modules\socks-proxy-agent\README.md","1260","372394886B8B5100E7A03AC156F778865BA6A01A364DBEE22D97B18C06524F59"
"node_modules\socks-proxy-agent\dist\index.d.ts","1160","A79453ED56FF690AB4B0B96BBDCB8CC0025E162DD893813B669B41CF84947C28"
"node_modules\socks-proxy-agent\dist\index.d.ts.map","950","803524DD7F0DDE1CD1AB59478F5339FAF073D59EDDB124279E7C7B2561F02144"
"node_modules\socks-proxy-agent\dist\index.js","6723","47958F0349E5310272E1ED3B9A7E80C0369F88426B0DF5E53E8049B613E89B4F"
"node_modules\socks-proxy-agent\dist\index.js.map","4413","E94776D8209E89CA294D3E66BFE7B0909970C514BB022D023CB3CF7DC2539CB5"
"node_modules\socks-proxy-agent\node_modules\agent-base\LICENSE","1101","8D8C55319C7729D57BE811C747452636688D54F19701EE0752B6B15AD3771D9A"
"node_modules\socks-proxy-agent\node_modules\agent-base\package.json","1059","7A08CB2FE1D2B788E0A7BF6A9B7597DBEEEAE804698C2FBD15DE786D284D327C"
"node_modules\socks-proxy-agent\node_modules\agent-base\README.md","2459","DC8148B1D0BBB80F812F1D8C00700E9242A010E7463AEE2DA415476A45F37A9E"
"node_modules\socks-proxy-agent\node_modules\agent-base\dist\helpers.d.ts","624","D159A1BF12AED961258ABCB9BC26CEAA615DB573662BE64F7E9CE136DB1FB265"
"node_modules\socks-proxy-agent\node_modules\agent-base\dist\helpers.d.ts.map","585","314CCEBF6DBF85FF055681FDC0291008AFA38036F665C857578B2E47E17AD165"
"node_modules\socks-proxy-agent\node_modules\agent-base\dist\helpers.js","2314","6043C5C1BB76491992F6C56F65895E2E9167AE10122FEF4D58D6638EBAC4BA05"
"node_modules\socks-proxy-agent\node_modules\agent-base\dist\helpers.js.map","1401","232164F309B02945F8F49B1F0F6D04F546DE10B6D5D0151F140892F4550A55C9"
"node_modules\socks-proxy-agent\node_modules\agent-base\dist\index.d.ts","1519","86CC3EFFC64D89018E0615A7026F9298C17D162CDE9BCE65B9C4B5B2AEBDB40A"
"node_modules\socks-proxy-agent\node_modules\agent-base\dist\index.d.ts.map","1430","9CD18CDD433A41BD7B2151461DB479F59F7823EE46A7EE123A3464981147A29C"
"node_modules\socks-proxy-agent\node_modules\agent-base\dist\index.js","7324","C6503BD5E007DB8B73FEDF07B6EAAF4A94D5541953F0D06C8A17D1644C29A0C5"
"node_modules\socks-proxy-agent\node_modules\agent-base\dist\index.js.map","4146","3BA2C1244801B32C7DFC0A71D50B2316A2D178C666287B5C43887539354AEBCB"
"node_modules\ssri\LICENSE.md","760","3749709146345FA15546AABA4E3AB1B3B92A4D930077B5BC32D90815CB63AFAF"
"node_modules\ssri\package.json","1516","83AE023D5673FD4F64C70AB492A954C94CE63DB18D22DE4569A2D7215ECE2242"
"node_modules\ssri\README.md","20405","D2378A8EDF9EEE5FE7CD8EF386E74448032A9C517B53A7A14F61D603C936A36C"
"node_modules\ssri\lib\index.js","16057","263FEACB5262AB2932638958F593CFAB6F9085C78A27847AC5E6C57437351FE2"
"node_modules\string-width\index.d.ts","823","9E90C4797F14D5AD3349B1A9588D3B1C4DA5E76A24F96724AF5013388C3D237B"
"node_modules\string-width\index.js","1064","4508758772B1F52850B576CA714BBFD6EDB05F8D36492CEAB573DB47F5CD7D84"
"node_modules\string-width\license","1117","5C932D88256B4AB958F64A856FA48E8BD1F55BC1D96B8149C65689E0C61789D3"
"node_modules\string-width\package.json","1044","ADBCB3B95EA29C1F2A91A0AF600FD9136CE408A38622332848BA4630DC473659"
"node_modules\string-width\readme.md","1733","7197D5BD6D009305CA500B2991B8041A709DAE05BF930CDB37D8EF8CE6C28D25"
"node_modules\string-width-cjs\index.d.ts","792","08F234E8871DACF59E1F194FD83C11D002D8D4D488F7BE138900755E3E637A24"
"node_modules\string-width-cjs\index.js","923","ED69EA4F757130E46DC48A0CC31BEB6257E61A31C70936D82B8A3F02FFD64DF5"
"node_modules\string-width-cjs\license","1109","48DA2F39E100D4085767E94966B43F4FA95FF6A0698FBA57ED460914E35F94A0"
"node_modules\string-width-cjs\package.json","941","6457A02418F004FE5D3FBBB19C7CBCC1450A8B887FF9A471DC6985AC83A48D36"
"node_modules\string-width-cjs\readme.md","1396","CD4AAF53CC7DF4210595512D1FDFCD78B671DA703A7E695673FCECC167EC66A3"
"node_modules\string-width-cjs\node_modules\ansi-regex\index.d.ts","744","A902326B04490DB2B99A85E58E0ACB14A437CA7E2231E9ADFB2FA91ACDCC365C"
"node_modules\string-width-cjs\node_modules\ansi-regex\index.js","350","C92312790EB1F246B7C4C1FE9C1247B15441BBCA3C6CB64D167BEEFC45302753"
"node_modules\string-width-cjs\node_modules\ansi-regex\license","1109","48DA2F39E100D4085767E94966B43F4FA95FF6A0698FBA57ED460914E35F94A0"
"node_modules\string-width-cjs\node_modules\ansi-regex\package.json","841","8B2DC166F2B74D5098BAD38BDD3DD2F4D4775C626199872F5E36DBB48C40931D"
"node_modules\string-width-cjs\node_modules\ansi-regex\readme.md","2565","3EBC0F845B1BAB50600F823716040FBEC355D3C356A3A76B8EB9EB593B6C7A3A"
"node_modules\string-width-cjs\node_modules\emoji-regex\index.d.ts","427","69922C48A8F28317217455373EEDAF7303772D0C2370CD9B553F091E71F7D47B"
"node_modules\string-width-cjs\node_modules\emoji-regex\index.js","10286","C56978800E47F095CFBFE96712B5E78D150D1F62E32BB4943675213FCE481EF0"
"node_modules\string-width-cjs\node_modules\emoji-regex\LICENSE-MIT.txt","1077","483ACB265F182907D1CAF6CFF9C16C96F31325ED23792832CC5D8B12D5F88C8A"
"node_modules\string-width-cjs\node_modules\emoji-regex\package.json","1278","7BEC29B9CA68F2C4BECC60E866C2F9342ECDC89FAB39841A818CCD9EDA15C148"
"node_modules\string-width-cjs\node_modules\emoji-regex\README.md","2691","83FA2A1A5A1DD7318B99CB17C76927B775098D8FFF0D3136C00303E4A7D0B267"
"node_modules\string-width-cjs\node_modules\emoji-regex\text.js","10287","4BAE97C68C68CC8C56FA873FCBCBAF6869DA926F3F38DDD9CB6CA22E8F60DA41"
"node_modules\string-width-cjs\node_modules\emoji-regex\es2015\index.js","11104","8718DEA4D28647912918DBA60545890DC10AE672BFB186B6EC0AF3FC5E826137"
"node_modules\string-width-cjs\node_modules\emoji-regex\es2015\text.js","11105","AAD6B3F580511FE1FD70AE4DDADFF4F4EC6BD5143F1A53B93C7E16EAF608D552"
"node_modules\string-width-cjs\node_modules\strip-ansi\index.d.ts","369","4B0F7F88FC46A672CB59EEB2782AF271C203600D602F57A717EF07F96092CAF8"
"node_modules\string-width-cjs\node_modules\strip-ansi\index.js","154","BF37CD692BF030C2EC270945BC26AA8B19AD379FA5916F12304758F709AB0978"
"node_modules\string-width-cjs\node_modules\strip-ansi\license","1109","48DA2F39E100D4085767E94966B43F4FA95FF6A0698FBA57ED460914E35F94A0"
"node_modules\string-width-cjs\node_modules\strip-ansi\package.json","798","0130850B9DA0584F54CC20D3DAB6365C807E9436AC78E016D5009EFA99BD0530"
"node_modules\string-width-cjs\node_modules\strip-ansi\readme.md","1599","CB384DB30337ECEC75919B4C69AAB67358B4F4E384406956687894B6D777413B"
"node_modules\string_decoder\LICENSE","2338","11F2AAFB37D06B3EE5BDAF06E9811141D0DA05263C316F3D627F45C20D43261B"
"node_modules\string_decoder\package.json","823","31984C85CD4F3DF0AA75075ACDEC98C25961496897D1F46D04ED4A701F129C54"
"node_modules\string_decoder\README.md","1801","64417FEC74BED1E4160C792189C85E6F37F4232A179E2BEB04F32D80DF76C4CF"
"node_modules\string_decoder\lib\string_decoder.js","9465","F1D36D47B2C579063392C1A68963467F2D4F51A069AF09EB068D974C63EE3B37"
"node_modules\strip-ansi\index.d.ts","349","D690EC58F57C5FA69CFE088959335C9F12482DB67EB1BC1BBBA93E3062F69276"
"node_modules\strip-ansi\index.js","626","9FF7E1ABF2727FBF9854A9DFCC1E69D1F9A0B23CCC0649269FC1C4FA8E44BD79"
"node_modules\strip-ansi\license","1117","5C932D88256B4AB958F64A856FA48E8BD1F55BC1D96B8149C65689E0C61789D3"
"node_modules\strip-ansi\package.json","961","228B214DD06CA80AB3C36E2B890A8696A39CEA65585F6D61498C922C615E18A0"
"node_modules\strip-ansi\readme.md","1223","97C8F78E30D8DD4F03A252669110D775F6308674BCDB0280ECEA942D191045B1"
"node_modules\strip-ansi-cjs\index.d.ts","369","4B0F7F88FC46A672CB59EEB2782AF271C203600D602F57A717EF07F96092CAF8"
"node_modules\strip-ansi-cjs\index.js","154","BF37CD692BF030C2EC270945BC26AA8B19AD379FA5916F12304758F709AB0978"
"node_modules\strip-ansi-cjs\license","1109","48DA2F39E100D4085767E94966B43F4FA95FF6A0698FBA57ED460914E35F94A0"
"node_modules\strip-ansi-cjs\package.json","798","0130850B9DA0584F54CC20D3DAB6365C807E9436AC78E016D5009EFA99BD0530"
"node_modules\strip-ansi-cjs\readme.md","1599","CB384DB30337ECEC75919B4C69AAB67358B4F4E384406956687894B6D777413B"
"node_modules\strip-ansi-cjs\node_modules\ansi-regex\index.d.ts","744","A902326B04490DB2B99A85E58E0ACB14A437CA7E2231E9ADFB2FA91ACDCC365C"
"node_modules\strip-ansi-cjs\node_modules\ansi-regex\index.js","350","C92312790EB1F246B7C4C1FE9C1247B15441BBCA3C6CB64D167BEEFC45302753"
"node_modules\strip-ansi-cjs\node_modules\ansi-regex\license","1109","48DA2F39E100D4085767E94966B43F4FA95FF6A0698FBA57ED460914E35F94A0"
"node_modules\strip-ansi-cjs\node_modules\ansi-regex\package.json","841","8B2DC166F2B74D5098BAD38BDD3DD2F4D4775C626199872F5E36DBB48C40931D"
"node_modules\strip-ansi-cjs\node_modules\ansi-regex\readme.md","2565","3EBC0F845B1BAB50600F823716040FBEC355D3C356A3A76B8EB9EB593B6C7A3A"
"node_modules\tar\index.js","683","AD28644733A1AC0EBDF0FA39D9AE6482A7C5FE76A3878CA66FD3DC5EEE1AF1E7"
"node_modules\tar\LICENSE","765","4EC3D4C66CD87F5C8D8AD911B10F99BF27CB00CDFCFF82621956E379186B016B"
"node_modules\tar\package.json","1434","89BD6D32C9E56EAB63F3F62B96080AA43AFA530675701610D74793D4719D1137"
"node_modules\tar\README.md","46062","0F870B5D95A0ADD19F6C218389F1A1F56DCECF7129C5F9C919903C90F608CAE5"
"node_modules\tar\lib\create.js","2395","4C3E1E44B29724599D5D5AE53604CE6D4DA7177365B7D4AB17A0747C8E5E99FE"
"node_modules\tar\lib\extract.js","2852","6E1D4FD9353FDA202CB44860615BE56E031A9274F18841C86DD0B974ABFD6760"
"node_modules\tar\lib\get-write-flag.js","921","A856006693499F10E3B9FF08DC0A81BFE54451322C3A1312D891FAC5FC150C7E"
"node_modules\tar\lib\header.js","9154","6B079E47828607ACCF5E5E2A259D412B891A5A8FCC151BEC8DF4E2C5341AC8B3"
"node_modules\tar\lib\high-level-opt.js","760","0296C4419CCB96B4AAB5DFE04E46982C83D5CD30C099A65B5B037F5C223D062F"
"node_modules\tar\lib\large-numbers.js","2229","1DCE0C5A838CCB7B18771BF9F5E29B7CF4D872D73907E191B82ACC9C648A2223"
"node_modules\tar\lib\list.js","3224","41D395E719379CFBFC46E23EA552998962133CBC667BB349F540DE3656E2FEEB"
"node_modules\tar\lib\mkdir.js","5485","48A264AA941AB08797810BC87B1EE5C9FDC53DC178C8A0FE9113D87823C1B48A"
"node_modules\tar\lib\mode-fix.js","649","9AA82DB6007DF25931A731DC4F83C455D56DD808FE5802C3FB2C8BF637138506"
"node_modules\tar\lib\normalize-unicode.js","412","192505541597C027340E66BEA4421387A6E06C0867A22E49A5016008CDF0F362"
"node_modules\tar\lib\normalize-windows-path.js","410","D585DA94804CF3C623EDA666C6068BC513B5F3BED1FA44E0F15BCC98B38FBDD2"
"node_modules\tar\lib\pack.js","10021","6975602D45B540AF44195BC60F0812FA76193481ECAD7093F4E3B1C9DCD6F9F4"
"node_modules\tar\lib\parse.js","16322","5DF89CAFB5A74FDA979FCE7140181D2704799AF9AA54E9325454C8D13028E7C5"
"node_modules\tar\lib\path-reservations.js","4410","99C5C411DD9597070AA2CBBA6B0CC18834F0C2550FE5C9BB14DAA2A6A0869299"
"node_modules\tar\lib\pax.js","4068","C127DD86C3A743C3305AFA09DE0452ACAA8E50DA9AA8A1938F9E2451B29EF7CE"
"node_modules\tar\lib\read-entry.js","2842","2AC36BE9440F3D81278C9A5FAE4A48DC7207FACAD366F9DE5453DAF0CA7AA559"
"node_modules\tar\lib\replace.js","5776","A96AE4A25BBC043CB664738828D222780DD28CB74B244DD01A8CD4BFA198FEBC"
"node_modules\tar\lib\strip-absolute-path.js","917","510CAA3452390A12499663048E42F67E056FF2CBB7A5F8E72E38F00B856FC709"
"node_modules\tar\lib\strip-trailing-slashes.js","394","5B8DD9C3AA3C76A691A4A2E953D9D515BF4CAEE6281A1C7EA83EE78174957D08"
"node_modules\tar\lib\types.js","1096","D4DE2E5C48D89E3C6666063FF45D1FFBE9DC975B7262903267C824B8F596910E"
"node_modules\tar\lib\unpack.js","25835","665C35A372A9021781BA5611CB269B91F20CCC1EF6182EF47AD284D2FB8A3ADF"
"node_modules\tar\lib\update.js","937","E451DFF75CE154F2C43384937F68D0C914CD4F13B208838C566A3BB91E985BE4"
"node_modules\tar\lib\warn-mixin.js","725","68A0872C9747368A95918D2623D8EE5686C4F41951975512E952491C43FC17F0"
"node_modules\tar\lib\winchars.js","535","5CB97674101A0D79920DF164BA402C8DA0941960823DAAB3A16C8B06A12A1AED"
"node_modules\tar\lib\write-entry.js","15300","8F57032E81A8AFC349FC1299DA58598DC414D7C7EA27CB47E8A28B265A983F73"
"node_modules\tar\node_modules\fs-minipass\index.js","9990","4699431200B93F8FCED125CE1C102A17C7B3D7BA6AAA17678D73C60DA438755F"
"node_modules\tar\node_modules\fs-minipass\LICENSE","765","4EC3D4C66CD87F5C8D8AD911B10F99BF27CB00CDFCFF82621956E379186B016B"
"node_modules\tar\node_modules\fs-minipass\package.json","865","02B36A2A2E729813A196C97486BB12955345E201D6CCDA5FB2B322F62FA381AB"
"node_modules\tar\node_modules\fs-minipass\README.md","2469","9B8FDE0E2EB47E34FF39349C4DD2DFE0329C8C3CA1B92F8D0540B238257F5A5A"
"node_modules\tar\node_modules\fs-minipass\node_modules\minipass\index.d.ts","4224","14BEDD2E5282438E6062B4EAA08D00F20AABE5F0377EDD2E54B4B83CC41DEE63"
"node_modules\tar\node_modules\fs-minipass\node_modules\minipass\index.js","16631","DBC5220C4BC8B470DA9C8E561B6A5382CF3FA9DCD97CACE955AC6FD34A27970C"
"node_modules\tar\node_modules\fs-minipass\node_modules\minipass\LICENSE","787","A5A110EB524BF3217958E405B5E3411277E915A2F5902C330348877000337E53"
"node_modules\tar\node_modules\fs-minipass\node_modules\minipass\package.json","1187","E99F6B67BA6E5CDA438EFB7A23DD399EE5C2070AF69CE77720D95DE5FB42921E"
"node_modules\tar\node_modules\fs-minipass\node_modules\minipass\README.md","25261","C65C47FB2512A285FC6E7C63E5A613E5B959825BE57E3D396427EF7CE6A4D49B"
"node_modules\tar\node_modules\minipass\index.d.ts","4326","02808B78F0324C25FE6793F3EAD20907E5007437AFF31B581E86F9B55263E483"
"node_modules\tar\node_modules\minipass\index.js","18551","CADA1F100F58D05055AFEAD733EC4BDB743E1E3333AB0E899A24F50C88C20CCE"
"node_modules\tar\node_modules\minipass\index.mjs","18516","00610CFD77DAD5AA627D77F31362D4BA0F0A7DB96902CAF15451C9C637DD8D9E"
"node_modules\tar\node_modules\minipass\LICENSE","787","833FAA18AC4B83A6372C05B3643D0D44ECD27D6627B8CD19B0F48FE74260CF39"
"node_modules\tar\node_modules\minipass\package.json","1745","280AF43113A60826E63A6BF79E115FDF5F89D5866F663CDDE3D229640671CEE1"
"node_modules\tar\node_modules\minipass\README.md","25550","19F9D5079BA926B21359E2ACCBD2DBB329C8B53F82A48F1600FEE8CFD66AB8EB"
"node_modules\tr46\.npmignore","40","220244E94C71ECCACCEE66CAC3CCD592F503F4A21CAABBDE6B92D16CE4434BA1"
"node_modules\tr46\index.js","7567","8194F9425CE9AB06EA9AEBCD64A85EC064D95D61BB349F8F1C98762AD256638E"
"node_modules\tr46\package.json","732","615087F58EE138FD35C2B414C355B72E36E5919725B8AECC1C34F6A5585B9779"
"node_modules\tr46\lib\.gitkeep","0","E3B0C44298FC1C149AFBF4C8996FB92427AE41E4649B934CA495991B7852B855"
"node_modules\tr46\lib\mappingTable.json","260049","B6B39724DCA9011113A08D9D6910204062B58169E98952ACDFBD19BF2C31BBFF"
"node_modules\unique-filename\LICENSE","717","11734BF6E540E2C021413451205315E5053932DE9DF9E81279CF2ACAD6F135ED"
"node_modules\unique-filename\package.json","1258","3268C5835D57593B828149960A298BC19608C947AE5694C964656443A6D5A7E6"
"node_modules\unique-filename\README.md","1237","0F2C8C70F016CE8D955C00BD3FCD99507566A21F1844385D4F186179B5CF8454"
"node_modules\unique-filename\lib\index.js","202","8F3C7E1002F2161E6D8F5900C73CF2E5AA82B4A1028BB0A96E201FF3DB6E355B"
"node_modules\unique-slug\LICENSE","734","8E8B31DD3582EB47F1B28BD6F009B54CD926ADB9431E8424DB7C2EAE7C4AF437"
"node_modules\unique-slug\package.json","1114","29E5D069FD83C5E4274EA04F3880A0251974963067C2D091EDA7FD02EA3F8FCF"
"node_modules\unique-slug\README.md","445","DED8897E4EB050165CE008D19E80D7936F6191DF1DECA4B9ED5925DE16517B08"
"node_modules\unique-slug\lib\index.js","286","D070132AF11F52D51935AF8BAAAC90D8BA6ED27253613D7E7C359DA5DB3DF86B"
"node_modules\usb\binding.gyp","3158","190C3BF474DBCF542964C3F16F662F8011434382A2236C04AE896F2AAF8BFBCF"
"node_modules\usb\CHANGELOG.md","14434","9CB2DB3545D21C2CE0F41DDC1D1AA7DF335643C986381940C360E023D4EAE188"
"node_modules\usb\libusb.gypi","4591","F7EFD1F3AA83276E49A5C454F2B48FFBBA7106DBA66CFB88C9FADA57FBCEFCC0"
"node_modules\usb\LICENSE","1061","9BC0713C266489E7691CEB08CC173D1D99B794E3A2684FF1D82FACB05D129D24"
"node_modules\usb\package.json","2211","98520DE6A398B59350E5C4DA3DD84AE309C51F6BE670A3F8B2A50C820BB50ED3"
"node_modules\usb\README.md","20510","1688ED616D7F15D275FCB70193DC923492D586F0C3A76BE15DA1D5F4DD179655"
"node_modules\usb\dist\index.d.ts","936","3A67D42F063D69CE62FB58A7F64863A9A06810426840F71832BC72BA746E87EF"
"node_modules\usb\dist\index.js","3710","9DF73898111F24B045B3537341F2253AED08B80A29B24F796E59DD55177C34ED"
"node_modules\usb\dist\index.js.map","1583","F2CC3B809A4FB87DFBB2C0518C1E109B77AFBF2904236EC2ED2474F732FB112C"
"node_modules\usb\dist\usb\bindings.d.ts","12810","3ACF0939AA7FC29FF954258394DFBA9A273557433D1FAF2F8FBCF3946D95CE5F"
"node_modules\usb\dist\usb\bindings.js","476","F37A0D89A10A9789B4B1961C3DEFE48AE05D759D2FAB2B83D934929CE5B22490"
"node_modules\usb\dist\usb\bindings.js.map","349","176F1CFF5B1AEA586E7473085D487D49FCF63BE7AF8EDFBF96EB87D18EA662B8"
"node_modules\usb\dist\usb\capability.d.ts","480","38588BAB59B88B365272B1CB1359F9D4A4AED8984A2DA09C8C49DCEE6F3E6E61"
"node_modules\usb\dist\usb\capability.js","574","81F8533E05CE49F405258DDE11C3C1DD7C23CB18632B4793610D861E5C6B5C1C"
"node_modules\usb\dist\usb\capability.js.map","534","82038C974922CDB54C779E93897E34AB3578583DFED84D1BAC1AB8058BC5911E"
"node_modules\usb\dist\usb\descriptors.d.ts","5263","C71E805E1169E53D8310C4DE2574991EE3A504DFFA98D95684298C43A90787C5"
"node_modules\usb\dist\usb\descriptors.js","116","22D661890C311F9A9FDFA8893548D1AB6583579F861406BA91E41971D7B8BE63"
"node_modules\usb\dist\usb\descriptors.js.map","121","2D965FE88DBEF4396DCDD2594D0D0228C7C6F0E5FB2C714387541BFE6C06EF63"
"node_modules\usb\dist\usb\device.d.ts","4184","EBC697D8954533847922141B918921F5BD1DB2B5B2C73FEB381BA04B8CC02BBC"
"node_modules\usb\dist\usb\device.js","11042","33FE3777C31DC6D2F184DC70499D27D11B6E238BCE765E5591690ECCF2F28840"
"node_modules\usb\dist\usb\device.js.map","7972","C0EDE4A603418BF6913C6281C070A62C675D899C1292C5A1752A4BEF9C16C88C"
"node_modules\usb\dist\usb\endpoint.d.ts","4793","D8A160954E0389C7087054E49414C765300838D0B2297CCE3D1F3FC1C2065917"
"node_modules\usb\dist\usb\endpoint.js","8196","9E6877CF8A6D410BA7822D6DC5A9C3AB2D0141BCE856A8A039E5CB06E34EB75D"
"node_modules\usb\dist\usb\endpoint.js.map","5817","6552DD1982F7B353FAE9875675860CFC874E0DAAD26589792D41E48AE9531811"
"node_modules\usb\dist\usb\index.d.ts","49","295FD12EAAA4E83FDAD9BE7F2A01DAF91EB849B08ACB041030CBB5BFE5A3BBB5"
"node_modules\usb\dist\usb\index.js","3108","A0220DCC3EB7D8F4D765E1FEA288283DF6044CBBAE6B1BF3ADA6678347C0D4B0"
"node_modules\usb\dist\usb\index.js.map","2987","9BF65189D8B88066DB3B96D2DF3E7405ECCD9CE94C719EF6C31B26F09B2769B1"
"node_modules\usb\dist\usb\interface.d.ts","3109","F36CE22E6DD05B1B4292A12DAC78CE8D481D23F6B7F125E2818DE33E0FB1408B"
"node_modules\usb\dist\usb\interface.js","4336","73A930039864940EA65EFC3B317F420DE0E51FA5487495D75D03AF9B85E258EE"
"node_modules\usb\dist\usb\interface.js.map","3290","C0B745F915AF735B46A23A37E10FC76E55D7B4EF6E4605C587AC2781AD76AC5B"
"node_modules\usb\dist\webusb\index.d.ts","2371","99553775F8614D1DF1090F8A475D3713ECAC1BA27400AD0398D5B30316D076F6"
"node_modules\usb\dist\webusb\index.js","11811","275A4C5D39651E54D8F3A2886094A9C3822AE246A4844BD2BF8F4E9E21C0A1D8"
"node_modules\usb\dist\webusb\index.js.map","8998","3581F4BCAFD71F40121D711962148902FE6E9AC401FD3B3223DE0AB7058A419C"
"node_modules\usb\dist\webusb\webusb-device.d.ts","2486","6ADFCBE39400B8B3493B8F290FC783C32C86C01AD143AEE1F7B73105ACA08AA9"
"node_modules\usb\dist\webusb\webusb-device.js","17459","15BD03154B31687644E5961F0A2459BD63DBEB08295D4DBA9D9482F5B8AB8884"
"node_modules\usb\dist\webusb\webusb-device.js.map","14677","4C3642D073538880DFEA7FB67610CD700715B96D704BC60A54AEAB7F92650DCD"
"node_modules\usb\libusb\.clang-tidy","1052","86351E1BD197EB2EC19400C3F581C8DB7F1D03A2810F57221263ACE4E023DF06"
"node_modules\usb\libusb\.codespellrc","77","878265358E2B721CC03237A8D923A1B3D2F71137270F43843FEBBFAEC8AE18AC"
"node_modules\usb\libusb\.travis.yml","1407","338174DE39F8C0BE381A48AA81526B6C4307D30C3C1F816D1366238CB80BCD1C"
"node_modules\usb\libusb\appveyor.yml","3712","D888C675E3A04F4EACFA6DFD6583E82ABF09A2496D42E88446F2675EC48C498A"
"node_modules\usb\libusb\AUTHORS","4015","27FD82B016838197D5276BA98D2187ED5A1AD0E171767322F356F0A9F6395941"
"node_modules\usb\libusb\autogen.sh","181","14E2BA5C35C121AF1A656212108772212DFE559884CAB61F56BA51FFB2C91FB8"
"node_modules\usb\libusb\bootstrap.sh","99","F59054BE266CFE2D4A1E34DFABBFB00667B4E2802FA782017A73D7ABA0CE7457"
"node_modules\usb\libusb\ChangeLog","16579","ECEE0210A149D40E4B9B1E46FD2A19672A5B3FB52CF6C40956AA5DBE4DA57538"
"node_modules\usb\libusb\configure.ac","17079","0AC890C75715A3A69D9599FD7FC4EE9C00AED5BE990F957D40F95BE5FD11FB91"
"node_modules\usb\libusb\COPYING","26436","5DF07007198989C622F5D41DE8D703E7BEF3D0E79D62E24332EE739A452AF62A"
"node_modules\usb\libusb\HACKING","1092","9BC10B86DD2C57F7911976883DBC7A56CFA9B07824D484B0349F88060C91B846"
"node_modules\usb\libusb\INSTALL_WIN.txt","1972","E29BEA9F16236A36FEE68BB35CACD4D06BE68DA214BF866678E9E9EEDCC0F449"
"node_modules\usb\libusb\KEYS","7048","52B20B8F44C0912FDBD0C7F53C14629B9B72834118DD52ECFF3FEC671BA50FF3"
"node_modules\usb\libusb\libusb-1.0.pc.in","312","57D8B0CB3A642E2BBCECBC26BD555F864EB1D9390C01D0CB355D4FA5D2B2C4AB"
"node_modules\usb\libusb\Makefile.am","1445","4A83B8ADA68F1286218CF504315375AB3F0DD5729026105950A08892E2B7A1C2"
"node_modules\usb\libusb\NEWS","94","1862F9DA2249F8C968871A183E23595E1D4FB68292A18138A55C55284CB9FD1B"
"node_modules\usb\libusb\PORTING","3847","8694A98E162C91968B6CF454DC82E9B1BF258624F015D514363738FFDFE8BDEE"
"node_modules\usb\libusb\README","895","1D3DC1C6BE134B121B0697AD7190F8C20911D509F2DFEF69F72484C95B8A2B87"
"node_modules\usb\libusb\README.git","1854","E26CEB83703B2776E2F8BDD5FFB37F27A42CC1AC64C1E885E28574815C7ECAE9"
"node_modules\usb\libusb\TODO","126","8D18BFA63ECA7F544E8596406C089199E331FE3C0B8308EC68F5D8B7283D5CB4"
"node_modules\usb\libusb\.private\appveyor_build.sh","626","F36EE9C98C5171CDCCA29998EDB59DB15C2B04BCC3B3506ED87EA3AD81C1B391"
"node_modules\usb\libusb\.private\bm.sh","1370","3B712B887CB3F08B407A9BA1D5F9C8BA5FAE4B6557FA47B84895ACC270830E9B"
"node_modules\usb\libusb\.private\ci-build.sh","1579","0A604B53AB8BF0CA81FF13E6204AB113934DC410E79B30CD496507DAE0F42A54"
"node_modules\usb\libusb\.private\ci-container-build.sh","1386","170C791A2CC037BB008C4F3F4E3D8E46BF5220843D8982CD743C9242A1138C5F"
"node_modules\usb\libusb\.private\post-rewrite.sh","927","AD9CDB664C7C4EBC0B50933D3152CC8050F9F2549D27026E05A401D75C5AF999"
"node_modules\usb\libusb\.private\pre-commit.sh","1943","5DAA7BB56AAED16179F64D5370173A497AA06D2A03FAE7CD34252A74FA1CDDD8"
"node_modules\usb\libusb\.private\README.txt","197","FF09CF918177509479792E32C68CF65168F530330C81DE2CF562AC99876EB878"
"node_modules\usb\libusb\.private\wbs.txt","2503","BC5792EFD750591A89CE1CF3C0BADEDA319F5A8C1D5E025E04C4C5CF39C74CDC"
"node_modules\usb\libusb\android\config.h","1961","3ECAF0BF1970B4FF2E67E60CB604529666800785038F3630D102FFF927D9CA46"
"node_modules\usb\libusb\android\README","4804","0BDD9A4EFB556105693121AA9BD57D9C63EB5FC4E2A64FB8164B4FA69744990E"
"node_modules\usb\libusb\android\examples\unrooted_android.c","11118","EDA3792A2AABD5F1210A82EDC247BDA281F45F9E5225495536DD99F1EF41ED5A"
"node_modules\usb\libusb\android\examples\unrooted_android.h","1120","6C22044AC4233ECF8BB12B1425688C8E71EE216FB61C2A18E7AB065AD710DEF8"
"node_modules\usb\libusb\android\jni\Android.mk","974","2419FBE06B654A0AD0283C2A6639B2B3502BF48B584F0FD3E31F4B8A159A2B93"
"node_modules\usb\libusb\android\jni\Application.mk","1330","B07B54E7D193D57E02AE25DB71D9333026F13BAFB9E473081F9BD7AE0EC4FEAA"
"node_modules\usb\libusb\android\jni\examples.mk","3257","D0A50679BCCCF42B0D8944F69A8FEFD45CB732DB2AFACDC6808EBAD38DFCA33B"
"node_modules\usb\libusb\android\jni\libusb.mk","1996","EA80ADA1EC9D777BD8FF0139EB787DC048EB7A9BBD18BF881CE1DC9AC54D5BBE"
"node_modules\usb\libusb\android\jni\tests.mk","1310","1E8D22CAE1ECB95D6DE7D8DD67777CBA0EF405529C52E480F5315E9274755AA0"
"node_modules\usb\libusb\doc\doxygen.cfg.in","113076","08352919B75C48498C73EFA09A05BBE2C8A6E5FCD5B888686CB73B03CE2EB2B2"
"node_modules\usb\libusb\doc\libusb.png","2923","3577FB526494F2E86024B34C90F3B0C87C4BE32FD0F5571BBADA06614A298DB8"
"node_modules\usb\libusb\doc\Makefile.in","663","74FC04E53988D8976F0C6C8CFFFABE4C7A46FDFEDEDB57799DF481D64BE77D3B"
"node_modules\usb\libusb\examples\dpfp.c","15156","FCD32A4809BA3D830B4C76CA329C11902BEBA530DE521A6CD9CC61A440EEF05C"
"node_modules\usb\libusb\examples\ezusb.c","23858","3B1B69EE07170B3586C84DC96727F338416CADD4285BB9B326C9AD84773F8A06"
"node_modules\usb\libusb\examples\ezusb.h","4138","2D0E597BB7A0CAC0E8108D08227945914F931F164A459359E2F4F8551F3BD090"
"node_modules\usb\libusb\examples\fxload.c","9443","E74A2DD98407875A96D8410A5B03B51DBA3B4C9310A272AF9D9939181056C785"
"node_modules\usb\libusb\examples\hotplugtest.c","4397","CF32F1FD2B140AD6F94B9B2617027BCDE4A0BDE8C4780A94F0B4614289365F32"
"node_modules\usb\libusb\examples\listdevs.c","2930","A8BFF92D197DFF2E2CF70D714EF8D63EC98DB958D2C87C3602635F63EF042421"
"node_modules\usb\libusb\examples\Makefile.am","404","328180A4F14C0CF69A88C5F0322E22537C8777D277D995C947ABA1F193BAEC3C"
"node_modules\usb\libusb\examples\sam3u_benchmark.c","5974","C443E82CEF8F74A8B8276548E0D44B3ACC4FE484E08DA755B8E83CE498AD47D6"
"node_modules\usb\libusb\examples\testlibusb.c","9563","17DC4540F512D114B8E5BAB8A3980CF0BF4F16C390203EF7B54D51241E996808"
"node_modules\usb\libusb\examples\xusb.c","43638","3354BFA7BFF793480A538218E5AC7BB87BD8B7F179D130C97012715D9B90A67B"
"node_modules\usb\libusb\libusb\core.c","108326","33DB091FDF75B690F9C5DAF65CA8E3124978E897C2824D97FBC97567AFEA1D7B"
"node_modules\usb\libusb\libusb\descriptor.c","55764","4E80077F28A033BA07BEFCEAC0347A64EA0E23C34C93B96CFAF8B188D69E401D"
"node_modules\usb\libusb\libusb\hotplug.c","15858","7CF1E723DBAE5427DD93FE8419D8EFA3F3502D6DEF30A763B8C210E9780529FB"
"node_modules\usb\libusb\libusb\io.c","112226","C83A9E14B9FF8B9566E42D23D1E90C919E223FD1E04721C5CA1A3AFF13239A3D"
"node_modules\usb\libusb\libusb\libusb-1.0.def","9372","4A07F2EA772F7F8BB3E117AA2C2141A79F1021AFB4039BE7588C1551FE9AF66E"
"node_modules\usb\libusb\libusb\libusb-1.0.rc","1589","CA4851B3CA88161D9576BB2685588239CDAA4BA694013D50DA6B8F5A602A18AB"
"node_modules\usb\libusb\libusb\libusb.h","87738","A61260AB145B051B86DF2B0575956F01810190ABE2C7DF6ACA831C33BDC8082C"
"node_modules\usb\libusb\libusb\libusbi.h","54908","CC234F9532988E492459B877CFD2E5E90704555A2A0A5310EE4ADD39627C7ED9"
"node_modules\usb\libusb\libusb\Makefile.am","2589","9FD9D63C9ECC678F3C4DE2B40365ED5B79CCE790184658C678335826466DAD3D"
"node_modules\usb\libusb\libusb\Makefile.am.extra","754","CE1DA989A10A415739061FD4B9EAA3FF98F82CCA59C27200800D9029FF697F34"
"node_modules\usb\libusb\libusb\strerror.c","8559","17EE9B6CF5B07B39ADCE9806339799A5085FDE8C5F17ED86AF324B856CA7D1EC"
"node_modules\usb\libusb\libusb\sync.c","13110","3BF6E788084956A3226933580F2CB2957C2DE9E0A2EBEEEC1A26E6C7529BFA68"
"node_modules\usb\libusb\libusb\version_nano.h","26","243DA8AD18F946E4EE896B296AC56834BF6B50C6211AF1B62603483B60F58D50"
"node_modules\usb\libusb\libusb\version.h","431","8EF05DE838404213F63F3A27A073AEE0E2BC072DC4415734772E756D34DEF7F8"
"node_modules\usb\libusb\libusb\os\darwin_usb.c","113765","290B9913EBA18E0F9F9FA0DE75C59BEC0DAA4CCD02740A96FD8479D20DA06557"
"node_modules\usb\libusb\libusb\os\darwin_usb.h","4754","FD26CCFDBF5FE02DC6F977E07E57A7CB3897BF9C88D19E60CC06F2B1FB12FCC1"
"node_modules\usb\libusb\libusb\os\emscripten_webusb.cpp","28652","DD8F91BBC3E1C75974C27A27FA2C162C285E3E3F5EF1A3C64018564656E758DD"
"node_modules\usb\libusb\libusb\os\events_posix.c","9187","AABDDCC6CA86FABA726CA87862EEF9FC5D3B3168FAEF99C5BE22827AC5B66EC0"
"node_modules\usb\libusb\libusb\os\events_posix.h","1770","F93E407EDDC235375AACE26FD17065E297CD963E60602002A6C100214A300B1B"
"node_modules\usb\libusb\libusb\os\events_windows.c","6734","726BDAEABB280C83681B88848D9A1526F73D3CD5F30B1AAF43DBD303E865148A"
"node_modules\usb\libusb\libusb\os\events_windows.h","1474","0690B9E46D32C02A9DA65669128CABFA67F61DC6C234331C527A8EDA4C98A1EA"
"node_modules\usb\libusb\libusb\os\haiku_pollfs.cpp","7512","4A9C603E1C44A00B6887720D88E5D71B08CC133954CEF867243188829F7971CD"
"node_modules\usb\libusb\libusb\os\haiku_usb_backend.cpp","16155","FD10F1989F53002423FBAB8041C6A20C5942F268F26EA80933A21A3D020F473D"
"node_modules\usb\libusb\libusb\os\haiku_usb_raw.cpp","7350","EBAEE896CC0D2F0E196186811A6E42C27F8938B1FE4541A6ACBA40C715D0D537"
"node_modules\usb\libusb\libusb\os\haiku_usb_raw.h","3892","32C14B81A85481A983C6954E7D7FDD2AC0A4C67A4AF23400B7AF16AFC5975AA3"
"node_modules\usb\libusb\libusb\os\haiku_usb.h","3273","7B843867F3C5666A999326CA417B4AD2207114FCC593FC988D7706691AEA8FB9"
"node_modules\usb\libusb\libusb\os\linux_netlink.c","10377","6AD9B928501AD36DD9FFFDBE713A9CDD9D4533B8324190BD060001528D8374F0"
"node_modules\usb\libusb\libusb\os\linux_udev.c","8543","0CA06CCB2341F008D09465B4142154A93240ABD946D3298B4CED6C2EA9248115"
"node_modules\usb\libusb\libusb\os\linux_usbfs.c","81273","AC4401CEC575CC2F12B71377CCED5E5943E72366EEDEFFBE42E951134B26BD54"
"node_modules\usb\libusb\libusb\os\linux_usbfs.h","6900","A5DEB9F3D62C1EC8FDEB9FA95717CB9D0717FDF1758AA2DAD629E82906A3738E"
"node_modules\usb\libusb\libusb\os\netbsd_usb.c","15715","08CCCA22489F1E102FACA1AC934F23C347FBA92A6B743796893950697F01115D"
"node_modules\usb\libusb\libusb\os\null_usb.c","2885","B41E75A6948803C3914E2B2012771CE75F2AE3AEFE098A3C7C58C0C5E5A2C461"
"node_modules\usb\libusb\libusb\os\openbsd_usb.c","17452","1F084B5E83005A2C6942AE6EC6AB78CCCD3A4EB5A63C778FF8ADC5A155BF4B93"
"node_modules\usb\libusb\libusb\os\sunos_usb.c","44048","5A00462399B83501BA167DC49DA622E903DF28815FCFE2BD9C0704FE121A18C1"
"node_modules\usb\libusb\libusb\os\sunos_usb.h","2175","F1D312D8BA96AF02A9688608B24D4ABBDCC7C46F189CC700530179D5D5D68851"
"node_modules\usb\libusb\libusb\os\threads_posix.c","3319","779DAA724575CD82C607563C9FE396B53D6F20C6A512444661E29AC30B82210A"
"node_modules\usb\libusb\libusb\os\threads_posix.h","3145","A85FBF402195885A8B0484B881B27AD56E22059655E86CF101D67B40FE1FF261"
"node_modules\usb\libusb\libusb\os\threads_windows.c","1376","33C5124B46509E59393BBC6DA0F090325737A9666AE147D0776225C5B29C209B"
"node_modules\usb\libusb\libusb\os\threads_windows.h","3211","6BBF1B429A5ABEF2705E0C7ECB15DAEEA5E623F8DCB3312FC06E52A77A5E3A26"
"node_modules\usb\libusb\libusb\os\windows_common.c","32304","B1C26832C25D71BCA4A50668F08A3728B26C6E2D398DF4D5AFFB0DA063B33E0F"
"node_modules\usb\libusb\libusb\os\windows_common.h","15637","01164AC769E7C90E5BFE0991CF40E0577B80EBD35ED73486994E6F8630FE052B"
"node_modules\usb\libusb\libusb\os\windows_hotplug.c","8874","28A145EE5EC8A08DC50A258EFE2CD4701FBE27FBD1B2A44CE3F3B71A9A31E46B"
"node_modules\usb\libusb\libusb\os\windows_hotplug.h","1053","680936C93320A4C0BCE4E344A621BADE1133C8E13229AC2DA48902717B54844E"
"node_modules\usb\libusb\libusb\os\windows_usbdk.c","23979","D3BDDDB19B2A7A23DCD9C30C4ABF6629F3CF7AA9E63D35BC3E92F5774E3FFF90"
"node_modules\usb\libusb\libusb\os\windows_usbdk.h","2820","C31CD4BC3A7D11A08D2D377D29617222E0705DDD6EBFF2851F5C936767F9F61A"
"node_modules\usb\libusb\libusb\os\windows_winusb.c","200765","1F6D600A0C579D2D7B13A86997E8FBE3EF47F2A5B0F014842E2143A4714F82FC"
"node_modules\usb\libusb\libusb\os\windows_winusb.h","24495","6D575E59083BBE0EBB585E35A2210C8EE65D7942786CF04028DCAB68B17AA85C"
"node_modules\usb\libusb\msvc\Base.props","3027","CF766C4E86DED3CEACC12C16F55A04567435B141EBC1608FD1383CE6B31053F6"
"node_modules\usb\libusb\msvc\build_all.ps1","706","0D806172B88DF5B57E921F45E8D91E50ECA4E207AF2A8E693353288A77466E01"
"node_modules\usb\libusb\msvc\config.h","2116","F529CF828F272763DF2C5E61DC5D5F449D8248576915072F2EE47C9F8A07F46D"
"node_modules\usb\libusb\msvc\Configuration.Application.props","287","13472ACAAD7ABE373330B669CFB5DFFAD7410470FF82E5B8F2B5EAC4C068CE47"
"node_modules\usb\libusb\msvc\Configuration.Base.props","2925","78EDA7774CCBE21C1F9C890CE32227C4E8E54586FDBD3A82009D3974EB91F557"
"node_modules\usb\libusb\msvc\Configuration.DynamicLibrary.props","1439","6409CF0BDB1C9AA92B50DCB56E481B027851017D31B24DE59C8BF80B53A38770"
"node_modules\usb\libusb\msvc\Configuration.StaticLibrary.props","289","9961463E0C83308A285D680E4C7F4BE6D85B137FC7BFE84DF58F404AE19A3823"
"node_modules\usb\libusb\msvc\dpfp_threaded.vcxproj","1659","C549D4401EFFD6EEF5A51A9A35D39FB42E914B80EDFC88342B13F54A1B117E27"
"node_modules\usb\libusb\msvc\dpfp.vcxproj","1474","35927B20210F1F7465EA2EDADC2165AABEE6504B6C2E66956E862BABF80B1663"
"node_modules\usb\libusb\msvc\fxload.vcxproj","2125","38A27C1876071BA3F14EE1828915CB7C80E4A66F339CAACE156E5C1F52CBB25F"
"node_modules\usb\libusb\msvc\getopt.vcxproj","1955","064C0F47AA91FDF287E2AD25C6F4E3412F24CE81CB9D9062BCDF6CF4228AD30C"
"node_modules\usb\libusb\msvc\hotplugtest.vcxproj","1444","8FD9634500360C2EF26B40DA87F0963A3D34F041E75DEAA88F5B47540F709AED"
"node_modules\usb\libusb\msvc\init_context.vcxproj","1587","C682626438DC0F5FC6B790E5FCB51B058B62BB90591D7040BB7F3911ED8FE3C6"
"node_modules\usb\libusb\msvc\libusb_dll.vcxproj","2978","0B140EBB84C70EA271F182A7CDDD6A582F06209EEEB04293B70DB676BBA162C0"
"node_modules\usb\libusb\msvc\libusb_static.vcxproj","2552","41B8AFB72B42649F4778FA086EA7A63504817497A7F45C253176081A4788900F"
"node_modules\usb\libusb\msvc\libusb.sln","67403","D89534E7528F2871C72D995C2D75D8959C016AB81794950B4675F7E748DB7E69"
"node_modules\usb\libusb\msvc\listdevs.vcxproj","1441","5829569BC480582B8CFE8A856CE242C26C82AF39E00E2C2B2339D3A34054FE0A"
"node_modules\usb\libusb\msvc\ProjectConfigurations.Base.props","5362","C33F8E7883FDF1DC258B3CAFD2782210170E7A94D22C126779F38365C39B3069"
"node_modules\usb\libusb\msvc\sam3u_benchmark.vcxproj","1488","C092B7E452B12A8F5AAD545C8A5B4A438E43CEA509A2EC672DD684A9B6315913"
"node_modules\usb\libusb\msvc\set_option.vcxproj","1583","349E1C6DBB7453B5F686E79BF9CFBAB7EB5CDED14ABB1043812EBCEF46E3615C"
"node_modules\usb\libusb\msvc\stress_mt.vcxproj","1479","2602C4466EEE4DBA192CCE63DE2BA625BCD5DEF770689E98EE1C93CC21ED4A4A"
"node_modules\usb\libusb\msvc\stress.vcxproj","1579","8630611FCD468A730BC1728EC49EEB3E3D6626D57374DBDB5770E3FD0A89D9D9"
"node_modules\usb\libusb\msvc\testlibusb.vcxproj","1443","0DB63A651819BBE9ADA7B391429F914841F21586426D1EE3CDE74B65ED4FBE3C"
"node_modules\usb\libusb\msvc\xusb.vcxproj","1715","6DD6752CD658C33489610660E740054A2F9499F0DF81CD16E9DF0BC2F9835C5B"
"node_modules\usb\libusb\msvc\getopt\features.h","365","8BB9468FBB84A43EA28FA43BE39865BFBB195DB25CAF95F5779D6FCB9C10F5D6"
"node_modules\usb\libusb\msvc\getopt\getopt_int.h","4169","8E112A94FDF937F02C8C7A4EBFB3263B6CD63174E403BDA2CA497EFAB3A5D4D9"
"node_modules\usb\libusb\msvc\getopt\getopt.c","24142","C10C35D68E34FFAB95265898F83D5F37C8280C2EE92360568CD318E0F1D7A0A5"
"node_modules\usb\libusb\msvc\getopt\getopt.h","1469","E1EBC0607CEEB5EAE2EFF2A413528D8AC3AA4DE33E19D9C9571BEB3143D90C3D"
"node_modules\usb\libusb\msvc\getopt\getopt1.c","3822","3135B9E7B001142F6276734200703FE8DF595CB8C2510B547550BE9BA29363C3"
"node_modules\usb\libusb\msvc\getopt\gettext.h","161","FB60C648D091044EBB158FD16F65477FDA4FD168B0395B27DBDDAF8423770245"
"node_modules\usb\libusb\msvc\getopt\unistd.h","127","EE245DCFF04AA7803F7103E4B80F1B6517D1D959484CB06FC71FE3DD1490A0FF"
"node_modules\usb\libusb\msvc\getopt\bits\getopt_core.h","3667","238FF9F16662D515D6B191662965BB27E208B04DC929D04A69399DE41BCD7D45"
"node_modules\usb\libusb\msvc\getopt\bits\getopt_ext.h","3038","100D4684D2BCE41B0921E2DD10999548911C6B4797B875AF51BB50F09F7DEFF7"
"node_modules\usb\libusb\tests\init_context.c","5311","8331E6F24B52787C58129FDA719F2A854A65761C72987B085BB10C4D1220AA94"
"node_modules\usb\libusb\tests\libusb_testlib.h","2414","06D07F6C52DC1E6006AA9BA55A7E1C6A2F48ECEE96DAB540E1ED8880407599E2"
"node_modules\usb\libusb\tests\macos.c","5191","C4AED8DE151D9319CE88BFB9E4E4F882D592E062DF05D7A203C63D6C02B0604B"
"node_modules\usb\libusb\tests\Makefile.am","1635","59B7B8C691D4D26129DFC771DD85881D5C861EB8A63E6D6F1467C4F0A28EDB82"
"node_modules\usb\libusb\tests\set_option.c","9560","6D31A50A1FAEB5BA3E4C3B865208881B02AAB40BF26B7DB041A39D235111C7F5"
"node_modules\usb\libusb\tests\stress_mt.c","7667","C54D51FC6BC1BBD0F0137A759430A730DBB28465BB835A5BC22184C9B34D3BA6"
"node_modules\usb\libusb\tests\stress.c","4895","07DCF49BBF4AF0C3D9CD8EC208FF89E2DC8A6E056C56B029F28CB0269899A082"
"node_modules\usb\libusb\tests\testlib.c","4736","09D15F9D39F6E20D5CF7CE71C4FF54DB552BE843D024A08AEF233161C47C8166"
"node_modules\usb\libusb\tests\umockdev.c","36207","B5E2C015444597A5B44D3382A83F911F3CE703F3B0EFE1D7A1590CA3B826AAE5"
"node_modules\usb\libusb\tests\fuzz\fuzz_bos_descriptor.c","1915","3A541FC3CE1DE6F44AF18C409078EE65F325099220DB8FF4E5D7FF62C7F1E5B5"
"node_modules\usb\libusb\tests\fuzz\fuzz_descriptor_parsers.c","3121","6D8BD154CCBF404AD8944F9E1AA91A2536640CAE84552BC2B54BEB5FB1935F0A"
"node_modules\usb\libusb\tests\fuzz\corpus\bos\min.bos","5","14365EEEE7BFE0DB8CEFE20BF5878E565F44DA37B1FE60FA8F03BCCAC3D4F5EE"
"node_modules\usb\libusb\tests\fuzz\corpus\descriptor_parsers\min_valid_config.bin","25","C310BAB0B0CF9A52D973CC0A5DBDCED10AEC802B16191D9BC5161147A25B90B7"
"node_modules\usb\libusb\tests\fuzz\corpus\descriptor_parsers\regression_bug_a_endpoint_null.bin","20","98359189456543152A96ACBC1208958C4F8AEAE7B3BDEFD18D18FE8EECBF19AF"
"node_modules\usb\libusb\tests\fuzz\corpus\descriptor_parsers\regression_bug_b_iad_oob.bin","9","35DA434121859322271C87BA3E5216061886C62B7E153D1D1FE4878C92847847"
"node_modules\usb\libusb\tests\webusb-test-shim\index.js","462","9D5B97C409EB7F60F2D5674E1CD46685E2744A9B489EDF56077E4B6A2BD62A96"
"node_modules\usb\libusb\tests\webusb-test-shim\package-lock.json","1773","F2E8A0C8D0FF35104A315611D6DF43F4F655784E9BB5760619DE38552698D704"
"node_modules\usb\libusb\tests\webusb-test-shim\package.json","198","243E066024C607EE6262DAEEF636BC051390953EAF7D986B2B36A7461ADA96AD"
"node_modules\usb\libusb\Xcode\common.xcconfig","3664","8334AE188755935C6A40A3BC10F71115F634B55616D9A985E85C52164955A1FD"
"node_modules\usb\libusb\Xcode\config.h","964","9F85C6731D25026A76BA3B2B8114A40D372A6163CAA26E3CB5E1DED10C8FA071"
"node_modules\usb\libusb\Xcode\debug.xcconfig","1175","B7DFBB6E7865CECDABFE6B1DD5BEA1C6CB9ACB623250FE6027010053704E3B4D"
"node_modules\usb\libusb\Xcode\libusb_debug.xcconfig","943","414E47B2DFE1CAD0845CA7FFA12888ED8FB726D6956EA4D629E0B22F7E714318"
"node_modules\usb\libusb\Xcode\libusb_release.xcconfig","945","D6615C5F586B28D92199FFD61FF9593CADEAD3AD1C55C522B58FA9BD31EDADB0"
"node_modules\usb\libusb\Xcode\libusb.xcconfig","968","BABA789599F09D9E8671E5D0D23D8C6A4FBF269BB2DA2AB4C47B19F3D0E97E50"
"node_modules\usb\libusb\Xcode\release.xcconfig","1179","B2E3E0AC62CECC44E61DC92AED17E652AEFB9810A592C48EABC50484824B2D19"
"node_modules\usb\libusb\Xcode\libusb.xcodeproj\project.pbxproj","68132","78B3A1ACE4F2B2B4AE9B82C96B6A1CEC92C315079904AF411343D7D72C0AA63F"
"node_modules\usb\libusb_config\config.h","33","4632C992171205858EA62D5367A65E306EEB459B1871B42E6B2B8C2B2E2DC139"
"node_modules\usb\prebuilds\android-arm\node.napi.armv7.node","269076","4706CE39167E4E2332F5F0C13E69521866F151A6C9729D0227A5662607755D83"
"node_modules\usb\prebuilds\android-arm64\node.napi.armv8.node","302160","51C70C3FB42D03C45E552E17801D73CDC97E26FC5AF5D2174F3021B653356CD2"
"node_modules\usb\prebuilds\darwin-x64+arm64\node.napi.node","571904","616509792B036BF1DE8594752782BAC76684048210A49EBE941E136D14FE99DE"
"node_modules\usb\prebuilds\linux-arm\node.napi.armv6.node","249016","92251FC4F90D7984E3C4F95B345C42D370301BEF6AA09857FDD836828D67BF6D"
"node_modules\usb\prebuilds\linux-arm\node.napi.armv7.node","249024","F8BF975F023373BA20B1720F699243DBF51CD8905E2D4EEFE06EA6C0EC5A3C1E"
"node_modules\usb\prebuilds\linux-arm64\node.napi.armv8.node","283352","8203B7C04F8124F9CC8FA89F28322344F887E5037BCBFD2BA838EE5F098D3502"
"node_modules\usb\prebuilds\linux-ia32\node.napi.node","333328","59163E9A8F15EF1C747CEE8EE9B5EAF554E2665CB4E781BFCA588DE8FDCB234F"
"node_modules\usb\prebuilds\linux-x64\node.napi.glibc.node","295680","6D49C433987F394E33AF181BEC4C1F921C9B71964CEF0366B037F1668746BD96"
"node_modules\usb\prebuilds\linux-x64\node.napi.musl.node","293136","2F03BD348F991D250A911FB65CCA5225D37353FA3C7785AAB1FDAAD1C92FAE4B"
"node_modules\usb\prebuilds\win32-arm64\node.napi.node","722944","6448E3AA0BBE6B7FE6EF7DF256E25BBE21983F42C25B9DFE6EDB66439A92E579"
"node_modules\usb\prebuilds\win32-ia32\node.napi.node","560128","9CBED3AE21915D0E2452E7723F80367077B3C35FF54C436BCC256D44CEEB1FF7"
"node_modules\usb\prebuilds\win32-x64\node.napi.node","709120","0FDC907209AFF7EE8723DFA8B22714F67D542C78905050CDC847FDDE1A1D9115"
"node_modules\usb\src\device.cc","16023","F848450AA3D93C7F0346342CAD0ADC636161424781CC7CEE09BF632CC908F5AB"
"node_modules\usb\src\helpers.h","2554","F1AA6C296C5CEC85D45490F10052E2BA051DAB7A622CAE9E75987796031446A0"
"node_modules\usb\src\hotplug.cc","3245","590194CCAD82A66CFE591032FA7722ED0E7F68C6B146B706A62CCBC8CCE28F9A"
"node_modules\usb\src\hotplug.h","437","BC22946F72244608A8923252AD1DD430C19A73022B18BC727AAC7CB201118B1F"
"node_modules\usb\src\node_usb.cc","12288","4A41DA7AE6B34FE8E14DF2257C73BD56E1EED850F45F15341E45AA65951C28C5"
"node_modules\usb\src\node_usb.h","3823","4B1FCA3B82C17FEDC7D73ACA33574F8DE7F36922BFA43BB48EE58EB6D5B5426E"
"node_modules\usb\src\thread_name.cc","2641","B5AC54825110CB75135123FC2F914248DEACDCBB8DDF60ADE0E3012B835695AE"
"node_modules\usb\src\thread_name.h","458","8427C428456E827A305F3B6C274C9AF6F522C5BEF89490AEB1A3E30EB469230C"
"node_modules\usb\src\transfer.cc","4310","383A8E0EDD4046FBC3007C5C4EFDD16A0E9B025B3A554D6D4CEB378237EDB376"
"node_modules\usb\src\uv_async_queue.h","921","32817F6E6BC13C5346CCEEF8744E3212012422A693FD04B1B150A96E70A84802"
"node_modules\usb\test\usb.coffee","8997","37B6A14D125380A3617758232EA62A244F6F5450DA404521F5D2A8D35DFB3E6B"
"node_modules\usb\test\webusb.coffee","8044","FC96DD576713F42BEC1361D481002EE57ACC99CD506A5B570CAB5F3FDA575ECA"
"node_modules\usb\test\worker.cjs","423","A481E734CB0DC63FA0D7E61C2C2A8A38DF47928814F9DEC2405528FA29D52A40"
"node_modules\util-deprecate\browser.js","1614","ABAEF53EBCDC98F3655331F834986A2D11B6A824F58D670369669246D1B7B69B"
"node_modules\util-deprecate\History.md","282","AB183FF93D075137547F9D96938185F2CD4B29BA1F4E28B29E6FBD573255968D"
"node_modules\util-deprecate\LICENSE","1102","0154425673DB15CDFA80ECBA2C9B1F1A867F7197A006764712849BFC3A93CBB7"
"node_modules\util-deprecate\node.js","123","9A86A29FA34A99B861E707345FB1D1E2E55A6C23EDB8F992BED57CC607F42D8E"
"node_modules\util-deprecate\package.json","694","7BBA467F049074957E693FC06672848B040C38FA071B6EED8690F5FBE090A8B2"
"node_modules\util-deprecate\README.md","1666","D30A5ECA847BC6EDC7B9723884DEF8942A66F89D12A5735DC22D1EE1216FF2EA"
"node_modules\webidl-conversions\LICENSE.md","1323","A889CC4DBEE2AE172C179856B25D75B0B7A5A136E1B97109B9B590B2FF1A879C"
"node_modules\webidl-conversions\package.json","511","E26568C06B82596D754C7490FD568B4B3F970B3B97C55020D42F65990D0C86AF"
"node_modules\webidl-conversions\README.md","5480","FD9075B4186B3167C44B00EB92D95971B3D36ED6CF10ACE990AFCADF5F52F08A"
"node_modules\webidl-conversions\lib\index.js","5056","0B29621626C38DDDA2A8E20787C32D09DB10DD031EA743C5E270B59D46754A84"
"node_modules\whatwg-url\LICENSE.txt","1088","6B7A1792144374D84DC5ED3655B8BBE2754D06F4F1F64A9FB8B9DE2D6F448B85"
"node_modules\whatwg-url\package.json","886","05A015C4176246F051BBAA3A543ED82480A4A4D85360283E049F159BA014B008"
"node_modules\whatwg-url\README.md","5136","F60E4CB8275E281590D826DA8A1A3134367C5A8FA6C514D4440075F6B00A0B19"
"node_modules\whatwg-url\lib\public-api.js","625","0CBDA6401C6179C4FB2EF0CEBECCFB127485FEE6F0ED5C129A8A539D4CD29018"
"node_modules\whatwg-url\lib\URL-impl.js","3804","E60103FF74B8BFC4001F5C05EEA482F554DE610CB5FC4E7CCBFC5AEF9E443706"
"node_modules\whatwg-url\lib\url-state-machine.js","33573","E038DB71D8A2313D7D20AD6DD1116A2FCB34B41E39F7A2364C70FF1AFF548850"
"node_modules\whatwg-url\lib\URL.js","4212","3BD67335FC72B50924FA35523C2B0B73DCE9CB814F6BAE82644CCB1F22560706"
"node_modules\whatwg-url\lib\utils.js","562","96B941934B9050815F9397BC6796EA8611BFA00C5886587D81DA64A23841E3B9"
"node_modules\which\LICENSE","765","4EC3D4C66CD87F5C8D8AD911B10F99BF27CB00CDFCFF82621956E379186B016B"
"node_modules\which\package.json","1273","8CDE991FC4CCF0A6875C0CFBAB01826B093C4F36FC98CDADCF714AFFCD9543B5"
"node_modules\which\README.md","1378","6FB4ED7DCEEBCCB0E0EC1CF2AC83E1025D5CF9BB0B918BC65FF98C11B8F02777"
"node_modules\which\bin\which.js","960","7C37493FCAC8AF6526F51F4D83606A733CA7CA3C7B943D1E9239BB30346B019D"
"node_modules\which\lib\index.js","3129","D9D32D45A01826692A1A0C70D40C6182AA0405713166ECD4A3BD3DF68D3B90BF"
"node_modules\wide-align\align.js","1428","6D29D75E7E7BC9B9DDDF7111A024DB41410A0A7D36F90BF06E6BE77D1366C03E"
"node_modules\wide-align\LICENSE","752","0CEF05DFFF8B6AA7F35596984F5709F0D17C2582924A751EFA471A76DE7CDC11"
"node_modules\wide-align\package.json","736","433984D8AB6027EBF54DEA96093FB32A231FB0C4F16CC08445DA7D62A6D8837F"
"node_modules\wide-align\README.md","1551","A174CEE73952989254DEF47B09899284086559F28FEA58DF555828ADD7485F39"
"node_modules\wide-align\node_modules\ansi-regex\index.d.ts","744","A902326B04490DB2B99A85E58E0ACB14A437CA7E2231E9ADFB2FA91ACDCC365C"
"node_modules\wide-align\node_modules\ansi-regex\index.js","350","C92312790EB1F246B7C4C1FE9C1247B15441BBCA3C6CB64D167BEEFC45302753"
"node_modules\wide-align\node_modules\ansi-regex\license","1109","48DA2F39E100D4085767E94966B43F4FA95FF6A0698FBA57ED460914E35F94A0"
"node_modules\wide-align\node_modules\ansi-regex\package.json","841","8B2DC166F2B74D5098BAD38BDD3DD2F4D4775C626199872F5E36DBB48C40931D"
"node_modules\wide-align\node_modules\ansi-regex\readme.md","2565","3EBC0F845B1BAB50600F823716040FBEC355D3C356A3A76B8EB9EB593B6C7A3A"
"node_modules\wide-align\node_modules\emoji-regex\index.d.ts","427","69922C48A8F28317217455373EEDAF7303772D0C2370CD9B553F091E71F7D47B"
"node_modules\wide-align\node_modules\emoji-regex\index.js","10286","C56978800E47F095CFBFE96712B5E78D150D1F62E32BB4943675213FCE481EF0"
"node_modules\wide-align\node_modules\emoji-regex\LICENSE-MIT.txt","1077","483ACB265F182907D1CAF6CFF9C16C96F31325ED23792832CC5D8B12D5F88C8A"
"node_modules\wide-align\node_modules\emoji-regex\package.json","1278","7BEC29B9CA68F2C4BECC60E866C2F9342ECDC89FAB39841A818CCD9EDA15C148"
"node_modules\wide-align\node_modules\emoji-regex\README.md","2691","83FA2A1A5A1DD7318B99CB17C76927B775098D8FFF0D3136C00303E4A7D0B267"
"node_modules\wide-align\node_modules\emoji-regex\text.js","10287","4BAE97C68C68CC8C56FA873FCBCBAF6869DA926F3F38DDD9CB6CA22E8F60DA41"
"node_modules\wide-align\node_modules\emoji-regex\es2015\index.js","11104","8718DEA4D28647912918DBA60545890DC10AE672BFB186B6EC0AF3FC5E826137"
"node_modules\wide-align\node_modules\emoji-regex\es2015\text.js","11105","AAD6B3F580511FE1FD70AE4DDADFF4F4EC6BD5143F1A53B93C7E16EAF608D552"
"node_modules\wide-align\node_modules\string-width\index.d.ts","792","08F234E8871DACF59E1F194FD83C11D002D8D4D488F7BE138900755E3E637A24"
"node_modules\wide-align\node_modules\string-width\index.js","923","ED69EA4F757130E46DC48A0CC31BEB6257E61A31C70936D82B8A3F02FFD64DF5"
"node_modules\wide-align\node_modules\string-width\license","1109","48DA2F39E100D4085767E94966B43F4FA95FF6A0698FBA57ED460914E35F94A0"
"node_modules\wide-align\node_modules\string-width\package.json","941","6457A02418F004FE5D3FBBB19C7CBCC1450A8B887FF9A471DC6985AC83A48D36"
"node_modules\wide-align\node_modules\string-width\readme.md","1396","CD4AAF53CC7DF4210595512D1FDFCD78B671DA703A7E695673FCECC167EC66A3"
"node_modules\wide-align\node_modules\strip-ansi\index.d.ts","369","4B0F7F88FC46A672CB59EEB2782AF271C203600D602F57A717EF07F96092CAF8"
"node_modules\wide-align\node_modules\strip-ansi\index.js","154","BF37CD692BF030C2EC270945BC26AA8B19AD379FA5916F12304758F709AB0978"
"node_modules\wide-align\node_modules\strip-ansi\license","1109","48DA2F39E100D4085767E94966B43F4FA95FF6A0698FBA57ED460914E35F94A0"
"node_modules\wide-align\node_modules\strip-ansi\package.json","798","0130850B9DA0584F54CC20D3DAB6365C807E9436AC78E016D5009EFA99BD0530"
"node_modules\wide-align\node_modules\strip-ansi\readme.md","1599","CB384DB30337ECEC75919B4C69AAB67358B4F4E384406956687894B6D777413B"
"node_modules\wrap-ansi\index.d.ts","1268","DDFB580D6E180537EDF996E79FF5A160829C9753E3688ACCB40C1ABDBB9BA901"
"node_modules\wrap-ansi\index.js","5778","10361EC7E4678874114103E47CAA1C8EF1CFFC78E0EFCE5088E081A26FE6E977"
"node_modules\wrap-ansi\license","1117","5C932D88256B4AB958F64A856FA48E8BD1F55BC1D96B8149C65689E0C61789D3"
"node_modules\wrap-ansi\package.json","1148","609DD6AB176847E57E799DBA2E4C4AD355ABE463EC67A5AB0DCCEC08B67E6761"
"node_modules\wrap-ansi\readme.md","2466","6BCA92FC203076F244DEEED4A67BCAE353724BBEAD191F8C754F9F8F0BCB5E68"
"node_modules\wrap-ansi-cjs\index.js","5772","A958F56F7D15E97092BCB7CAD7ACC180245F212BC5EF12C6565D4679DC7FD383"
"node_modules\wrap-ansi-cjs\license","1117","5C932D88256B4AB958F64A856FA48E8BD1F55BC1D96B8149C65689E0C61789D3"
"node_modules\wrap-ansi-cjs\package.json","1014","0B0CF0BF62BD0CC71DA2128E3269E63EDD566FEFFDD501AA3692ACD6DB93C3C9"
"node_modules\wrap-ansi-cjs\readme.md","2745","C51EA359CDB90D1BF80558CC49AC41F8DED7A4A22C8EDED3EB86BCA4CCF7E4B4"
"node_modules\wrap-ansi-cjs\node_modules\ansi-regex\index.d.ts","744","A902326B04490DB2B99A85E58E0ACB14A437CA7E2231E9ADFB2FA91ACDCC365C"
"node_modules\wrap-ansi-cjs\node_modules\ansi-regex\index.js","350","C92312790EB1F246B7C4C1FE9C1247B15441BBCA3C6CB64D167BEEFC45302753"
"node_modules\wrap-ansi-cjs\node_modules\ansi-regex\license","1109","48DA2F39E100D4085767E94966B43F4FA95FF6A0698FBA57ED460914E35F94A0"
"node_modules\wrap-ansi-cjs\node_modules\ansi-regex\package.json","841","8B2DC166F2B74D5098BAD38BDD3DD2F4D4775C626199872F5E36DBB48C40931D"
"node_modules\wrap-ansi-cjs\node_modules\ansi-regex\readme.md","2565","3EBC0F845B1BAB50600F823716040FBEC355D3C356A3A76B8EB9EB593B6C7A3A"
"node_modules\wrap-ansi-cjs\node_modules\ansi-styles\index.d.ts","6349","6B5A49A699FFBCCCE553DEAD6C39D3B10A896F78869EF5507D30DFCDBF6F0977"
"node_modules\wrap-ansi-cjs\node_modules\ansi-styles\index.js","4139","D3F197D370760DDD8753C1355B4BDB585A787F1BAA92BB8ED217F170C138B594"
"node_modules\wrap-ansi-cjs\node_modules\ansi-styles\license","1109","48DA2F39E100D4085767E94966B43F4FA95FF6A0698FBA57ED460914E35F94A0"
"node_modules\wrap-ansi-cjs\node_modules\ansi-styles\package.json","1054","D405F010681D53F77691015E98461F8484B2AFE6A9EDFDD2DDB27B1E8A8E883D"
"node_modules\wrap-ansi-cjs\node_modules\ansi-styles\readme.md","4327","5331953CA5464EE026F09BD413DFE0949049CE9A8BF2B01AAD5C41B2712E66AC"
"node_modules\wrap-ansi-cjs\node_modules\emoji-regex\index.d.ts","427","69922C48A8F28317217455373EEDAF7303772D0C2370CD9B553F091E71F7D47B"
"node_modules\wrap-ansi-cjs\node_modules\emoji-regex\index.js","10286","C56978800E47F095CFBFE96712B5E78D150D1F62E32BB4943675213FCE481EF0"
"node_modules\wrap-ansi-cjs\node_modules\emoji-regex\LICENSE-MIT.txt","1077","483ACB265F182907D1CAF6CFF9C16C96F31325ED23792832CC5D8B12D5F88C8A"
"node_modules\wrap-ansi-cjs\node_modules\emoji-regex\package.json","1278","7BEC29B9CA68F2C4BECC60E866C2F9342ECDC89FAB39841A818CCD9EDA15C148"
"node_modules\wrap-ansi-cjs\node_modules\emoji-regex\README.md","2691","83FA2A1A5A1DD7318B99CB17C76927B775098D8FFF0D3136C00303E4A7D0B267"
"node_modules\wrap-ansi-cjs\node_modules\emoji-regex\text.js","10287","4BAE97C68C68CC8C56FA873FCBCBAF6869DA926F3F38DDD9CB6CA22E8F60DA41"
"node_modules\wrap-ansi-cjs\node_modules\emoji-regex\es2015\index.js","11104","8718DEA4D28647912918DBA60545890DC10AE672BFB186B6EC0AF3FC5E826137"
"node_modules\wrap-ansi-cjs\node_modules\emoji-regex\es2015\text.js","11105","AAD6B3F580511FE1FD70AE4DDADFF4F4EC6BD5143F1A53B93C7E16EAF608D552"
"node_modules\wrap-ansi-cjs\node_modules\string-width\index.d.ts","792","08F234E8871DACF59E1F194FD83C11D002D8D4D488F7BE138900755E3E637A24"
"node_modules\wrap-ansi-cjs\node_modules\string-width\index.js","923","ED69EA4F757130E46DC48A0CC31BEB6257E61A31C70936D82B8A3F02FFD64DF5"
"node_modules\wrap-ansi-cjs\node_modules\string-width\license","1109","48DA2F39E100D4085767E94966B43F4FA95FF6A0698FBA57ED460914E35F94A0"
"node_modules\wrap-ansi-cjs\node_modules\string-width\package.json","941","6457A02418F004FE5D3FBBB19C7CBCC1450A8B887FF9A471DC6985AC83A48D36"
"node_modules\wrap-ansi-cjs\node_modules\string-width\readme.md","1396","CD4AAF53CC7DF4210595512D1FDFCD78B671DA703A7E695673FCECC167EC66A3"
"node_modules\wrap-ansi-cjs\node_modules\strip-ansi\index.d.ts","369","4B0F7F88FC46A672CB59EEB2782AF271C203600D602F57A717EF07F96092CAF8"
"node_modules\wrap-ansi-cjs\node_modules\strip-ansi\index.js","154","BF37CD692BF030C2EC270945BC26AA8B19AD379FA5916F12304758F709AB0978"
"node_modules\wrap-ansi-cjs\node_modules\strip-ansi\license","1109","48DA2F39E100D4085767E94966B43F4FA95FF6A0698FBA57ED460914E35F94A0"
"node_modules\wrap-ansi-cjs\node_modules\strip-ansi\package.json","798","0130850B9DA0584F54CC20D3DAB6365C807E9436AC78E016D5009EFA99BD0530"
"node_modules\wrap-ansi-cjs\node_modules\strip-ansi\readme.md","1599","CB384DB30337ECEC75919B4C69AAB67358B4F4E384406956687894B6D777413B"
"node_modules\wrappy\LICENSE","765","4EC3D4C66CD87F5C8D8AD911B10F99BF27CB00CDFCFF82621956E379186B016B"
"node_modules\wrappy\package.json","606","712AC9C4C3CEF8BC79F42CF6075FF18551F4CB768F35158214FD643853AD7ABC"
"node_modules\wrappy\README.md","685","0D2537E86A9E5AE85D8E53910D779895179035C9DAA35555874EC19F1225C224"
"node_modules\wrappy\wrappy.js","905","153453C4D84A3C2F13589C37055A7DAFF61D48475DCCE554F7EEDAD15FC7B3E5"
"node_modules\yallist\iterator.js","207","D02451FA396DE7F9EC93CC6FB3B07AAA7BE637ACB3409A9DDEBD1C2DE9279C1A"
"node_modules\yallist\LICENSE","765","4EC3D4C66CD87F5C8D8AD911B10F99BF27CB00CDFCFF82621956E379186B016B"
"node_modules\yallist\package.json","652","C56B604BCE814520105739E9559142EA9D4417454EBB933FD5687CA1D8D89BD5"
"node_modules\yallist\README.md","4717","CF293896DC0C704E9ED655EBB43341CC1AC5D0B2214F78377BED4370B7C6DD0F"
"node_modules\yallist\yallist.js","8411","69A10F726D26F8D804A3DEAEAC89F0106DDFA03D576D13971002FFFC8F0E8A56"
